-- HotWind Seed Data
-- Generated: 2025-10-27T17:47:51.685750
-- Period: 2024-01-01 to 2024-12-31

BEGIN;

-- Countries
INSERT INTO countries (country_code, country_name) VALUES ('US', 'United States');
INSERT INTO countries (country_code, country_name) VALUES ('DE', 'Germany');
INSERT INTO countries (country_code, country_name) VALUES ('CN', 'China');
INSERT INTO countries (country_code, country_name) VALUES ('PL', 'Poland');
INSERT INTO countries (country_code, country_name) VALUES ('UA', 'Ukraine');

-- Currencies
INSERT INTO currencies (currency_code, currency_name, symbol) VALUES ('UAH', 'Ukrainian Hryvnia', '₴');
INSERT INTO currencies (currency_code, currency_name, symbol) VALUES ('USD', 'US Dollar', '$');
INSERT INTO currencies (currency_code, currency_name, symbol) VALUES ('EUR', 'Euro', '€');
INSERT INTO currencies (currency_code, currency_name, symbol) VALUES ('CNY', 'Chinese Yuan', '¥');
INSERT INTO currencies (currency_code, currency_name, symbol) VALUES ('PLN', 'Polish Zloty', 'zł');

-- Exchange Rates (1 year, daily)
INSERT INTO exchange_rates (from_currency, to_currency, rate_date, exchange_rate) VALUES ('USD', 'UAH', '2024-01-01', 38.500000);
INSERT INTO exchange_rates (from_currency, to_currency, rate_date, exchange_rate) VALUES ('USD', 'UAH', '2024-01-02', 38.054056);
INSERT INTO exchange_rates (from_currency, to_currency, rate_date, exchange_rate) VALUES ('USD', 'UAH', '2024-01-03', 37.534656);
INSERT INTO exchange_rates (from_currency, to_currency, rate_date, exchange_rate) VALUES ('USD', 'UAH', '2024-01-04', 36.963064);
INSERT INTO exchange_rates (from_currency, to_currency, rate_date, exchange_rate) VALUES ('USD', 'UAH', '2024-01-05', 36.640672);
INSERT INTO exchange_rates (from_currency, to_currency, rate_date, exchange_rate) VALUES ('USD', 'UAH', '2024-01-06', 36.542719);
INSERT INTO exchange_rates (from_currency, to_currency, rate_date, exchange_rate) VALUES ('USD', 'UAH', '2024-01-07', 37.292336);
INSERT INTO exchange_rates (from_currency, to_currency, rate_date, exchange_rate) VALUES ('USD', 'UAH', '2024-01-08', 36.965017);
INSERT INTO exchange_rates (from_currency, to_currency, rate_date, exchange_rate) VALUES ('USD', 'UAH', '2024-01-09', 35.880000);
INSERT INTO exchange_rates (from_currency, to_currency, rate_date, exchange_rate) VALUES ('USD', 'UAH', '2024-01-10', 35.486691);
INSERT INTO exchange_rates (from_currency, to_currency, rate_date, exchange_rate) VALUES ('USD', 'UAH', '2024-01-11', 36.177710);
INSERT INTO exchange_rates (from_currency, to_currency, rate_date, exchange_rate) VALUES ('USD', 'UAH', '2024-01-12', 36.307074);
INSERT INTO exchange_rates (from_currency, to_currency, rate_date, exchange_rate) VALUES ('USD', 'UAH', '2024-01-13', 36.100799);
INSERT INTO exchange_rates (from_currency, to_currency, rate_date, exchange_rate) VALUES ('USD', 'UAH', '2024-01-14', 35.654948);
INSERT INTO exchange_rates (from_currency, to_currency, rate_date, exchange_rate) VALUES ('USD', 'UAH', '2024-01-15', 35.391580);
INSERT INTO exchange_rates (from_currency, to_currency, rate_date, exchange_rate) VALUES ('USD', 'UAH', '2024-01-16', 36.710027);
INSERT INTO exchange_rates (from_currency, to_currency, rate_date, exchange_rate) VALUES ('USD', 'UAH', '2024-01-17', 36.435605);
INSERT INTO exchange_rates (from_currency, to_currency, rate_date, exchange_rate) VALUES ('USD', 'UAH', '2024-01-18', 36.567948);
INSERT INTO exchange_rates (from_currency, to_currency, rate_date, exchange_rate) VALUES ('USD', 'UAH', '2024-01-19', 36.425010);
INSERT INTO exchange_rates (from_currency, to_currency, rate_date, exchange_rate) VALUES ('USD', 'UAH', '2024-01-20', 36.955707);
INSERT INTO exchange_rates (from_currency, to_currency, rate_date, exchange_rate) VALUES ('USD', 'UAH', '2024-01-21', 36.391190);
INSERT INTO exchange_rates (from_currency, to_currency, rate_date, exchange_rate) VALUES ('USD', 'UAH', '2024-01-22', 36.027998);
INSERT INTO exchange_rates (from_currency, to_currency, rate_date, exchange_rate) VALUES ('USD', 'UAH', '2024-01-23', 36.447459);
INSERT INTO exchange_rates (from_currency, to_currency, rate_date, exchange_rate) VALUES ('USD', 'UAH', '2024-01-24', 36.335342);
INSERT INTO exchange_rates (from_currency, to_currency, rate_date, exchange_rate) VALUES ('USD', 'UAH', '2024-01-25', 35.723026);
INSERT INTO exchange_rates (from_currency, to_currency, rate_date, exchange_rate) VALUES ('USD', 'UAH', '2024-01-26', 35.265118);
INSERT INTO exchange_rates (from_currency, to_currency, rate_date, exchange_rate) VALUES ('USD', 'UAH', '2024-01-27', 34.774558);
INSERT INTO exchange_rates (from_currency, to_currency, rate_date, exchange_rate) VALUES ('USD', 'UAH', '2024-01-28', 34.494106);
INSERT INTO exchange_rates (from_currency, to_currency, rate_date, exchange_rate) VALUES ('USD', 'UAH', '2024-01-29', 35.000920);
INSERT INTO exchange_rates (from_currency, to_currency, rate_date, exchange_rate) VALUES ('USD', 'UAH', '2024-01-30', 34.990757);
INSERT INTO exchange_rates (from_currency, to_currency, rate_date, exchange_rate) VALUES ('USD', 'UAH', '2024-01-31', 35.227941);
INSERT INTO exchange_rates (from_currency, to_currency, rate_date, exchange_rate) VALUES ('USD', 'UAH', '2024-02-01', 36.089180);
INSERT INTO exchange_rates (from_currency, to_currency, rate_date, exchange_rate) VALUES ('USD', 'UAH', '2024-02-02', 36.303654);
INSERT INTO exchange_rates (from_currency, to_currency, rate_date, exchange_rate) VALUES ('USD', 'UAH', '2024-02-03', 36.820918);
INSERT INTO exchange_rates (from_currency, to_currency, rate_date, exchange_rate) VALUES ('USD', 'UAH', '2024-02-04', 35.737813);
INSERT INTO exchange_rates (from_currency, to_currency, rate_date, exchange_rate) VALUES ('USD', 'UAH', '2024-02-05', 35.577350);
INSERT INTO exchange_rates (from_currency, to_currency, rate_date, exchange_rate) VALUES ('USD', 'UAH', '2024-02-06', 35.513505);
INSERT INTO exchange_rates (from_currency, to_currency, rate_date, exchange_rate) VALUES ('USD', 'UAH', '2024-02-07', 35.545220);
INSERT INTO exchange_rates (from_currency, to_currency, rate_date, exchange_rate) VALUES ('USD', 'UAH', '2024-02-08', 35.992945);
INSERT INTO exchange_rates (from_currency, to_currency, rate_date, exchange_rate) VALUES ('USD', 'UAH', '2024-02-09', 35.058496);
INSERT INTO exchange_rates (from_currency, to_currency, rate_date, exchange_rate) VALUES ('USD', 'UAH', '2024-02-10', 35.266349);
INSERT INTO exchange_rates (from_currency, to_currency, rate_date, exchange_rate) VALUES ('USD', 'UAH', '2024-02-11', 35.476313);
INSERT INTO exchange_rates (from_currency, to_currency, rate_date, exchange_rate) VALUES ('USD', 'UAH', '2024-02-12', 35.131348);
INSERT INTO exchange_rates (from_currency, to_currency, rate_date, exchange_rate) VALUES ('USD', 'UAH', '2024-02-13', 34.622559);
INSERT INTO exchange_rates (from_currency, to_currency, rate_date, exchange_rate) VALUES ('USD', 'UAH', '2024-02-14', 33.552748);
INSERT INTO exchange_rates (from_currency, to_currency, rate_date, exchange_rate) VALUES ('USD', 'UAH', '2024-02-15', 32.597054);
INSERT INTO exchange_rates (from_currency, to_currency, rate_date, exchange_rate) VALUES ('USD', 'UAH', '2024-02-16', 32.428061);
INSERT INTO exchange_rates (from_currency, to_currency, rate_date, exchange_rate) VALUES ('USD', 'UAH', '2024-02-17', 32.951395);
INSERT INTO exchange_rates (from_currency, to_currency, rate_date, exchange_rate) VALUES ('USD', 'UAH', '2024-02-18', 32.749427);
INSERT INTO exchange_rates (from_currency, to_currency, rate_date, exchange_rate) VALUES ('USD', 'UAH', '2024-02-19', 33.480282);
INSERT INTO exchange_rates (from_currency, to_currency, rate_date, exchange_rate) VALUES ('USD', 'UAH', '2024-02-20', 33.774106);
INSERT INTO exchange_rates (from_currency, to_currency, rate_date, exchange_rate) VALUES ('USD', 'UAH', '2024-02-21', 33.518911);
INSERT INTO exchange_rates (from_currency, to_currency, rate_date, exchange_rate) VALUES ('USD', 'UAH', '2024-02-22', 33.697230);
INSERT INTO exchange_rates (from_currency, to_currency, rate_date, exchange_rate) VALUES ('USD', 'UAH', '2024-02-23', 33.840431);
INSERT INTO exchange_rates (from_currency, to_currency, rate_date, exchange_rate) VALUES ('USD', 'UAH', '2024-02-24', 33.543817);
INSERT INTO exchange_rates (from_currency, to_currency, rate_date, exchange_rate) VALUES ('USD', 'UAH', '2024-02-25', 33.769255);
INSERT INTO exchange_rates (from_currency, to_currency, rate_date, exchange_rate) VALUES ('USD', 'UAH', '2024-02-26', 34.328958);
INSERT INTO exchange_rates (from_currency, to_currency, rate_date, exchange_rate) VALUES ('USD', 'UAH', '2024-02-27', 34.693595);
INSERT INTO exchange_rates (from_currency, to_currency, rate_date, exchange_rate) VALUES ('USD', 'UAH', '2024-02-28', 34.459474);
INSERT INTO exchange_rates (from_currency, to_currency, rate_date, exchange_rate) VALUES ('USD', 'UAH', '2024-02-29', 34.684058);
INSERT INTO exchange_rates (from_currency, to_currency, rate_date, exchange_rate) VALUES ('USD', 'UAH', '2024-03-01', 33.795084);
INSERT INTO exchange_rates (from_currency, to_currency, rate_date, exchange_rate) VALUES ('USD', 'UAH', '2024-03-02', 32.864215);
INSERT INTO exchange_rates (from_currency, to_currency, rate_date, exchange_rate) VALUES ('USD', 'UAH', '2024-03-03', 32.885792);
INSERT INTO exchange_rates (from_currency, to_currency, rate_date, exchange_rate) VALUES ('USD', 'UAH', '2024-03-04', 33.287319);
INSERT INTO exchange_rates (from_currency, to_currency, rate_date, exchange_rate) VALUES ('USD', 'UAH', '2024-03-05', 33.453666);
INSERT INTO exchange_rates (from_currency, to_currency, rate_date, exchange_rate) VALUES ('USD', 'UAH', '2024-03-06', 32.979805);
INSERT INTO exchange_rates (from_currency, to_currency, rate_date, exchange_rate) VALUES ('USD', 'UAH', '2024-03-07', 31.849999);
INSERT INTO exchange_rates (from_currency, to_currency, rate_date, exchange_rate) VALUES ('USD', 'UAH', '2024-03-08', 32.989813);
INSERT INTO exchange_rates (from_currency, to_currency, rate_date, exchange_rate) VALUES ('USD', 'UAH', '2024-03-09', 33.125603);
INSERT INTO exchange_rates (from_currency, to_currency, rate_date, exchange_rate) VALUES ('USD', 'UAH', '2024-03-10', 33.557983);
INSERT INTO exchange_rates (from_currency, to_currency, rate_date, exchange_rate) VALUES ('USD', 'UAH', '2024-03-11', 34.183299);
INSERT INTO exchange_rates (from_currency, to_currency, rate_date, exchange_rate) VALUES ('USD', 'UAH', '2024-03-12', 34.989149);
INSERT INTO exchange_rates (from_currency, to_currency, rate_date, exchange_rate) VALUES ('USD', 'UAH', '2024-03-13', 34.577132);
INSERT INTO exchange_rates (from_currency, to_currency, rate_date, exchange_rate) VALUES ('USD', 'UAH', '2024-03-14', 33.734226);
INSERT INTO exchange_rates (from_currency, to_currency, rate_date, exchange_rate) VALUES ('USD', 'UAH', '2024-03-15', 34.111866);
INSERT INTO exchange_rates (from_currency, to_currency, rate_date, exchange_rate) VALUES ('USD', 'UAH', '2024-03-16', 33.730537);
INSERT INTO exchange_rates (from_currency, to_currency, rate_date, exchange_rate) VALUES ('USD', 'UAH', '2024-03-17', 33.792837);
INSERT INTO exchange_rates (from_currency, to_currency, rate_date, exchange_rate) VALUES ('USD', 'UAH', '2024-03-18', 33.235921);
INSERT INTO exchange_rates (from_currency, to_currency, rate_date, exchange_rate) VALUES ('USD', 'UAH', '2024-03-19', 33.415919);
INSERT INTO exchange_rates (from_currency, to_currency, rate_date, exchange_rate) VALUES ('USD', 'UAH', '2024-03-20', 33.354969);
INSERT INTO exchange_rates (from_currency, to_currency, rate_date, exchange_rate) VALUES ('USD', 'UAH', '2024-03-21', 32.889614);
INSERT INTO exchange_rates (from_currency, to_currency, rate_date, exchange_rate) VALUES ('USD', 'UAH', '2024-03-22', 34.165248);
INSERT INTO exchange_rates (from_currency, to_currency, rate_date, exchange_rate) VALUES ('USD', 'UAH', '2024-03-23', 34.042588);
INSERT INTO exchange_rates (from_currency, to_currency, rate_date, exchange_rate) VALUES ('USD', 'UAH', '2024-03-24', 34.347972);
INSERT INTO exchange_rates (from_currency, to_currency, rate_date, exchange_rate) VALUES ('USD', 'UAH', '2024-03-25', 33.935371);
INSERT INTO exchange_rates (from_currency, to_currency, rate_date, exchange_rate) VALUES ('USD', 'UAH', '2024-03-26', 33.579902);
INSERT INTO exchange_rates (from_currency, to_currency, rate_date, exchange_rate) VALUES ('USD', 'UAH', '2024-03-27', 34.362167);
INSERT INTO exchange_rates (from_currency, to_currency, rate_date, exchange_rate) VALUES ('USD', 'UAH', '2024-03-28', 34.050599);
INSERT INTO exchange_rates (from_currency, to_currency, rate_date, exchange_rate) VALUES ('USD', 'UAH', '2024-03-29', 34.006836);
INSERT INTO exchange_rates (from_currency, to_currency, rate_date, exchange_rate) VALUES ('USD', 'UAH', '2024-03-30', 34.959835);
INSERT INTO exchange_rates (from_currency, to_currency, rate_date, exchange_rate) VALUES ('USD', 'UAH', '2024-03-31', 34.989351);
INSERT INTO exchange_rates (from_currency, to_currency, rate_date, exchange_rate) VALUES ('USD', 'UAH', '2024-04-01', 35.554125);
INSERT INTO exchange_rates (from_currency, to_currency, rate_date, exchange_rate) VALUES ('USD', 'UAH', '2024-04-02', 34.501462);
INSERT INTO exchange_rates (from_currency, to_currency, rate_date, exchange_rate) VALUES ('USD', 'UAH', '2024-04-03', 34.873078);
INSERT INTO exchange_rates (from_currency, to_currency, rate_date, exchange_rate) VALUES ('USD', 'UAH', '2024-04-04', 34.745420);
INSERT INTO exchange_rates (from_currency, to_currency, rate_date, exchange_rate) VALUES ('USD', 'UAH', '2024-04-05', 34.892617);
INSERT INTO exchange_rates (from_currency, to_currency, rate_date, exchange_rate) VALUES ('USD', 'UAH', '2024-04-06', 34.841247);
INSERT INTO exchange_rates (from_currency, to_currency, rate_date, exchange_rate) VALUES ('USD', 'UAH', '2024-04-07', 34.614750);
INSERT INTO exchange_rates (from_currency, to_currency, rate_date, exchange_rate) VALUES ('USD', 'UAH', '2024-04-08', 35.057797);
INSERT INTO exchange_rates (from_currency, to_currency, rate_date, exchange_rate) VALUES ('USD', 'UAH', '2024-04-09', 34.520186);
INSERT INTO exchange_rates (from_currency, to_currency, rate_date, exchange_rate) VALUES ('USD', 'UAH', '2024-04-10', 34.636050);
INSERT INTO exchange_rates (from_currency, to_currency, rate_date, exchange_rate) VALUES ('USD', 'UAH', '2024-04-11', 35.035005);
INSERT INTO exchange_rates (from_currency, to_currency, rate_date, exchange_rate) VALUES ('USD', 'UAH', '2024-04-12', 34.863539);
INSERT INTO exchange_rates (from_currency, to_currency, rate_date, exchange_rate) VALUES ('USD', 'UAH', '2024-04-13', 34.951493);
INSERT INTO exchange_rates (from_currency, to_currency, rate_date, exchange_rate) VALUES ('USD', 'UAH', '2024-04-14', 34.668531);
INSERT INTO exchange_rates (from_currency, to_currency, rate_date, exchange_rate) VALUES ('USD', 'UAH', '2024-04-15', 34.496652);
INSERT INTO exchange_rates (from_currency, to_currency, rate_date, exchange_rate) VALUES ('USD', 'UAH', '2024-04-16', 34.731598);
INSERT INTO exchange_rates (from_currency, to_currency, rate_date, exchange_rate) VALUES ('USD', 'UAH', '2024-04-17', 34.798723);
INSERT INTO exchange_rates (from_currency, to_currency, rate_date, exchange_rate) VALUES ('USD', 'UAH', '2024-04-18', 35.619205);
INSERT INTO exchange_rates (from_currency, to_currency, rate_date, exchange_rate) VALUES ('USD', 'UAH', '2024-04-19', 34.965009);
INSERT INTO exchange_rates (from_currency, to_currency, rate_date, exchange_rate) VALUES ('USD', 'UAH', '2024-04-20', 35.033153);
INSERT INTO exchange_rates (from_currency, to_currency, rate_date, exchange_rate) VALUES ('USD', 'UAH', '2024-04-21', 34.689794);
INSERT INTO exchange_rates (from_currency, to_currency, rate_date, exchange_rate) VALUES ('USD', 'UAH', '2024-04-22', 34.285962);
INSERT INTO exchange_rates (from_currency, to_currency, rate_date, exchange_rate) VALUES ('USD', 'UAH', '2024-04-23', 34.434701);
INSERT INTO exchange_rates (from_currency, to_currency, rate_date, exchange_rate) VALUES ('USD', 'UAH', '2024-04-24', 34.738037);
INSERT INTO exchange_rates (from_currency, to_currency, rate_date, exchange_rate) VALUES ('USD', 'UAH', '2024-04-25', 35.219468);
INSERT INTO exchange_rates (from_currency, to_currency, rate_date, exchange_rate) VALUES ('USD', 'UAH', '2024-04-26', 35.259201);
INSERT INTO exchange_rates (from_currency, to_currency, rate_date, exchange_rate) VALUES ('USD', 'UAH', '2024-04-27', 36.432107);
INSERT INTO exchange_rates (from_currency, to_currency, rate_date, exchange_rate) VALUES ('USD', 'UAH', '2024-04-28', 37.861111);
INSERT INTO exchange_rates (from_currency, to_currency, rate_date, exchange_rate) VALUES ('USD', 'UAH', '2024-04-29', 38.049952);
INSERT INTO exchange_rates (from_currency, to_currency, rate_date, exchange_rate) VALUES ('USD', 'UAH', '2024-04-30', 37.683825);
INSERT INTO exchange_rates (from_currency, to_currency, rate_date, exchange_rate) VALUES ('USD', 'UAH', '2024-05-01', 38.529064);
INSERT INTO exchange_rates (from_currency, to_currency, rate_date, exchange_rate) VALUES ('USD', 'UAH', '2024-05-02', 37.594898);
INSERT INTO exchange_rates (from_currency, to_currency, rate_date, exchange_rate) VALUES ('USD', 'UAH', '2024-05-03', 37.447704);
INSERT INTO exchange_rates (from_currency, to_currency, rate_date, exchange_rate) VALUES ('USD', 'UAH', '2024-05-04', 37.518897);
INSERT INTO exchange_rates (from_currency, to_currency, rate_date, exchange_rate) VALUES ('USD', 'UAH', '2024-05-05', 37.898322);
INSERT INTO exchange_rates (from_currency, to_currency, rate_date, exchange_rate) VALUES ('USD', 'UAH', '2024-05-06', 38.961535);
INSERT INTO exchange_rates (from_currency, to_currency, rate_date, exchange_rate) VALUES ('USD', 'UAH', '2024-05-07', 38.294754);
INSERT INTO exchange_rates (from_currency, to_currency, rate_date, exchange_rate) VALUES ('USD', 'UAH', '2024-05-08', 38.293328);
INSERT INTO exchange_rates (from_currency, to_currency, rate_date, exchange_rate) VALUES ('USD', 'UAH', '2024-05-09', 38.056199);
INSERT INTO exchange_rates (from_currency, to_currency, rate_date, exchange_rate) VALUES ('USD', 'UAH', '2024-05-10', 37.185094);
INSERT INTO exchange_rates (from_currency, to_currency, rate_date, exchange_rate) VALUES ('USD', 'UAH', '2024-05-11', 36.629705);
INSERT INTO exchange_rates (from_currency, to_currency, rate_date, exchange_rate) VALUES ('USD', 'UAH', '2024-05-12', 36.890106);
INSERT INTO exchange_rates (from_currency, to_currency, rate_date, exchange_rate) VALUES ('USD', 'UAH', '2024-05-13', 36.440276);
INSERT INTO exchange_rates (from_currency, to_currency, rate_date, exchange_rate) VALUES ('USD', 'UAH', '2024-05-14', 35.665866);
INSERT INTO exchange_rates (from_currency, to_currency, rate_date, exchange_rate) VALUES ('USD', 'UAH', '2024-05-15', 35.158117);
INSERT INTO exchange_rates (from_currency, to_currency, rate_date, exchange_rate) VALUES ('USD', 'UAH', '2024-05-16', 34.158916);
INSERT INTO exchange_rates (from_currency, to_currency, rate_date, exchange_rate) VALUES ('USD', 'UAH', '2024-05-17', 33.515520);
INSERT INTO exchange_rates (from_currency, to_currency, rate_date, exchange_rate) VALUES ('USD', 'UAH', '2024-05-18', 33.215946);
INSERT INTO exchange_rates (from_currency, to_currency, rate_date, exchange_rate) VALUES ('USD', 'UAH', '2024-05-19', 33.685154);
INSERT INTO exchange_rates (from_currency, to_currency, rate_date, exchange_rate) VALUES ('USD', 'UAH', '2024-05-20', 33.781307);
INSERT INTO exchange_rates (from_currency, to_currency, rate_date, exchange_rate) VALUES ('USD', 'UAH', '2024-05-21', 33.393237);
INSERT INTO exchange_rates (from_currency, to_currency, rate_date, exchange_rate) VALUES ('USD', 'UAH', '2024-05-22', 33.957327);
INSERT INTO exchange_rates (from_currency, to_currency, rate_date, exchange_rate) VALUES ('USD', 'UAH', '2024-05-23', 33.723555);
INSERT INTO exchange_rates (from_currency, to_currency, rate_date, exchange_rate) VALUES ('USD', 'UAH', '2024-05-24', 33.591275);
INSERT INTO exchange_rates (from_currency, to_currency, rate_date, exchange_rate) VALUES ('USD', 'UAH', '2024-05-25', 33.532180);
INSERT INTO exchange_rates (from_currency, to_currency, rate_date, exchange_rate) VALUES ('USD', 'UAH', '2024-05-26', 34.044892);
INSERT INTO exchange_rates (from_currency, to_currency, rate_date, exchange_rate) VALUES ('USD', 'UAH', '2024-05-27', 34.407204);
INSERT INTO exchange_rates (from_currency, to_currency, rate_date, exchange_rate) VALUES ('USD', 'UAH', '2024-05-28', 33.963506);
INSERT INTO exchange_rates (from_currency, to_currency, rate_date, exchange_rate) VALUES ('USD', 'UAH', '2024-05-29', 33.820655);
INSERT INTO exchange_rates (from_currency, to_currency, rate_date, exchange_rate) VALUES ('USD', 'UAH', '2024-05-30', 33.267637);
INSERT INTO exchange_rates (from_currency, to_currency, rate_date, exchange_rate) VALUES ('USD', 'UAH', '2024-05-31', 32.922160);
INSERT INTO exchange_rates (from_currency, to_currency, rate_date, exchange_rate) VALUES ('USD', 'UAH', '2024-06-01', 33.185098);
INSERT INTO exchange_rates (from_currency, to_currency, rate_date, exchange_rate) VALUES ('USD', 'UAH', '2024-06-02', 33.038709);
INSERT INTO exchange_rates (from_currency, to_currency, rate_date, exchange_rate) VALUES ('USD', 'UAH', '2024-06-03', 32.546584);
INSERT INTO exchange_rates (from_currency, to_currency, rate_date, exchange_rate) VALUES ('USD', 'UAH', '2024-06-04', 32.941372);
INSERT INTO exchange_rates (from_currency, to_currency, rate_date, exchange_rate) VALUES ('USD', 'UAH', '2024-06-05', 32.931502);
INSERT INTO exchange_rates (from_currency, to_currency, rate_date, exchange_rate) VALUES ('USD', 'UAH', '2024-06-06', 33.522344);
INSERT INTO exchange_rates (from_currency, to_currency, rate_date, exchange_rate) VALUES ('USD', 'UAH', '2024-06-07', 33.008876);
INSERT INTO exchange_rates (from_currency, to_currency, rate_date, exchange_rate) VALUES ('USD', 'UAH', '2024-06-08', 32.907433);
INSERT INTO exchange_rates (from_currency, to_currency, rate_date, exchange_rate) VALUES ('USD', 'UAH', '2024-06-09', 33.166786);
INSERT INTO exchange_rates (from_currency, to_currency, rate_date, exchange_rate) VALUES ('USD', 'UAH', '2024-06-10', 32.575191);
INSERT INTO exchange_rates (from_currency, to_currency, rate_date, exchange_rate) VALUES ('USD', 'UAH', '2024-06-11', 32.537236);
INSERT INTO exchange_rates (from_currency, to_currency, rate_date, exchange_rate) VALUES ('USD', 'UAH', '2024-06-12', 32.637852);
INSERT INTO exchange_rates (from_currency, to_currency, rate_date, exchange_rate) VALUES ('USD', 'UAH', '2024-06-13', 32.690236);
INSERT INTO exchange_rates (from_currency, to_currency, rate_date, exchange_rate) VALUES ('USD', 'UAH', '2024-06-14', 32.400678);
INSERT INTO exchange_rates (from_currency, to_currency, rate_date, exchange_rate) VALUES ('USD', 'UAH', '2024-06-15', 32.553521);
INSERT INTO exchange_rates (from_currency, to_currency, rate_date, exchange_rate) VALUES ('USD', 'UAH', '2024-06-16', 32.666241);
INSERT INTO exchange_rates (from_currency, to_currency, rate_date, exchange_rate) VALUES ('USD', 'UAH', '2024-06-17', 32.986788);
INSERT INTO exchange_rates (from_currency, to_currency, rate_date, exchange_rate) VALUES ('USD', 'UAH', '2024-06-18', 33.113160);
INSERT INTO exchange_rates (from_currency, to_currency, rate_date, exchange_rate) VALUES ('USD', 'UAH', '2024-06-19', 33.939709);
INSERT INTO exchange_rates (from_currency, to_currency, rate_date, exchange_rate) VALUES ('USD', 'UAH', '2024-06-20', 32.647119);
INSERT INTO exchange_rates (from_currency, to_currency, rate_date, exchange_rate) VALUES ('USD', 'UAH', '2024-06-21', 32.847345);
INSERT INTO exchange_rates (from_currency, to_currency, rate_date, exchange_rate) VALUES ('USD', 'UAH', '2024-06-22', 32.552943);
INSERT INTO exchange_rates (from_currency, to_currency, rate_date, exchange_rate) VALUES ('USD', 'UAH', '2024-06-23', 32.223348);
INSERT INTO exchange_rates (from_currency, to_currency, rate_date, exchange_rate) VALUES ('USD', 'UAH', '2024-06-24', 32.290953);
INSERT INTO exchange_rates (from_currency, to_currency, rate_date, exchange_rate) VALUES ('USD', 'UAH', '2024-06-25', 32.546775);
INSERT INTO exchange_rates (from_currency, to_currency, rate_date, exchange_rate) VALUES ('USD', 'UAH', '2024-06-26', 32.355769);
INSERT INTO exchange_rates (from_currency, to_currency, rate_date, exchange_rate) VALUES ('USD', 'UAH', '2024-06-27', 32.983985);
INSERT INTO exchange_rates (from_currency, to_currency, rate_date, exchange_rate) VALUES ('USD', 'UAH', '2024-06-28', 32.568343);
INSERT INTO exchange_rates (from_currency, to_currency, rate_date, exchange_rate) VALUES ('USD', 'UAH', '2024-06-29', 32.208504);
INSERT INTO exchange_rates (from_currency, to_currency, rate_date, exchange_rate) VALUES ('USD', 'UAH', '2024-06-30', 32.414490);
INSERT INTO exchange_rates (from_currency, to_currency, rate_date, exchange_rate) VALUES ('USD', 'UAH', '2024-07-01', 32.804170);
INSERT INTO exchange_rates (from_currency, to_currency, rate_date, exchange_rate) VALUES ('USD', 'UAH', '2024-07-02', 32.107058);
INSERT INTO exchange_rates (from_currency, to_currency, rate_date, exchange_rate) VALUES ('USD', 'UAH', '2024-07-03', 31.941474);
INSERT INTO exchange_rates (from_currency, to_currency, rate_date, exchange_rate) VALUES ('USD', 'UAH', '2024-07-04', 31.563151);
INSERT INTO exchange_rates (from_currency, to_currency, rate_date, exchange_rate) VALUES ('USD', 'UAH', '2024-07-05', 32.278034);
INSERT INTO exchange_rates (from_currency, to_currency, rate_date, exchange_rate) VALUES ('USD', 'UAH', '2024-07-06', 32.208382);
INSERT INTO exchange_rates (from_currency, to_currency, rate_date, exchange_rate) VALUES ('USD', 'UAH', '2024-07-07', 32.799002);
INSERT INTO exchange_rates (from_currency, to_currency, rate_date, exchange_rate) VALUES ('USD', 'UAH', '2024-07-08', 32.694175);
INSERT INTO exchange_rates (from_currency, to_currency, rate_date, exchange_rate) VALUES ('USD', 'UAH', '2024-07-09', 32.562506);
INSERT INTO exchange_rates (from_currency, to_currency, rate_date, exchange_rate) VALUES ('USD', 'UAH', '2024-07-10', 32.169089);
INSERT INTO exchange_rates (from_currency, to_currency, rate_date, exchange_rate) VALUES ('USD', 'UAH', '2024-07-11', 32.222744);
INSERT INTO exchange_rates (from_currency, to_currency, rate_date, exchange_rate) VALUES ('USD', 'UAH', '2024-07-12', 33.283359);
INSERT INTO exchange_rates (from_currency, to_currency, rate_date, exchange_rate) VALUES ('USD', 'UAH', '2024-07-13', 33.504470);
INSERT INTO exchange_rates (from_currency, to_currency, rate_date, exchange_rate) VALUES ('USD', 'UAH', '2024-07-14', 33.740405);
INSERT INTO exchange_rates (from_currency, to_currency, rate_date, exchange_rate) VALUES ('USD', 'UAH', '2024-07-15', 33.182898);
INSERT INTO exchange_rates (from_currency, to_currency, rate_date, exchange_rate) VALUES ('USD', 'UAH', '2024-07-16', 33.327785);
INSERT INTO exchange_rates (from_currency, to_currency, rate_date, exchange_rate) VALUES ('USD', 'UAH', '2024-07-17', 33.869222);
INSERT INTO exchange_rates (from_currency, to_currency, rate_date, exchange_rate) VALUES ('USD', 'UAH', '2024-07-18', 34.211496);
INSERT INTO exchange_rates (from_currency, to_currency, rate_date, exchange_rate) VALUES ('USD', 'UAH', '2024-07-19', 34.227729);
INSERT INTO exchange_rates (from_currency, to_currency, rate_date, exchange_rate) VALUES ('USD', 'UAH', '2024-07-20', 33.536003);
INSERT INTO exchange_rates (from_currency, to_currency, rate_date, exchange_rate) VALUES ('USD', 'UAH', '2024-07-21', 32.707435);
INSERT INTO exchange_rates (from_currency, to_currency, rate_date, exchange_rate) VALUES ('USD', 'UAH', '2024-07-22', 33.116694);
INSERT INTO exchange_rates (from_currency, to_currency, rate_date, exchange_rate) VALUES ('USD', 'UAH', '2024-07-23', 33.207928);
INSERT INTO exchange_rates (from_currency, to_currency, rate_date, exchange_rate) VALUES ('USD', 'UAH', '2024-07-24', 33.656455);
INSERT INTO exchange_rates (from_currency, to_currency, rate_date, exchange_rate) VALUES ('USD', 'UAH', '2024-07-25', 33.586108);
INSERT INTO exchange_rates (from_currency, to_currency, rate_date, exchange_rate) VALUES ('USD', 'UAH', '2024-07-26', 33.389278);
INSERT INTO exchange_rates (from_currency, to_currency, rate_date, exchange_rate) VALUES ('USD', 'UAH', '2024-07-27', 33.305256);
INSERT INTO exchange_rates (from_currency, to_currency, rate_date, exchange_rate) VALUES ('USD', 'UAH', '2024-07-28', 33.472468);
INSERT INTO exchange_rates (from_currency, to_currency, rate_date, exchange_rate) VALUES ('USD', 'UAH', '2024-07-29', 33.715682);
INSERT INTO exchange_rates (from_currency, to_currency, rate_date, exchange_rate) VALUES ('USD', 'UAH', '2024-07-30', 33.978695);
INSERT INTO exchange_rates (from_currency, to_currency, rate_date, exchange_rate) VALUES ('USD', 'UAH', '2024-07-31', 34.291654);
INSERT INTO exchange_rates (from_currency, to_currency, rate_date, exchange_rate) VALUES ('USD', 'UAH', '2024-08-01', 35.104888);
INSERT INTO exchange_rates (from_currency, to_currency, rate_date, exchange_rate) VALUES ('USD', 'UAH', '2024-08-02', 34.377642);
INSERT INTO exchange_rates (from_currency, to_currency, rate_date, exchange_rate) VALUES ('USD', 'UAH', '2024-08-03', 34.773802);
INSERT INTO exchange_rates (from_currency, to_currency, rate_date, exchange_rate) VALUES ('USD', 'UAH', '2024-08-04', 34.351744);
INSERT INTO exchange_rates (from_currency, to_currency, rate_date, exchange_rate) VALUES ('USD', 'UAH', '2024-08-05', 33.979239);
INSERT INTO exchange_rates (from_currency, to_currency, rate_date, exchange_rate) VALUES ('USD', 'UAH', '2024-08-06', 34.575061);
INSERT INTO exchange_rates (from_currency, to_currency, rate_date, exchange_rate) VALUES ('USD', 'UAH', '2024-08-07', 34.947069);
INSERT INTO exchange_rates (from_currency, to_currency, rate_date, exchange_rate) VALUES ('USD', 'UAH', '2024-08-08', 34.260706);
INSERT INTO exchange_rates (from_currency, to_currency, rate_date, exchange_rate) VALUES ('USD', 'UAH', '2024-08-09', 34.490062);
INSERT INTO exchange_rates (from_currency, to_currency, rate_date, exchange_rate) VALUES ('USD', 'UAH', '2024-08-10', 34.435297);
INSERT INTO exchange_rates (from_currency, to_currency, rate_date, exchange_rate) VALUES ('USD', 'UAH', '2024-08-11', 35.063466);
INSERT INTO exchange_rates (from_currency, to_currency, rate_date, exchange_rate) VALUES ('USD', 'UAH', '2024-08-12', 34.933648);
INSERT INTO exchange_rates (from_currency, to_currency, rate_date, exchange_rate) VALUES ('USD', 'UAH', '2024-08-13', 34.250363);
INSERT INTO exchange_rates (from_currency, to_currency, rate_date, exchange_rate) VALUES ('USD', 'UAH', '2024-08-14', 34.419395);
INSERT INTO exchange_rates (from_currency, to_currency, rate_date, exchange_rate) VALUES ('USD', 'UAH', '2024-08-15', 34.104218);
INSERT INTO exchange_rates (from_currency, to_currency, rate_date, exchange_rate) VALUES ('USD', 'UAH', '2024-08-16', 33.480538);
INSERT INTO exchange_rates (from_currency, to_currency, rate_date, exchange_rate) VALUES ('USD', 'UAH', '2024-08-17', 33.051321);
INSERT INTO exchange_rates (from_currency, to_currency, rate_date, exchange_rate) VALUES ('USD', 'UAH', '2024-08-18', 33.635140);
INSERT INTO exchange_rates (from_currency, to_currency, rate_date, exchange_rate) VALUES ('USD', 'UAH', '2024-08-19', 34.460819);
INSERT INTO exchange_rates (from_currency, to_currency, rate_date, exchange_rate) VALUES ('USD', 'UAH', '2024-08-20', 34.821443);
INSERT INTO exchange_rates (from_currency, to_currency, rate_date, exchange_rate) VALUES ('USD', 'UAH', '2024-08-21', 34.354663);
INSERT INTO exchange_rates (from_currency, to_currency, rate_date, exchange_rate) VALUES ('USD', 'UAH', '2024-08-22', 34.580824);
INSERT INTO exchange_rates (from_currency, to_currency, rate_date, exchange_rate) VALUES ('USD', 'UAH', '2024-08-23', 34.012030);
INSERT INTO exchange_rates (from_currency, to_currency, rate_date, exchange_rate) VALUES ('USD', 'UAH', '2024-08-24', 33.554734);
INSERT INTO exchange_rates (from_currency, to_currency, rate_date, exchange_rate) VALUES ('USD', 'UAH', '2024-08-25', 33.200568);
INSERT INTO exchange_rates (from_currency, to_currency, rate_date, exchange_rate) VALUES ('USD', 'UAH', '2024-08-26', 33.431338);
INSERT INTO exchange_rates (from_currency, to_currency, rate_date, exchange_rate) VALUES ('USD', 'UAH', '2024-08-27', 34.213360);
INSERT INTO exchange_rates (from_currency, to_currency, rate_date, exchange_rate) VALUES ('USD', 'UAH', '2024-08-28', 34.305947);
INSERT INTO exchange_rates (from_currency, to_currency, rate_date, exchange_rate) VALUES ('USD', 'UAH', '2024-08-29', 33.989483);
INSERT INTO exchange_rates (from_currency, to_currency, rate_date, exchange_rate) VALUES ('USD', 'UAH', '2024-08-30', 33.849531);
INSERT INTO exchange_rates (from_currency, to_currency, rate_date, exchange_rate) VALUES ('USD', 'UAH', '2024-08-31', 33.781513);
INSERT INTO exchange_rates (from_currency, to_currency, rate_date, exchange_rate) VALUES ('USD', 'UAH', '2024-09-01', 33.363788);
INSERT INTO exchange_rates (from_currency, to_currency, rate_date, exchange_rate) VALUES ('USD', 'UAH', '2024-09-02', 33.592876);
INSERT INTO exchange_rates (from_currency, to_currency, rate_date, exchange_rate) VALUES ('USD', 'UAH', '2024-09-03', 33.483348);
INSERT INTO exchange_rates (from_currency, to_currency, rate_date, exchange_rate) VALUES ('USD', 'UAH', '2024-09-04', 33.632578);
INSERT INTO exchange_rates (from_currency, to_currency, rate_date, exchange_rate) VALUES ('USD', 'UAH', '2024-09-05', 34.696899);
INSERT INTO exchange_rates (from_currency, to_currency, rate_date, exchange_rate) VALUES ('USD', 'UAH', '2024-09-06', 34.206747);
INSERT INTO exchange_rates (from_currency, to_currency, rate_date, exchange_rate) VALUES ('USD', 'UAH', '2024-09-07', 33.979403);
INSERT INTO exchange_rates (from_currency, to_currency, rate_date, exchange_rate) VALUES ('USD', 'UAH', '2024-09-08', 35.399466);
INSERT INTO exchange_rates (from_currency, to_currency, rate_date, exchange_rate) VALUES ('USD', 'UAH', '2024-09-09', 35.884646);
INSERT INTO exchange_rates (from_currency, to_currency, rate_date, exchange_rate) VALUES ('USD', 'UAH', '2024-09-10', 35.272254);
INSERT INTO exchange_rates (from_currency, to_currency, rate_date, exchange_rate) VALUES ('USD', 'UAH', '2024-09-11', 34.171898);
INSERT INTO exchange_rates (from_currency, to_currency, rate_date, exchange_rate) VALUES ('USD', 'UAH', '2024-09-12', 34.635425);
INSERT INTO exchange_rates (from_currency, to_currency, rate_date, exchange_rate) VALUES ('USD', 'UAH', '2024-09-13', 34.474196);
INSERT INTO exchange_rates (from_currency, to_currency, rate_date, exchange_rate) VALUES ('USD', 'UAH', '2024-09-14', 35.068120);
INSERT INTO exchange_rates (from_currency, to_currency, rate_date, exchange_rate) VALUES ('USD', 'UAH', '2024-09-15', 34.934153);
INSERT INTO exchange_rates (from_currency, to_currency, rate_date, exchange_rate) VALUES ('USD', 'UAH', '2024-09-16', 35.116249);
INSERT INTO exchange_rates (from_currency, to_currency, rate_date, exchange_rate) VALUES ('USD', 'UAH', '2024-09-17', 34.509716);
INSERT INTO exchange_rates (from_currency, to_currency, rate_date, exchange_rate) VALUES ('USD', 'UAH', '2024-09-18', 35.351862);
INSERT INTO exchange_rates (from_currency, to_currency, rate_date, exchange_rate) VALUES ('USD', 'UAH', '2024-09-19', 35.411622);
INSERT INTO exchange_rates (from_currency, to_currency, rate_date, exchange_rate) VALUES ('USD', 'UAH', '2024-09-20', 35.363982);
INSERT INTO exchange_rates (from_currency, to_currency, rate_date, exchange_rate) VALUES ('USD', 'UAH', '2024-09-21', 35.785256);
INSERT INTO exchange_rates (from_currency, to_currency, rate_date, exchange_rate) VALUES ('USD', 'UAH', '2024-09-22', 35.776651);
INSERT INTO exchange_rates (from_currency, to_currency, rate_date, exchange_rate) VALUES ('USD', 'UAH', '2024-09-23', 35.551666);
INSERT INTO exchange_rates (from_currency, to_currency, rate_date, exchange_rate) VALUES ('USD', 'UAH', '2024-09-24', 34.898423);
INSERT INTO exchange_rates (from_currency, to_currency, rate_date, exchange_rate) VALUES ('USD', 'UAH', '2024-09-25', 34.203532);
INSERT INTO exchange_rates (from_currency, to_currency, rate_date, exchange_rate) VALUES ('USD', 'UAH', '2024-09-26', 34.559177);
INSERT INTO exchange_rates (from_currency, to_currency, rate_date, exchange_rate) VALUES ('USD', 'UAH', '2024-09-27', 34.390031);
INSERT INTO exchange_rates (from_currency, to_currency, rate_date, exchange_rate) VALUES ('USD', 'UAH', '2024-09-28', 33.985451);
INSERT INTO exchange_rates (from_currency, to_currency, rate_date, exchange_rate) VALUES ('USD', 'UAH', '2024-09-29', 34.141319);
INSERT INTO exchange_rates (from_currency, to_currency, rate_date, exchange_rate) VALUES ('USD', 'UAH', '2024-09-30', 33.767272);
INSERT INTO exchange_rates (from_currency, to_currency, rate_date, exchange_rate) VALUES ('USD', 'UAH', '2024-10-01', 34.568671);
INSERT INTO exchange_rates (from_currency, to_currency, rate_date, exchange_rate) VALUES ('USD', 'UAH', '2024-10-02', 34.366065);
INSERT INTO exchange_rates (from_currency, to_currency, rate_date, exchange_rate) VALUES ('USD', 'UAH', '2024-10-03', 34.084997);
INSERT INTO exchange_rates (from_currency, to_currency, rate_date, exchange_rate) VALUES ('USD', 'UAH', '2024-10-04', 34.059790);
INSERT INTO exchange_rates (from_currency, to_currency, rate_date, exchange_rate) VALUES ('USD', 'UAH', '2024-10-05', 34.460797);
INSERT INTO exchange_rates (from_currency, to_currency, rate_date, exchange_rate) VALUES ('USD', 'UAH', '2024-10-06', 35.558457);
INSERT INTO exchange_rates (from_currency, to_currency, rate_date, exchange_rate) VALUES ('USD', 'UAH', '2024-10-07', 35.565259);
INSERT INTO exchange_rates (from_currency, to_currency, rate_date, exchange_rate) VALUES ('USD', 'UAH', '2024-10-08', 35.578334);
INSERT INTO exchange_rates (from_currency, to_currency, rate_date, exchange_rate) VALUES ('USD', 'UAH', '2024-10-09', 35.396872);
INSERT INTO exchange_rates (from_currency, to_currency, rate_date, exchange_rate) VALUES ('USD', 'UAH', '2024-10-10', 35.106214);
INSERT INTO exchange_rates (from_currency, to_currency, rate_date, exchange_rate) VALUES ('USD', 'UAH', '2024-10-11', 34.025822);
INSERT INTO exchange_rates (from_currency, to_currency, rate_date, exchange_rate) VALUES ('USD', 'UAH', '2024-10-12', 33.930803);
INSERT INTO exchange_rates (from_currency, to_currency, rate_date, exchange_rate) VALUES ('USD', 'UAH', '2024-10-13', 33.202643);
INSERT INTO exchange_rates (from_currency, to_currency, rate_date, exchange_rate) VALUES ('USD', 'UAH', '2024-10-14', 33.187676);
INSERT INTO exchange_rates (from_currency, to_currency, rate_date, exchange_rate) VALUES ('USD', 'UAH', '2024-10-15', 33.244035);
INSERT INTO exchange_rates (from_currency, to_currency, rate_date, exchange_rate) VALUES ('USD', 'UAH', '2024-10-16', 33.274766);
INSERT INTO exchange_rates (from_currency, to_currency, rate_date, exchange_rate) VALUES ('USD', 'UAH', '2024-10-17', 32.744861);
INSERT INTO exchange_rates (from_currency, to_currency, rate_date, exchange_rate) VALUES ('USD', 'UAH', '2024-10-18', 32.406360);
INSERT INTO exchange_rates (from_currency, to_currency, rate_date, exchange_rate) VALUES ('USD', 'UAH', '2024-10-19', 32.169045);
INSERT INTO exchange_rates (from_currency, to_currency, rate_date, exchange_rate) VALUES ('USD', 'UAH', '2024-10-20', 31.997109);
INSERT INTO exchange_rates (from_currency, to_currency, rate_date, exchange_rate) VALUES ('USD', 'UAH', '2024-10-21', 31.597440);
INSERT INTO exchange_rates (from_currency, to_currency, rate_date, exchange_rate) VALUES ('USD', 'UAH', '2024-10-22', 32.146370);
INSERT INTO exchange_rates (from_currency, to_currency, rate_date, exchange_rate) VALUES ('USD', 'UAH', '2024-10-23', 33.063516);
INSERT INTO exchange_rates (from_currency, to_currency, rate_date, exchange_rate) VALUES ('USD', 'UAH', '2024-10-24', 32.676635);
INSERT INTO exchange_rates (from_currency, to_currency, rate_date, exchange_rate) VALUES ('USD', 'UAH', '2024-10-25', 31.983390);
INSERT INTO exchange_rates (from_currency, to_currency, rate_date, exchange_rate) VALUES ('USD', 'UAH', '2024-10-26', 33.329364);
INSERT INTO exchange_rates (from_currency, to_currency, rate_date, exchange_rate) VALUES ('USD', 'UAH', '2024-10-27', 33.853502);
INSERT INTO exchange_rates (from_currency, to_currency, rate_date, exchange_rate) VALUES ('USD', 'UAH', '2024-10-28', 33.414462);
INSERT INTO exchange_rates (from_currency, to_currency, rate_date, exchange_rate) VALUES ('USD', 'UAH', '2024-10-29', 32.631394);
INSERT INTO exchange_rates (from_currency, to_currency, rate_date, exchange_rate) VALUES ('USD', 'UAH', '2024-10-30', 32.048744);
INSERT INTO exchange_rates (from_currency, to_currency, rate_date, exchange_rate) VALUES ('USD', 'UAH', '2024-10-31', 32.096915);
INSERT INTO exchange_rates (from_currency, to_currency, rate_date, exchange_rate) VALUES ('USD', 'UAH', '2024-11-01', 32.281128);
INSERT INTO exchange_rates (from_currency, to_currency, rate_date, exchange_rate) VALUES ('USD', 'UAH', '2024-11-02', 32.430199);
INSERT INTO exchange_rates (from_currency, to_currency, rate_date, exchange_rate) VALUES ('USD', 'UAH', '2024-11-03', 32.864225);
INSERT INTO exchange_rates (from_currency, to_currency, rate_date, exchange_rate) VALUES ('USD', 'UAH', '2024-11-04', 33.042516);
INSERT INTO exchange_rates (from_currency, to_currency, rate_date, exchange_rate) VALUES ('USD', 'UAH', '2024-11-05', 33.110307);
INSERT INTO exchange_rates (from_currency, to_currency, rate_date, exchange_rate) VALUES ('USD', 'UAH', '2024-11-06', 33.395788);
INSERT INTO exchange_rates (from_currency, to_currency, rate_date, exchange_rate) VALUES ('USD', 'UAH', '2024-11-07', 32.981923);
INSERT INTO exchange_rates (from_currency, to_currency, rate_date, exchange_rate) VALUES ('USD', 'UAH', '2024-11-08', 33.070782);
INSERT INTO exchange_rates (from_currency, to_currency, rate_date, exchange_rate) VALUES ('USD', 'UAH', '2024-11-09', 32.766154);
INSERT INTO exchange_rates (from_currency, to_currency, rate_date, exchange_rate) VALUES ('USD', 'UAH', '2024-11-10', 33.338155);
INSERT INTO exchange_rates (from_currency, to_currency, rate_date, exchange_rate) VALUES ('USD', 'UAH', '2024-11-11', 33.177902);
INSERT INTO exchange_rates (from_currency, to_currency, rate_date, exchange_rate) VALUES ('USD', 'UAH', '2024-11-12', 33.319210);
INSERT INTO exchange_rates (from_currency, to_currency, rate_date, exchange_rate) VALUES ('USD', 'UAH', '2024-11-13', 33.876894);
INSERT INTO exchange_rates (from_currency, to_currency, rate_date, exchange_rate) VALUES ('USD', 'UAH', '2024-11-14', 34.039807);
INSERT INTO exchange_rates (from_currency, to_currency, rate_date, exchange_rate) VALUES ('USD', 'UAH', '2024-11-15', 33.921083);
INSERT INTO exchange_rates (from_currency, to_currency, rate_date, exchange_rate) VALUES ('USD', 'UAH', '2024-11-16', 33.887218);
INSERT INTO exchange_rates (from_currency, to_currency, rate_date, exchange_rate) VALUES ('USD', 'UAH', '2024-11-17', 33.682105);
INSERT INTO exchange_rates (from_currency, to_currency, rate_date, exchange_rate) VALUES ('USD', 'UAH', '2024-11-18', 33.797304);
INSERT INTO exchange_rates (from_currency, to_currency, rate_date, exchange_rate) VALUES ('USD', 'UAH', '2024-11-19', 33.616580);
INSERT INTO exchange_rates (from_currency, to_currency, rate_date, exchange_rate) VALUES ('USD', 'UAH', '2024-11-20', 33.716378);
INSERT INTO exchange_rates (from_currency, to_currency, rate_date, exchange_rate) VALUES ('USD', 'UAH', '2024-11-21', 33.247825);
INSERT INTO exchange_rates (from_currency, to_currency, rate_date, exchange_rate) VALUES ('USD', 'UAH', '2024-11-22', 33.453854);
INSERT INTO exchange_rates (from_currency, to_currency, rate_date, exchange_rate) VALUES ('USD', 'UAH', '2024-11-23', 33.910498);
INSERT INTO exchange_rates (from_currency, to_currency, rate_date, exchange_rate) VALUES ('USD', 'UAH', '2024-11-24', 34.003937);
INSERT INTO exchange_rates (from_currency, to_currency, rate_date, exchange_rate) VALUES ('USD', 'UAH', '2024-11-25', 34.490990);
INSERT INTO exchange_rates (from_currency, to_currency, rate_date, exchange_rate) VALUES ('USD', 'UAH', '2024-11-26', 33.895473);
INSERT INTO exchange_rates (from_currency, to_currency, rate_date, exchange_rate) VALUES ('USD', 'UAH', '2024-11-27', 33.414621);
INSERT INTO exchange_rates (from_currency, to_currency, rate_date, exchange_rate) VALUES ('USD', 'UAH', '2024-11-28', 33.223327);
INSERT INTO exchange_rates (from_currency, to_currency, rate_date, exchange_rate) VALUES ('USD', 'UAH', '2024-11-29', 33.441991);
INSERT INTO exchange_rates (from_currency, to_currency, rate_date, exchange_rate) VALUES ('USD', 'UAH', '2024-11-30', 32.520370);
INSERT INTO exchange_rates (from_currency, to_currency, rate_date, exchange_rate) VALUES ('USD', 'UAH', '2024-12-01', 33.529880);
INSERT INTO exchange_rates (from_currency, to_currency, rate_date, exchange_rate) VALUES ('USD', 'UAH', '2024-12-02', 34.614539);
INSERT INTO exchange_rates (from_currency, to_currency, rate_date, exchange_rate) VALUES ('USD', 'UAH', '2024-12-03', 33.487621);
INSERT INTO exchange_rates (from_currency, to_currency, rate_date, exchange_rate) VALUES ('USD', 'UAH', '2024-12-04', 33.584040);
INSERT INTO exchange_rates (from_currency, to_currency, rate_date, exchange_rate) VALUES ('USD', 'UAH', '2024-12-05', 33.714411);
INSERT INTO exchange_rates (from_currency, to_currency, rate_date, exchange_rate) VALUES ('USD', 'UAH', '2024-12-06', 34.005235);
INSERT INTO exchange_rates (from_currency, to_currency, rate_date, exchange_rate) VALUES ('USD', 'UAH', '2024-12-07', 33.686305);
INSERT INTO exchange_rates (from_currency, to_currency, rate_date, exchange_rate) VALUES ('USD', 'UAH', '2024-12-08', 33.455957);
INSERT INTO exchange_rates (from_currency, to_currency, rate_date, exchange_rate) VALUES ('USD', 'UAH', '2024-12-09', 33.134070);
INSERT INTO exchange_rates (from_currency, to_currency, rate_date, exchange_rate) VALUES ('USD', 'UAH', '2024-12-10', 33.149595);
INSERT INTO exchange_rates (from_currency, to_currency, rate_date, exchange_rate) VALUES ('USD', 'UAH', '2024-12-11', 33.117165);
INSERT INTO exchange_rates (from_currency, to_currency, rate_date, exchange_rate) VALUES ('USD', 'UAH', '2024-12-12', 32.302195);
INSERT INTO exchange_rates (from_currency, to_currency, rate_date, exchange_rate) VALUES ('USD', 'UAH', '2024-12-13', 31.665114);
INSERT INTO exchange_rates (from_currency, to_currency, rate_date, exchange_rate) VALUES ('USD', 'UAH', '2024-12-14', 31.416542);
INSERT INTO exchange_rates (from_currency, to_currency, rate_date, exchange_rate) VALUES ('USD', 'UAH', '2024-12-15', 30.712248);
INSERT INTO exchange_rates (from_currency, to_currency, rate_date, exchange_rate) VALUES ('USD', 'UAH', '2024-12-16', 30.012632);
INSERT INTO exchange_rates (from_currency, to_currency, rate_date, exchange_rate) VALUES ('USD', 'UAH', '2024-12-17', 30.238833);
INSERT INTO exchange_rates (from_currency, to_currency, rate_date, exchange_rate) VALUES ('USD', 'UAH', '2024-12-18', 30.733749);
INSERT INTO exchange_rates (from_currency, to_currency, rate_date, exchange_rate) VALUES ('USD', 'UAH', '2024-12-19', 30.226204);
INSERT INTO exchange_rates (from_currency, to_currency, rate_date, exchange_rate) VALUES ('USD', 'UAH', '2024-12-20', 30.262392);
INSERT INTO exchange_rates (from_currency, to_currency, rate_date, exchange_rate) VALUES ('USD', 'UAH', '2024-12-21', 31.513287);
INSERT INTO exchange_rates (from_currency, to_currency, rate_date, exchange_rate) VALUES ('USD', 'UAH', '2024-12-22', 31.409045);
INSERT INTO exchange_rates (from_currency, to_currency, rate_date, exchange_rate) VALUES ('USD', 'UAH', '2024-12-23', 31.428152);
INSERT INTO exchange_rates (from_currency, to_currency, rate_date, exchange_rate) VALUES ('USD', 'UAH', '2024-12-24', 31.334998);
INSERT INTO exchange_rates (from_currency, to_currency, rate_date, exchange_rate) VALUES ('USD', 'UAH', '2024-12-25', 30.570297);
INSERT INTO exchange_rates (from_currency, to_currency, rate_date, exchange_rate) VALUES ('USD', 'UAH', '2024-12-26', 30.500718);
INSERT INTO exchange_rates (from_currency, to_currency, rate_date, exchange_rate) VALUES ('USD', 'UAH', '2024-12-27', 30.357556);
INSERT INTO exchange_rates (from_currency, to_currency, rate_date, exchange_rate) VALUES ('USD', 'UAH', '2024-12-28', 29.624269);
INSERT INTO exchange_rates (from_currency, to_currency, rate_date, exchange_rate) VALUES ('USD', 'UAH', '2024-12-29', 30.198406);
INSERT INTO exchange_rates (from_currency, to_currency, rate_date, exchange_rate) VALUES ('USD', 'UAH', '2024-12-30', 30.746696);
INSERT INTO exchange_rates (from_currency, to_currency, rate_date, exchange_rate) VALUES ('USD', 'UAH', '2024-12-31', 30.330176);
INSERT INTO exchange_rates (from_currency, to_currency, rate_date, exchange_rate) VALUES ('EUR', 'UAH', '2024-01-01', 42.300000);
INSERT INTO exchange_rates (from_currency, to_currency, rate_date, exchange_rate) VALUES ('EUR', 'UAH', '2024-01-02', 42.733052);
INSERT INTO exchange_rates (from_currency, to_currency, rate_date, exchange_rate) VALUES ('EUR', 'UAH', '2024-01-03', 43.189167);
INSERT INTO exchange_rates (from_currency, to_currency, rate_date, exchange_rate) VALUES ('EUR', 'UAH', '2024-01-04', 42.447832);
INSERT INTO exchange_rates (from_currency, to_currency, rate_date, exchange_rate) VALUES ('EUR', 'UAH', '2024-01-05', 41.782632);
INSERT INTO exchange_rates (from_currency, to_currency, rate_date, exchange_rate) VALUES ('EUR', 'UAH', '2024-01-06', 41.662214);
INSERT INTO exchange_rates (from_currency, to_currency, rate_date, exchange_rate) VALUES ('EUR', 'UAH', '2024-01-07', 41.350371);
INSERT INTO exchange_rates (from_currency, to_currency, rate_date, exchange_rate) VALUES ('EUR', 'UAH', '2024-01-08', 41.232275);
INSERT INTO exchange_rates (from_currency, to_currency, rate_date, exchange_rate) VALUES ('EUR', 'UAH', '2024-01-09', 41.892618);
INSERT INTO exchange_rates (from_currency, to_currency, rate_date, exchange_rate) VALUES ('EUR', 'UAH', '2024-01-10', 41.015744);
INSERT INTO exchange_rates (from_currency, to_currency, rate_date, exchange_rate) VALUES ('EUR', 'UAH', '2024-01-11', 40.551108);
INSERT INTO exchange_rates (from_currency, to_currency, rate_date, exchange_rate) VALUES ('EUR', 'UAH', '2024-01-12', 40.382414);
INSERT INTO exchange_rates (from_currency, to_currency, rate_date, exchange_rate) VALUES ('EUR', 'UAH', '2024-01-13', 40.283347);
INSERT INTO exchange_rates (from_currency, to_currency, rate_date, exchange_rate) VALUES ('EUR', 'UAH', '2024-01-14', 40.731812);
INSERT INTO exchange_rates (from_currency, to_currency, rate_date, exchange_rate) VALUES ('EUR', 'UAH', '2024-01-15', 40.636445);
INSERT INTO exchange_rates (from_currency, to_currency, rate_date, exchange_rate) VALUES ('EUR', 'UAH', '2024-01-16', 41.215587);
INSERT INTO exchange_rates (from_currency, to_currency, rate_date, exchange_rate) VALUES ('EUR', 'UAH', '2024-01-17', 40.865191);
INSERT INTO exchange_rates (from_currency, to_currency, rate_date, exchange_rate) VALUES ('EUR', 'UAH', '2024-01-18', 41.235012);
INSERT INTO exchange_rates (from_currency, to_currency, rate_date, exchange_rate) VALUES ('EUR', 'UAH', '2024-01-19', 40.886500);
INSERT INTO exchange_rates (from_currency, to_currency, rate_date, exchange_rate) VALUES ('EUR', 'UAH', '2024-01-20', 41.924718);
INSERT INTO exchange_rates (from_currency, to_currency, rate_date, exchange_rate) VALUES ('EUR', 'UAH', '2024-01-21', 42.175364);
INSERT INTO exchange_rates (from_currency, to_currency, rate_date, exchange_rate) VALUES ('EUR', 'UAH', '2024-01-22', 41.624203);
INSERT INTO exchange_rates (from_currency, to_currency, rate_date, exchange_rate) VALUES ('EUR', 'UAH', '2024-01-23', 42.269144);
INSERT INTO exchange_rates (from_currency, to_currency, rate_date, exchange_rate) VALUES ('EUR', 'UAH', '2024-01-24', 42.193951);
INSERT INTO exchange_rates (from_currency, to_currency, rate_date, exchange_rate) VALUES ('EUR', 'UAH', '2024-01-25', 43.054021);
INSERT INTO exchange_rates (from_currency, to_currency, rate_date, exchange_rate) VALUES ('EUR', 'UAH', '2024-01-26', 42.991142);
INSERT INTO exchange_rates (from_currency, to_currency, rate_date, exchange_rate) VALUES ('EUR', 'UAH', '2024-01-27', 43.160294);
INSERT INTO exchange_rates (from_currency, to_currency, rate_date, exchange_rate) VALUES ('EUR', 'UAH', '2024-01-28', 43.863352);
INSERT INTO exchange_rates (from_currency, to_currency, rate_date, exchange_rate) VALUES ('EUR', 'UAH', '2024-01-29', 43.941383);
INSERT INTO exchange_rates (from_currency, to_currency, rate_date, exchange_rate) VALUES ('EUR', 'UAH', '2024-01-30', 43.821917);
INSERT INTO exchange_rates (from_currency, to_currency, rate_date, exchange_rate) VALUES ('EUR', 'UAH', '2024-01-31', 44.375057);
INSERT INTO exchange_rates (from_currency, to_currency, rate_date, exchange_rate) VALUES ('EUR', 'UAH', '2024-02-01', 44.251216);
INSERT INTO exchange_rates (from_currency, to_currency, rate_date, exchange_rate) VALUES ('EUR', 'UAH', '2024-02-02', 44.422722);
INSERT INTO exchange_rates (from_currency, to_currency, rate_date, exchange_rate) VALUES ('EUR', 'UAH', '2024-02-03', 44.189624);
INSERT INTO exchange_rates (from_currency, to_currency, rate_date, exchange_rate) VALUES ('EUR', 'UAH', '2024-02-04', 44.604070);
INSERT INTO exchange_rates (from_currency, to_currency, rate_date, exchange_rate) VALUES ('EUR', 'UAH', '2024-02-05', 43.748703);
INSERT INTO exchange_rates (from_currency, to_currency, rate_date, exchange_rate) VALUES ('EUR', 'UAH', '2024-02-06', 43.505061);
INSERT INTO exchange_rates (from_currency, to_currency, rate_date, exchange_rate) VALUES ('EUR', 'UAH', '2024-02-07', 43.814135);
INSERT INTO exchange_rates (from_currency, to_currency, rate_date, exchange_rate) VALUES ('EUR', 'UAH', '2024-02-08', 44.929331);
INSERT INTO exchange_rates (from_currency, to_currency, rate_date, exchange_rate) VALUES ('EUR', 'UAH', '2024-02-09', 44.275126);
INSERT INTO exchange_rates (from_currency, to_currency, rate_date, exchange_rate) VALUES ('EUR', 'UAH', '2024-02-10', 44.694761);
INSERT INTO exchange_rates (from_currency, to_currency, rate_date, exchange_rate) VALUES ('EUR', 'UAH', '2024-02-11', 44.173703);
INSERT INTO exchange_rates (from_currency, to_currency, rate_date, exchange_rate) VALUES ('EUR', 'UAH', '2024-02-12', 44.594639);
INSERT INTO exchange_rates (from_currency, to_currency, rate_date, exchange_rate) VALUES ('EUR', 'UAH', '2024-02-13', 43.508835);
INSERT INTO exchange_rates (from_currency, to_currency, rate_date, exchange_rate) VALUES ('EUR', 'UAH', '2024-02-14', 42.969957);
INSERT INTO exchange_rates (from_currency, to_currency, rate_date, exchange_rate) VALUES ('EUR', 'UAH', '2024-02-15', 43.819435);
INSERT INTO exchange_rates (from_currency, to_currency, rate_date, exchange_rate) VALUES ('EUR', 'UAH', '2024-02-16', 43.605770);
INSERT INTO exchange_rates (from_currency, to_currency, rate_date, exchange_rate) VALUES ('EUR', 'UAH', '2024-02-17', 43.671847);
INSERT INTO exchange_rates (from_currency, to_currency, rate_date, exchange_rate) VALUES ('EUR', 'UAH', '2024-02-18', 43.700778);
INSERT INTO exchange_rates (from_currency, to_currency, rate_date, exchange_rate) VALUES ('EUR', 'UAH', '2024-02-19', 43.221166);
INSERT INTO exchange_rates (from_currency, to_currency, rate_date, exchange_rate) VALUES ('EUR', 'UAH', '2024-02-20', 42.695959);
INSERT INTO exchange_rates (from_currency, to_currency, rate_date, exchange_rate) VALUES ('EUR', 'UAH', '2024-02-21', 42.189081);
INSERT INTO exchange_rates (from_currency, to_currency, rate_date, exchange_rate) VALUES ('EUR', 'UAH', '2024-02-22', 41.988117);
INSERT INTO exchange_rates (from_currency, to_currency, rate_date, exchange_rate) VALUES ('EUR', 'UAH', '2024-02-23', 42.325787);
INSERT INTO exchange_rates (from_currency, to_currency, rate_date, exchange_rate) VALUES ('EUR', 'UAH', '2024-02-24', 41.900398);
INSERT INTO exchange_rates (from_currency, to_currency, rate_date, exchange_rate) VALUES ('EUR', 'UAH', '2024-02-25', 42.651973);
INSERT INTO exchange_rates (from_currency, to_currency, rate_date, exchange_rate) VALUES ('EUR', 'UAH', '2024-02-26', 43.049563);
INSERT INTO exchange_rates (from_currency, to_currency, rate_date, exchange_rate) VALUES ('EUR', 'UAH', '2024-02-27', 43.785281);
INSERT INTO exchange_rates (from_currency, to_currency, rate_date, exchange_rate) VALUES ('EUR', 'UAH', '2024-02-28', 45.157062);
INSERT INTO exchange_rates (from_currency, to_currency, rate_date, exchange_rate) VALUES ('EUR', 'UAH', '2024-02-29', 45.810215);
INSERT INTO exchange_rates (from_currency, to_currency, rate_date, exchange_rate) VALUES ('EUR', 'UAH', '2024-03-01', 45.869406);
INSERT INTO exchange_rates (from_currency, to_currency, rate_date, exchange_rate) VALUES ('EUR', 'UAH', '2024-03-02', 46.612040);
INSERT INTO exchange_rates (from_currency, to_currency, rate_date, exchange_rate) VALUES ('EUR', 'UAH', '2024-03-03', 46.041340);
INSERT INTO exchange_rates (from_currency, to_currency, rate_date, exchange_rate) VALUES ('EUR', 'UAH', '2024-03-04', 47.296945);
INSERT INTO exchange_rates (from_currency, to_currency, rate_date, exchange_rate) VALUES ('EUR', 'UAH', '2024-03-05', 48.336998);
INSERT INTO exchange_rates (from_currency, to_currency, rate_date, exchange_rate) VALUES ('EUR', 'UAH', '2024-03-06', 47.221455);
INSERT INTO exchange_rates (from_currency, to_currency, rate_date, exchange_rate) VALUES ('EUR', 'UAH', '2024-03-07', 47.170653);
INSERT INTO exchange_rates (from_currency, to_currency, rate_date, exchange_rate) VALUES ('EUR', 'UAH', '2024-03-08', 46.203220);
INSERT INTO exchange_rates (from_currency, to_currency, rate_date, exchange_rate) VALUES ('EUR', 'UAH', '2024-03-09', 45.229491);
INSERT INTO exchange_rates (from_currency, to_currency, rate_date, exchange_rate) VALUES ('EUR', 'UAH', '2024-03-10', 44.260532);
INSERT INTO exchange_rates (from_currency, to_currency, rate_date, exchange_rate) VALUES ('EUR', 'UAH', '2024-03-11', 43.954503);
INSERT INTO exchange_rates (from_currency, to_currency, rate_date, exchange_rate) VALUES ('EUR', 'UAH', '2024-03-12', 43.821709);
INSERT INTO exchange_rates (from_currency, to_currency, rate_date, exchange_rate) VALUES ('EUR', 'UAH', '2024-03-13', 43.988667);
INSERT INTO exchange_rates (from_currency, to_currency, rate_date, exchange_rate) VALUES ('EUR', 'UAH', '2024-03-14', 44.493247);
INSERT INTO exchange_rates (from_currency, to_currency, rate_date, exchange_rate) VALUES ('EUR', 'UAH', '2024-03-15', 44.873209);
INSERT INTO exchange_rates (from_currency, to_currency, rate_date, exchange_rate) VALUES ('EUR', 'UAH', '2024-03-16', 46.630868);
INSERT INTO exchange_rates (from_currency, to_currency, rate_date, exchange_rate) VALUES ('EUR', 'UAH', '2024-03-17', 47.883178);
INSERT INTO exchange_rates (from_currency, to_currency, rate_date, exchange_rate) VALUES ('EUR', 'UAH', '2024-03-18', 48.256869);
INSERT INTO exchange_rates (from_currency, to_currency, rate_date, exchange_rate) VALUES ('EUR', 'UAH', '2024-03-19', 49.205045);
INSERT INTO exchange_rates (from_currency, to_currency, rate_date, exchange_rate) VALUES ('EUR', 'UAH', '2024-03-20', 49.503440);
INSERT INTO exchange_rates (from_currency, to_currency, rate_date, exchange_rate) VALUES ('EUR', 'UAH', '2024-03-21', 50.385402);
INSERT INTO exchange_rates (from_currency, to_currency, rate_date, exchange_rate) VALUES ('EUR', 'UAH', '2024-03-22', 49.886165);
INSERT INTO exchange_rates (from_currency, to_currency, rate_date, exchange_rate) VALUES ('EUR', 'UAH', '2024-03-23', 49.559920);
INSERT INTO exchange_rates (from_currency, to_currency, rate_date, exchange_rate) VALUES ('EUR', 'UAH', '2024-03-24', 48.914972);
INSERT INTO exchange_rates (from_currency, to_currency, rate_date, exchange_rate) VALUES ('EUR', 'UAH', '2024-03-25', 48.972887);
INSERT INTO exchange_rates (from_currency, to_currency, rate_date, exchange_rate) VALUES ('EUR', 'UAH', '2024-03-26', 47.842042);
INSERT INTO exchange_rates (from_currency, to_currency, rate_date, exchange_rate) VALUES ('EUR', 'UAH', '2024-03-27', 48.367008);
INSERT INTO exchange_rates (from_currency, to_currency, rate_date, exchange_rate) VALUES ('EUR', 'UAH', '2024-03-28', 48.697791);
INSERT INTO exchange_rates (from_currency, to_currency, rate_date, exchange_rate) VALUES ('EUR', 'UAH', '2024-03-29', 49.417466);
INSERT INTO exchange_rates (from_currency, to_currency, rate_date, exchange_rate) VALUES ('EUR', 'UAH', '2024-03-30', 49.024343);
INSERT INTO exchange_rates (from_currency, to_currency, rate_date, exchange_rate) VALUES ('EUR', 'UAH', '2024-03-31', 49.762038);
INSERT INTO exchange_rates (from_currency, to_currency, rate_date, exchange_rate) VALUES ('EUR', 'UAH', '2024-04-01', 50.666918);
INSERT INTO exchange_rates (from_currency, to_currency, rate_date, exchange_rate) VALUES ('EUR', 'UAH', '2024-04-02', 50.608801);
INSERT INTO exchange_rates (from_currency, to_currency, rate_date, exchange_rate) VALUES ('EUR', 'UAH', '2024-04-03', 50.627437);
INSERT INTO exchange_rates (from_currency, to_currency, rate_date, exchange_rate) VALUES ('EUR', 'UAH', '2024-04-04', 52.682870);
INSERT INTO exchange_rates (from_currency, to_currency, rate_date, exchange_rate) VALUES ('EUR', 'UAH', '2024-04-05', 51.748148);
INSERT INTO exchange_rates (from_currency, to_currency, rate_date, exchange_rate) VALUES ('EUR', 'UAH', '2024-04-06', 51.556078);
INSERT INTO exchange_rates (from_currency, to_currency, rate_date, exchange_rate) VALUES ('EUR', 'UAH', '2024-04-07', 52.571031);
INSERT INTO exchange_rates (from_currency, to_currency, rate_date, exchange_rate) VALUES ('EUR', 'UAH', '2024-04-08', 52.281958);
INSERT INTO exchange_rates (from_currency, to_currency, rate_date, exchange_rate) VALUES ('EUR', 'UAH', '2024-04-09', 52.726640);
INSERT INTO exchange_rates (from_currency, to_currency, rate_date, exchange_rate) VALUES ('EUR', 'UAH', '2024-04-10', 52.964781);
INSERT INTO exchange_rates (from_currency, to_currency, rate_date, exchange_rate) VALUES ('EUR', 'UAH', '2024-04-11', 52.523241);
INSERT INTO exchange_rates (from_currency, to_currency, rate_date, exchange_rate) VALUES ('EUR', 'UAH', '2024-04-12', 52.665083);
INSERT INTO exchange_rates (from_currency, to_currency, rate_date, exchange_rate) VALUES ('EUR', 'UAH', '2024-04-13', 53.388722);
INSERT INTO exchange_rates (from_currency, to_currency, rate_date, exchange_rate) VALUES ('EUR', 'UAH', '2024-04-14', 53.257222);
INSERT INTO exchange_rates (from_currency, to_currency, rate_date, exchange_rate) VALUES ('EUR', 'UAH', '2024-04-15', 53.820265);
INSERT INTO exchange_rates (from_currency, to_currency, rate_date, exchange_rate) VALUES ('EUR', 'UAH', '2024-04-16', 54.460274);
INSERT INTO exchange_rates (from_currency, to_currency, rate_date, exchange_rate) VALUES ('EUR', 'UAH', '2024-04-17', 54.020828);
INSERT INTO exchange_rates (from_currency, to_currency, rate_date, exchange_rate) VALUES ('EUR', 'UAH', '2024-04-18', 52.605956);
INSERT INTO exchange_rates (from_currency, to_currency, rate_date, exchange_rate) VALUES ('EUR', 'UAH', '2024-04-19', 52.744041);
INSERT INTO exchange_rates (from_currency, to_currency, rate_date, exchange_rate) VALUES ('EUR', 'UAH', '2024-04-20', 52.875175);
INSERT INTO exchange_rates (from_currency, to_currency, rate_date, exchange_rate) VALUES ('EUR', 'UAH', '2024-04-21', 53.359736);
INSERT INTO exchange_rates (from_currency, to_currency, rate_date, exchange_rate) VALUES ('EUR', 'UAH', '2024-04-22', 52.816428);
INSERT INTO exchange_rates (from_currency, to_currency, rate_date, exchange_rate) VALUES ('EUR', 'UAH', '2024-04-23', 52.809116);
INSERT INTO exchange_rates (from_currency, to_currency, rate_date, exchange_rate) VALUES ('EUR', 'UAH', '2024-04-24', 52.021634);
INSERT INTO exchange_rates (from_currency, to_currency, rate_date, exchange_rate) VALUES ('EUR', 'UAH', '2024-04-25', 53.283827);
INSERT INTO exchange_rates (from_currency, to_currency, rate_date, exchange_rate) VALUES ('EUR', 'UAH', '2024-04-26', 50.912170);
INSERT INTO exchange_rates (from_currency, to_currency, rate_date, exchange_rate) VALUES ('EUR', 'UAH', '2024-04-27', 53.335208);
INSERT INTO exchange_rates (from_currency, to_currency, rate_date, exchange_rate) VALUES ('EUR', 'UAH', '2024-04-28', 53.652972);
INSERT INTO exchange_rates (from_currency, to_currency, rate_date, exchange_rate) VALUES ('EUR', 'UAH', '2024-04-29', 53.709708);
INSERT INTO exchange_rates (from_currency, to_currency, rate_date, exchange_rate) VALUES ('EUR', 'UAH', '2024-04-30', 53.085372);
INSERT INTO exchange_rates (from_currency, to_currency, rate_date, exchange_rate) VALUES ('EUR', 'UAH', '2024-05-01', 54.191204);
INSERT INTO exchange_rates (from_currency, to_currency, rate_date, exchange_rate) VALUES ('EUR', 'UAH', '2024-05-02', 54.237590);
INSERT INTO exchange_rates (from_currency, to_currency, rate_date, exchange_rate) VALUES ('EUR', 'UAH', '2024-05-03', 54.868569);
INSERT INTO exchange_rates (from_currency, to_currency, rate_date, exchange_rate) VALUES ('EUR', 'UAH', '2024-05-04', 53.808800);
INSERT INTO exchange_rates (from_currency, to_currency, rate_date, exchange_rate) VALUES ('EUR', 'UAH', '2024-05-05', 53.969994);
INSERT INTO exchange_rates (from_currency, to_currency, rate_date, exchange_rate) VALUES ('EUR', 'UAH', '2024-05-06', 53.666031);
INSERT INTO exchange_rates (from_currency, to_currency, rate_date, exchange_rate) VALUES ('EUR', 'UAH', '2024-05-07', 54.243542);
INSERT INTO exchange_rates (from_currency, to_currency, rate_date, exchange_rate) VALUES ('EUR', 'UAH', '2024-05-08', 53.995176);
INSERT INTO exchange_rates (from_currency, to_currency, rate_date, exchange_rate) VALUES ('EUR', 'UAH', '2024-05-09', 54.691743);
INSERT INTO exchange_rates (from_currency, to_currency, rate_date, exchange_rate) VALUES ('EUR', 'UAH', '2024-05-10', 55.328708);
INSERT INTO exchange_rates (from_currency, to_currency, rate_date, exchange_rate) VALUES ('EUR', 'UAH', '2024-05-11', 55.515084);
INSERT INTO exchange_rates (from_currency, to_currency, rate_date, exchange_rate) VALUES ('EUR', 'UAH', '2024-05-12', 56.418712);
INSERT INTO exchange_rates (from_currency, to_currency, rate_date, exchange_rate) VALUES ('EUR', 'UAH', '2024-05-13', 56.585821);
INSERT INTO exchange_rates (from_currency, to_currency, rate_date, exchange_rate) VALUES ('EUR', 'UAH', '2024-05-14', 56.031108);
INSERT INTO exchange_rates (from_currency, to_currency, rate_date, exchange_rate) VALUES ('EUR', 'UAH', '2024-05-15', 55.368905);
INSERT INTO exchange_rates (from_currency, to_currency, rate_date, exchange_rate) VALUES ('EUR', 'UAH', '2024-05-16', 57.179462);
INSERT INTO exchange_rates (from_currency, to_currency, rate_date, exchange_rate) VALUES ('EUR', 'UAH', '2024-05-17', 57.212976);
INSERT INTO exchange_rates (from_currency, to_currency, rate_date, exchange_rate) VALUES ('EUR', 'UAH', '2024-05-18', 57.972931);
INSERT INTO exchange_rates (from_currency, to_currency, rate_date, exchange_rate) VALUES ('EUR', 'UAH', '2024-05-19', 58.118822);
INSERT INTO exchange_rates (from_currency, to_currency, rate_date, exchange_rate) VALUES ('EUR', 'UAH', '2024-05-20', 57.056674);
INSERT INTO exchange_rates (from_currency, to_currency, rate_date, exchange_rate) VALUES ('EUR', 'UAH', '2024-05-21', 57.612779);
INSERT INTO exchange_rates (from_currency, to_currency, rate_date, exchange_rate) VALUES ('EUR', 'UAH', '2024-05-22', 57.715877);
INSERT INTO exchange_rates (from_currency, to_currency, rate_date, exchange_rate) VALUES ('EUR', 'UAH', '2024-05-23', 58.447372);
INSERT INTO exchange_rates (from_currency, to_currency, rate_date, exchange_rate) VALUES ('EUR', 'UAH', '2024-05-24', 58.324716);
INSERT INTO exchange_rates (from_currency, to_currency, rate_date, exchange_rate) VALUES ('EUR', 'UAH', '2024-05-25', 59.033126);
INSERT INTO exchange_rates (from_currency, to_currency, rate_date, exchange_rate) VALUES ('EUR', 'UAH', '2024-05-26', 58.472881);
INSERT INTO exchange_rates (from_currency, to_currency, rate_date, exchange_rate) VALUES ('EUR', 'UAH', '2024-05-27', 58.471168);
INSERT INTO exchange_rates (from_currency, to_currency, rate_date, exchange_rate) VALUES ('EUR', 'UAH', '2024-05-28', 57.902076);
INSERT INTO exchange_rates (from_currency, to_currency, rate_date, exchange_rate) VALUES ('EUR', 'UAH', '2024-05-29', 57.679409);
INSERT INTO exchange_rates (from_currency, to_currency, rate_date, exchange_rate) VALUES ('EUR', 'UAH', '2024-05-30', 58.597030);
INSERT INTO exchange_rates (from_currency, to_currency, rate_date, exchange_rate) VALUES ('EUR', 'UAH', '2024-05-31', 60.039733);
INSERT INTO exchange_rates (from_currency, to_currency, rate_date, exchange_rate) VALUES ('EUR', 'UAH', '2024-06-01', 61.278153);
INSERT INTO exchange_rates (from_currency, to_currency, rate_date, exchange_rate) VALUES ('EUR', 'UAH', '2024-06-02', 60.594738);
INSERT INTO exchange_rates (from_currency, to_currency, rate_date, exchange_rate) VALUES ('EUR', 'UAH', '2024-06-03', 60.611238);
INSERT INTO exchange_rates (from_currency, to_currency, rate_date, exchange_rate) VALUES ('EUR', 'UAH', '2024-06-04', 62.112700);
INSERT INTO exchange_rates (from_currency, to_currency, rate_date, exchange_rate) VALUES ('EUR', 'UAH', '2024-06-05', 62.181204);
INSERT INTO exchange_rates (from_currency, to_currency, rate_date, exchange_rate) VALUES ('EUR', 'UAH', '2024-06-06', 62.850472);
INSERT INTO exchange_rates (from_currency, to_currency, rate_date, exchange_rate) VALUES ('EUR', 'UAH', '2024-06-07', 61.295429);
INSERT INTO exchange_rates (from_currency, to_currency, rate_date, exchange_rate) VALUES ('EUR', 'UAH', '2024-06-08', 61.743896);
INSERT INTO exchange_rates (from_currency, to_currency, rate_date, exchange_rate) VALUES ('EUR', 'UAH', '2024-06-09', 62.017656);
INSERT INTO exchange_rates (from_currency, to_currency, rate_date, exchange_rate) VALUES ('EUR', 'UAH', '2024-06-10', 62.496529);
INSERT INTO exchange_rates (from_currency, to_currency, rate_date, exchange_rate) VALUES ('EUR', 'UAH', '2024-06-11', 62.692942);
INSERT INTO exchange_rates (from_currency, to_currency, rate_date, exchange_rate) VALUES ('EUR', 'UAH', '2024-06-12', 61.178081);
INSERT INTO exchange_rates (from_currency, to_currency, rate_date, exchange_rate) VALUES ('EUR', 'UAH', '2024-06-13', 60.431370);
INSERT INTO exchange_rates (from_currency, to_currency, rate_date, exchange_rate) VALUES ('EUR', 'UAH', '2024-06-14', 60.233675);
INSERT INTO exchange_rates (from_currency, to_currency, rate_date, exchange_rate) VALUES ('EUR', 'UAH', '2024-06-15', 61.084088);
INSERT INTO exchange_rates (from_currency, to_currency, rate_date, exchange_rate) VALUES ('EUR', 'UAH', '2024-06-16', 60.948449);
INSERT INTO exchange_rates (from_currency, to_currency, rate_date, exchange_rate) VALUES ('EUR', 'UAH', '2024-06-17', 59.448848);
INSERT INTO exchange_rates (from_currency, to_currency, rate_date, exchange_rate) VALUES ('EUR', 'UAH', '2024-06-18', 59.717950);
INSERT INTO exchange_rates (from_currency, to_currency, rate_date, exchange_rate) VALUES ('EUR', 'UAH', '2024-06-19', 59.027721);
INSERT INTO exchange_rates (from_currency, to_currency, rate_date, exchange_rate) VALUES ('EUR', 'UAH', '2024-06-20', 58.983895);
INSERT INTO exchange_rates (from_currency, to_currency, rate_date, exchange_rate) VALUES ('EUR', 'UAH', '2024-06-21', 59.826332);
INSERT INTO exchange_rates (from_currency, to_currency, rate_date, exchange_rate) VALUES ('EUR', 'UAH', '2024-06-22', 58.781798);
INSERT INTO exchange_rates (from_currency, to_currency, rate_date, exchange_rate) VALUES ('EUR', 'UAH', '2024-06-23', 58.289677);
INSERT INTO exchange_rates (from_currency, to_currency, rate_date, exchange_rate) VALUES ('EUR', 'UAH', '2024-06-24', 56.657696);
INSERT INTO exchange_rates (from_currency, to_currency, rate_date, exchange_rate) VALUES ('EUR', 'UAH', '2024-06-25', 58.260149);
INSERT INTO exchange_rates (from_currency, to_currency, rate_date, exchange_rate) VALUES ('EUR', 'UAH', '2024-06-26', 58.856298);
INSERT INTO exchange_rates (from_currency, to_currency, rate_date, exchange_rate) VALUES ('EUR', 'UAH', '2024-06-27', 59.246072);
INSERT INTO exchange_rates (from_currency, to_currency, rate_date, exchange_rate) VALUES ('EUR', 'UAH', '2024-06-28', 57.758262);
INSERT INTO exchange_rates (from_currency, to_currency, rate_date, exchange_rate) VALUES ('EUR', 'UAH', '2024-06-29', 56.087464);
INSERT INTO exchange_rates (from_currency, to_currency, rate_date, exchange_rate) VALUES ('EUR', 'UAH', '2024-06-30', 56.416821);
INSERT INTO exchange_rates (from_currency, to_currency, rate_date, exchange_rate) VALUES ('EUR', 'UAH', '2024-07-01', 56.383952);
INSERT INTO exchange_rates (from_currency, to_currency, rate_date, exchange_rate) VALUES ('EUR', 'UAH', '2024-07-02', 54.996032);
INSERT INTO exchange_rates (from_currency, to_currency, rate_date, exchange_rate) VALUES ('EUR', 'UAH', '2024-07-03', 55.532931);
INSERT INTO exchange_rates (from_currency, to_currency, rate_date, exchange_rate) VALUES ('EUR', 'UAH', '2024-07-04', 55.462764);
INSERT INTO exchange_rates (from_currency, to_currency, rate_date, exchange_rate) VALUES ('EUR', 'UAH', '2024-07-05', 54.917991);
INSERT INTO exchange_rates (from_currency, to_currency, rate_date, exchange_rate) VALUES ('EUR', 'UAH', '2024-07-06', 53.785400);
INSERT INTO exchange_rates (from_currency, to_currency, rate_date, exchange_rate) VALUES ('EUR', 'UAH', '2024-07-07', 54.371760);
INSERT INTO exchange_rates (from_currency, to_currency, rate_date, exchange_rate) VALUES ('EUR', 'UAH', '2024-07-08', 54.407389);
INSERT INTO exchange_rates (from_currency, to_currency, rate_date, exchange_rate) VALUES ('EUR', 'UAH', '2024-07-09', 54.738246);
INSERT INTO exchange_rates (from_currency, to_currency, rate_date, exchange_rate) VALUES ('EUR', 'UAH', '2024-07-10', 54.908652);
INSERT INTO exchange_rates (from_currency, to_currency, rate_date, exchange_rate) VALUES ('EUR', 'UAH', '2024-07-11', 54.201694);
INSERT INTO exchange_rates (from_currency, to_currency, rate_date, exchange_rate) VALUES ('EUR', 'UAH', '2024-07-12', 55.256921);
INSERT INTO exchange_rates (from_currency, to_currency, rate_date, exchange_rate) VALUES ('EUR', 'UAH', '2024-07-13', 56.826843);
INSERT INTO exchange_rates (from_currency, to_currency, rate_date, exchange_rate) VALUES ('EUR', 'UAH', '2024-07-14', 58.384292);
INSERT INTO exchange_rates (from_currency, to_currency, rate_date, exchange_rate) VALUES ('EUR', 'UAH', '2024-07-15', 59.600613);
INSERT INTO exchange_rates (from_currency, to_currency, rate_date, exchange_rate) VALUES ('EUR', 'UAH', '2024-07-16', 59.093474);
INSERT INTO exchange_rates (from_currency, to_currency, rate_date, exchange_rate) VALUES ('EUR', 'UAH', '2024-07-17', 59.219336);
INSERT INTO exchange_rates (from_currency, to_currency, rate_date, exchange_rate) VALUES ('EUR', 'UAH', '2024-07-18', 58.320904);
INSERT INTO exchange_rates (from_currency, to_currency, rate_date, exchange_rate) VALUES ('EUR', 'UAH', '2024-07-19', 59.407941);
INSERT INTO exchange_rates (from_currency, to_currency, rate_date, exchange_rate) VALUES ('EUR', 'UAH', '2024-07-20', 60.962060);
INSERT INTO exchange_rates (from_currency, to_currency, rate_date, exchange_rate) VALUES ('EUR', 'UAH', '2024-07-21', 59.238266);
INSERT INTO exchange_rates (from_currency, to_currency, rate_date, exchange_rate) VALUES ('EUR', 'UAH', '2024-07-22', 59.699903);
INSERT INTO exchange_rates (from_currency, to_currency, rate_date, exchange_rate) VALUES ('EUR', 'UAH', '2024-07-23', 60.286084);
INSERT INTO exchange_rates (from_currency, to_currency, rate_date, exchange_rate) VALUES ('EUR', 'UAH', '2024-07-24', 60.754007);
INSERT INTO exchange_rates (from_currency, to_currency, rate_date, exchange_rate) VALUES ('EUR', 'UAH', '2024-07-25', 60.909001);
INSERT INTO exchange_rates (from_currency, to_currency, rate_date, exchange_rate) VALUES ('EUR', 'UAH', '2024-07-26', 60.055495);
INSERT INTO exchange_rates (from_currency, to_currency, rate_date, exchange_rate) VALUES ('EUR', 'UAH', '2024-07-27', 59.161816);
INSERT INTO exchange_rates (from_currency, to_currency, rate_date, exchange_rate) VALUES ('EUR', 'UAH', '2024-07-28', 57.943179);
INSERT INTO exchange_rates (from_currency, to_currency, rate_date, exchange_rate) VALUES ('EUR', 'UAH', '2024-07-29', 56.163578);
INSERT INTO exchange_rates (from_currency, to_currency, rate_date, exchange_rate) VALUES ('EUR', 'UAH', '2024-07-30', 54.713901);
INSERT INTO exchange_rates (from_currency, to_currency, rate_date, exchange_rate) VALUES ('EUR', 'UAH', '2024-07-31', 54.310021);
INSERT INTO exchange_rates (from_currency, to_currency, rate_date, exchange_rate) VALUES ('EUR', 'UAH', '2024-08-01', 54.744352);
INSERT INTO exchange_rates (from_currency, to_currency, rate_date, exchange_rate) VALUES ('EUR', 'UAH', '2024-08-02', 54.973198);
INSERT INTO exchange_rates (from_currency, to_currency, rate_date, exchange_rate) VALUES ('EUR', 'UAH', '2024-08-03', 54.752105);
INSERT INTO exchange_rates (from_currency, to_currency, rate_date, exchange_rate) VALUES ('EUR', 'UAH', '2024-08-04', 54.615679);
INSERT INTO exchange_rates (from_currency, to_currency, rate_date, exchange_rate) VALUES ('EUR', 'UAH', '2024-08-05', 55.944288);
INSERT INTO exchange_rates (from_currency, to_currency, rate_date, exchange_rate) VALUES ('EUR', 'UAH', '2024-08-06', 56.490595);
INSERT INTO exchange_rates (from_currency, to_currency, rate_date, exchange_rate) VALUES ('EUR', 'UAH', '2024-08-07', 57.731766);
INSERT INTO exchange_rates (from_currency, to_currency, rate_date, exchange_rate) VALUES ('EUR', 'UAH', '2024-08-08', 57.367575);
INSERT INTO exchange_rates (from_currency, to_currency, rate_date, exchange_rate) VALUES ('EUR', 'UAH', '2024-08-09', 57.625962);
INSERT INTO exchange_rates (from_currency, to_currency, rate_date, exchange_rate) VALUES ('EUR', 'UAH', '2024-08-10', 55.925987);
INSERT INTO exchange_rates (from_currency, to_currency, rate_date, exchange_rate) VALUES ('EUR', 'UAH', '2024-08-11', 56.271247);
INSERT INTO exchange_rates (from_currency, to_currency, rate_date, exchange_rate) VALUES ('EUR', 'UAH', '2024-08-12', 55.657060);
INSERT INTO exchange_rates (from_currency, to_currency, rate_date, exchange_rate) VALUES ('EUR', 'UAH', '2024-08-13', 56.289419);
INSERT INTO exchange_rates (from_currency, to_currency, rate_date, exchange_rate) VALUES ('EUR', 'UAH', '2024-08-14', 54.918918);
INSERT INTO exchange_rates (from_currency, to_currency, rate_date, exchange_rate) VALUES ('EUR', 'UAH', '2024-08-15', 53.985488);
INSERT INTO exchange_rates (from_currency, to_currency, rate_date, exchange_rate) VALUES ('EUR', 'UAH', '2024-08-16', 54.135432);
INSERT INTO exchange_rates (from_currency, to_currency, rate_date, exchange_rate) VALUES ('EUR', 'UAH', '2024-08-17', 53.777323);
INSERT INTO exchange_rates (from_currency, to_currency, rate_date, exchange_rate) VALUES ('EUR', 'UAH', '2024-08-18', 54.059464);
INSERT INTO exchange_rates (from_currency, to_currency, rate_date, exchange_rate) VALUES ('EUR', 'UAH', '2024-08-19', 54.743765);
INSERT INTO exchange_rates (from_currency, to_currency, rate_date, exchange_rate) VALUES ('EUR', 'UAH', '2024-08-20', 54.182130);
INSERT INTO exchange_rates (from_currency, to_currency, rate_date, exchange_rate) VALUES ('EUR', 'UAH', '2024-08-21', 54.044062);
INSERT INTO exchange_rates (from_currency, to_currency, rate_date, exchange_rate) VALUES ('EUR', 'UAH', '2024-08-22', 53.437349);
INSERT INTO exchange_rates (from_currency, to_currency, rate_date, exchange_rate) VALUES ('EUR', 'UAH', '2024-08-23', 54.497913);
INSERT INTO exchange_rates (from_currency, to_currency, rate_date, exchange_rate) VALUES ('EUR', 'UAH', '2024-08-24', 54.192201);
INSERT INTO exchange_rates (from_currency, to_currency, rate_date, exchange_rate) VALUES ('EUR', 'UAH', '2024-08-25', 54.244774);
INSERT INTO exchange_rates (from_currency, to_currency, rate_date, exchange_rate) VALUES ('EUR', 'UAH', '2024-08-26', 54.197900);
INSERT INTO exchange_rates (from_currency, to_currency, rate_date, exchange_rate) VALUES ('EUR', 'UAH', '2024-08-27', 53.332809);
INSERT INTO exchange_rates (from_currency, to_currency, rate_date, exchange_rate) VALUES ('EUR', 'UAH', '2024-08-28', 55.438485);
INSERT INTO exchange_rates (from_currency, to_currency, rate_date, exchange_rate) VALUES ('EUR', 'UAH', '2024-08-29', 55.535767);
INSERT INTO exchange_rates (from_currency, to_currency, rate_date, exchange_rate) VALUES ('EUR', 'UAH', '2024-08-30', 55.604303);
INSERT INTO exchange_rates (from_currency, to_currency, rate_date, exchange_rate) VALUES ('EUR', 'UAH', '2024-08-31', 56.187178);
INSERT INTO exchange_rates (from_currency, to_currency, rate_date, exchange_rate) VALUES ('EUR', 'UAH', '2024-09-01', 56.013981);
INSERT INTO exchange_rates (from_currency, to_currency, rate_date, exchange_rate) VALUES ('EUR', 'UAH', '2024-09-02', 57.028431);
INSERT INTO exchange_rates (from_currency, to_currency, rate_date, exchange_rate) VALUES ('EUR', 'UAH', '2024-09-03', 57.512601);
INSERT INTO exchange_rates (from_currency, to_currency, rate_date, exchange_rate) VALUES ('EUR', 'UAH', '2024-09-04', 57.492400);
INSERT INTO exchange_rates (from_currency, to_currency, rate_date, exchange_rate) VALUES ('EUR', 'UAH', '2024-09-05', 58.794716);
INSERT INTO exchange_rates (from_currency, to_currency, rate_date, exchange_rate) VALUES ('EUR', 'UAH', '2024-09-06', 57.917625);
INSERT INTO exchange_rates (from_currency, to_currency, rate_date, exchange_rate) VALUES ('EUR', 'UAH', '2024-09-07', 58.455065);
INSERT INTO exchange_rates (from_currency, to_currency, rate_date, exchange_rate) VALUES ('EUR', 'UAH', '2024-09-08', 58.511718);
INSERT INTO exchange_rates (from_currency, to_currency, rate_date, exchange_rate) VALUES ('EUR', 'UAH', '2024-09-09', 59.150623);
INSERT INTO exchange_rates (from_currency, to_currency, rate_date, exchange_rate) VALUES ('EUR', 'UAH', '2024-09-10', 59.315901);
INSERT INTO exchange_rates (from_currency, to_currency, rate_date, exchange_rate) VALUES ('EUR', 'UAH', '2024-09-11', 60.015297);
INSERT INTO exchange_rates (from_currency, to_currency, rate_date, exchange_rate) VALUES ('EUR', 'UAH', '2024-09-12', 60.267853);
INSERT INTO exchange_rates (from_currency, to_currency, rate_date, exchange_rate) VALUES ('EUR', 'UAH', '2024-09-13', 61.252520);
INSERT INTO exchange_rates (from_currency, to_currency, rate_date, exchange_rate) VALUES ('EUR', 'UAH', '2024-09-14', 62.140960);
INSERT INTO exchange_rates (from_currency, to_currency, rate_date, exchange_rate) VALUES ('EUR', 'UAH', '2024-09-15', 63.225003);
INSERT INTO exchange_rates (from_currency, to_currency, rate_date, exchange_rate) VALUES ('EUR', 'UAH', '2024-09-16', 63.390393);
INSERT INTO exchange_rates (from_currency, to_currency, rate_date, exchange_rate) VALUES ('EUR', 'UAH', '2024-09-17', 63.577359);
INSERT INTO exchange_rates (from_currency, to_currency, rate_date, exchange_rate) VALUES ('EUR', 'UAH', '2024-09-18', 63.133372);
INSERT INTO exchange_rates (from_currency, to_currency, rate_date, exchange_rate) VALUES ('EUR', 'UAH', '2024-09-19', 63.726222);
INSERT INTO exchange_rates (from_currency, to_currency, rate_date, exchange_rate) VALUES ('EUR', 'UAH', '2024-09-20', 62.334102);
INSERT INTO exchange_rates (from_currency, to_currency, rate_date, exchange_rate) VALUES ('EUR', 'UAH', '2024-09-21', 61.846446);
INSERT INTO exchange_rates (from_currency, to_currency, rate_date, exchange_rate) VALUES ('EUR', 'UAH', '2024-09-22', 62.710923);
INSERT INTO exchange_rates (from_currency, to_currency, rate_date, exchange_rate) VALUES ('EUR', 'UAH', '2024-09-23', 62.244475);
INSERT INTO exchange_rates (from_currency, to_currency, rate_date, exchange_rate) VALUES ('EUR', 'UAH', '2024-09-24', 62.333818);
INSERT INTO exchange_rates (from_currency, to_currency, rate_date, exchange_rate) VALUES ('EUR', 'UAH', '2024-09-25', 62.084745);
INSERT INTO exchange_rates (from_currency, to_currency, rate_date, exchange_rate) VALUES ('EUR', 'UAH', '2024-09-26', 61.089091);
INSERT INTO exchange_rates (from_currency, to_currency, rate_date, exchange_rate) VALUES ('EUR', 'UAH', '2024-09-27', 62.856984);
INSERT INTO exchange_rates (from_currency, to_currency, rate_date, exchange_rate) VALUES ('EUR', 'UAH', '2024-09-28', 62.489319);
INSERT INTO exchange_rates (from_currency, to_currency, rate_date, exchange_rate) VALUES ('EUR', 'UAH', '2024-09-29', 63.767455);
INSERT INTO exchange_rates (from_currency, to_currency, rate_date, exchange_rate) VALUES ('EUR', 'UAH', '2024-09-30', 63.968557);
INSERT INTO exchange_rates (from_currency, to_currency, rate_date, exchange_rate) VALUES ('EUR', 'UAH', '2024-10-01', 64.673839);
INSERT INTO exchange_rates (from_currency, to_currency, rate_date, exchange_rate) VALUES ('EUR', 'UAH', '2024-10-02', 65.917696);
INSERT INTO exchange_rates (from_currency, to_currency, rate_date, exchange_rate) VALUES ('EUR', 'UAH', '2024-10-03', 66.088537);
INSERT INTO exchange_rates (from_currency, to_currency, rate_date, exchange_rate) VALUES ('EUR', 'UAH', '2024-10-04', 66.286032);
INSERT INTO exchange_rates (from_currency, to_currency, rate_date, exchange_rate) VALUES ('EUR', 'UAH', '2024-10-05', 65.967870);
INSERT INTO exchange_rates (from_currency, to_currency, rate_date, exchange_rate) VALUES ('EUR', 'UAH', '2024-10-06', 65.493070);
INSERT INTO exchange_rates (from_currency, to_currency, rate_date, exchange_rate) VALUES ('EUR', 'UAH', '2024-10-07', 65.711957);
INSERT INTO exchange_rates (from_currency, to_currency, rate_date, exchange_rate) VALUES ('EUR', 'UAH', '2024-10-08', 66.524813);
INSERT INTO exchange_rates (from_currency, to_currency, rate_date, exchange_rate) VALUES ('EUR', 'UAH', '2024-10-09', 64.590542);
INSERT INTO exchange_rates (from_currency, to_currency, rate_date, exchange_rate) VALUES ('EUR', 'UAH', '2024-10-10', 64.739729);
INSERT INTO exchange_rates (from_currency, to_currency, rate_date, exchange_rate) VALUES ('EUR', 'UAH', '2024-10-11', 65.109139);
INSERT INTO exchange_rates (from_currency, to_currency, rate_date, exchange_rate) VALUES ('EUR', 'UAH', '2024-10-12', 66.351893);
INSERT INTO exchange_rates (from_currency, to_currency, rate_date, exchange_rate) VALUES ('EUR', 'UAH', '2024-10-13', 65.042109);
INSERT INTO exchange_rates (from_currency, to_currency, rate_date, exchange_rate) VALUES ('EUR', 'UAH', '2024-10-14', 65.487611);
INSERT INTO exchange_rates (from_currency, to_currency, rate_date, exchange_rate) VALUES ('EUR', 'UAH', '2024-10-15', 67.432123);
INSERT INTO exchange_rates (from_currency, to_currency, rate_date, exchange_rate) VALUES ('EUR', 'UAH', '2024-10-16', 66.986891);
INSERT INTO exchange_rates (from_currency, to_currency, rate_date, exchange_rate) VALUES ('EUR', 'UAH', '2024-10-17', 67.608306);
INSERT INTO exchange_rates (from_currency, to_currency, rate_date, exchange_rate) VALUES ('EUR', 'UAH', '2024-10-18', 67.422104);
INSERT INTO exchange_rates (from_currency, to_currency, rate_date, exchange_rate) VALUES ('EUR', 'UAH', '2024-10-19', 67.058485);
INSERT INTO exchange_rates (from_currency, to_currency, rate_date, exchange_rate) VALUES ('EUR', 'UAH', '2024-10-20', 67.180796);
INSERT INTO exchange_rates (from_currency, to_currency, rate_date, exchange_rate) VALUES ('EUR', 'UAH', '2024-10-21', 67.569019);
INSERT INTO exchange_rates (from_currency, to_currency, rate_date, exchange_rate) VALUES ('EUR', 'UAH', '2024-10-22', 66.568155);
INSERT INTO exchange_rates (from_currency, to_currency, rate_date, exchange_rate) VALUES ('EUR', 'UAH', '2024-10-23', 67.882744);
INSERT INTO exchange_rates (from_currency, to_currency, rate_date, exchange_rate) VALUES ('EUR', 'UAH', '2024-10-24', 68.635417);
INSERT INTO exchange_rates (from_currency, to_currency, rate_date, exchange_rate) VALUES ('EUR', 'UAH', '2024-10-25', 69.037181);
INSERT INTO exchange_rates (from_currency, to_currency, rate_date, exchange_rate) VALUES ('EUR', 'UAH', '2024-10-26', 69.091758);
INSERT INTO exchange_rates (from_currency, to_currency, rate_date, exchange_rate) VALUES ('EUR', 'UAH', '2024-10-27', 67.077631);
INSERT INTO exchange_rates (from_currency, to_currency, rate_date, exchange_rate) VALUES ('EUR', 'UAH', '2024-10-28', 66.784603);
INSERT INTO exchange_rates (from_currency, to_currency, rate_date, exchange_rate) VALUES ('EUR', 'UAH', '2024-10-29', 66.277642);
INSERT INTO exchange_rates (from_currency, to_currency, rate_date, exchange_rate) VALUES ('EUR', 'UAH', '2024-10-30', 65.081391);
INSERT INTO exchange_rates (from_currency, to_currency, rate_date, exchange_rate) VALUES ('EUR', 'UAH', '2024-10-31', 66.107823);
INSERT INTO exchange_rates (from_currency, to_currency, rate_date, exchange_rate) VALUES ('EUR', 'UAH', '2024-11-01', 66.889771);
INSERT INTO exchange_rates (from_currency, to_currency, rate_date, exchange_rate) VALUES ('EUR', 'UAH', '2024-11-02', 67.278650);
INSERT INTO exchange_rates (from_currency, to_currency, rate_date, exchange_rate) VALUES ('EUR', 'UAH', '2024-11-03', 68.489117);
INSERT INTO exchange_rates (from_currency, to_currency, rate_date, exchange_rate) VALUES ('EUR', 'UAH', '2024-11-04', 68.415679);
INSERT INTO exchange_rates (from_currency, to_currency, rate_date, exchange_rate) VALUES ('EUR', 'UAH', '2024-11-05', 67.163172);
INSERT INTO exchange_rates (from_currency, to_currency, rate_date, exchange_rate) VALUES ('EUR', 'UAH', '2024-11-06', 65.169290);
INSERT INTO exchange_rates (from_currency, to_currency, rate_date, exchange_rate) VALUES ('EUR', 'UAH', '2024-11-07', 65.084184);
INSERT INTO exchange_rates (from_currency, to_currency, rate_date, exchange_rate) VALUES ('EUR', 'UAH', '2024-11-08', 64.220094);
INSERT INTO exchange_rates (from_currency, to_currency, rate_date, exchange_rate) VALUES ('EUR', 'UAH', '2024-11-09', 63.755964);
INSERT INTO exchange_rates (from_currency, to_currency, rate_date, exchange_rate) VALUES ('EUR', 'UAH', '2024-11-10', 64.891567);
INSERT INTO exchange_rates (from_currency, to_currency, rate_date, exchange_rate) VALUES ('EUR', 'UAH', '2024-11-11', 64.513340);
INSERT INTO exchange_rates (from_currency, to_currency, rate_date, exchange_rate) VALUES ('EUR', 'UAH', '2024-11-12', 63.807223);
INSERT INTO exchange_rates (from_currency, to_currency, rate_date, exchange_rate) VALUES ('EUR', 'UAH', '2024-11-13', 64.276857);
INSERT INTO exchange_rates (from_currency, to_currency, rate_date, exchange_rate) VALUES ('EUR', 'UAH', '2024-11-14', 64.833715);
INSERT INTO exchange_rates (from_currency, to_currency, rate_date, exchange_rate) VALUES ('EUR', 'UAH', '2024-11-15', 63.769975);
INSERT INTO exchange_rates (from_currency, to_currency, rate_date, exchange_rate) VALUES ('EUR', 'UAH', '2024-11-16', 64.371939);
INSERT INTO exchange_rates (from_currency, to_currency, rate_date, exchange_rate) VALUES ('EUR', 'UAH', '2024-11-17', 64.867992);
INSERT INTO exchange_rates (from_currency, to_currency, rate_date, exchange_rate) VALUES ('EUR', 'UAH', '2024-11-18', 63.692507);
INSERT INTO exchange_rates (from_currency, to_currency, rate_date, exchange_rate) VALUES ('EUR', 'UAH', '2024-11-19', 65.188791);
INSERT INTO exchange_rates (from_currency, to_currency, rate_date, exchange_rate) VALUES ('EUR', 'UAH', '2024-11-20', 65.806962);
INSERT INTO exchange_rates (from_currency, to_currency, rate_date, exchange_rate) VALUES ('EUR', 'UAH', '2024-11-21', 65.991451);
INSERT INTO exchange_rates (from_currency, to_currency, rate_date, exchange_rate) VALUES ('EUR', 'UAH', '2024-11-22', 67.050883);
INSERT INTO exchange_rates (from_currency, to_currency, rate_date, exchange_rate) VALUES ('EUR', 'UAH', '2024-11-23', 68.115549);
INSERT INTO exchange_rates (from_currency, to_currency, rate_date, exchange_rate) VALUES ('EUR', 'UAH', '2024-11-24', 68.147319);
INSERT INTO exchange_rates (from_currency, to_currency, rate_date, exchange_rate) VALUES ('EUR', 'UAH', '2024-11-25', 69.436886);
INSERT INTO exchange_rates (from_currency, to_currency, rate_date, exchange_rate) VALUES ('EUR', 'UAH', '2024-11-26', 70.101030);
INSERT INTO exchange_rates (from_currency, to_currency, rate_date, exchange_rate) VALUES ('EUR', 'UAH', '2024-11-27', 70.707226);
INSERT INTO exchange_rates (from_currency, to_currency, rate_date, exchange_rate) VALUES ('EUR', 'UAH', '2024-11-28', 72.104282);
INSERT INTO exchange_rates (from_currency, to_currency, rate_date, exchange_rate) VALUES ('EUR', 'UAH', '2024-11-29', 71.364219);
INSERT INTO exchange_rates (from_currency, to_currency, rate_date, exchange_rate) VALUES ('EUR', 'UAH', '2024-11-30', 72.054893);
INSERT INTO exchange_rates (from_currency, to_currency, rate_date, exchange_rate) VALUES ('EUR', 'UAH', '2024-12-01', 70.731167);
INSERT INTO exchange_rates (from_currency, to_currency, rate_date, exchange_rate) VALUES ('EUR', 'UAH', '2024-12-02', 69.704204);
INSERT INTO exchange_rates (from_currency, to_currency, rate_date, exchange_rate) VALUES ('EUR', 'UAH', '2024-12-03', 69.873789);
INSERT INTO exchange_rates (from_currency, to_currency, rate_date, exchange_rate) VALUES ('EUR', 'UAH', '2024-12-04', 68.764372);
INSERT INTO exchange_rates (from_currency, to_currency, rate_date, exchange_rate) VALUES ('EUR', 'UAH', '2024-12-05', 68.904659);
INSERT INTO exchange_rates (from_currency, to_currency, rate_date, exchange_rate) VALUES ('EUR', 'UAH', '2024-12-06', 69.658904);
INSERT INTO exchange_rates (from_currency, to_currency, rate_date, exchange_rate) VALUES ('EUR', 'UAH', '2024-12-07', 68.484541);
INSERT INTO exchange_rates (from_currency, to_currency, rate_date, exchange_rate) VALUES ('EUR', 'UAH', '2024-12-08', 69.558716);
INSERT INTO exchange_rates (from_currency, to_currency, rate_date, exchange_rate) VALUES ('EUR', 'UAH', '2024-12-09', 67.783190);
INSERT INTO exchange_rates (from_currency, to_currency, rate_date, exchange_rate) VALUES ('EUR', 'UAH', '2024-12-10', 65.673148);
INSERT INTO exchange_rates (from_currency, to_currency, rate_date, exchange_rate) VALUES ('EUR', 'UAH', '2024-12-11', 67.614149);
INSERT INTO exchange_rates (from_currency, to_currency, rate_date, exchange_rate) VALUES ('EUR', 'UAH', '2024-12-12', 67.177307);
INSERT INTO exchange_rates (from_currency, to_currency, rate_date, exchange_rate) VALUES ('EUR', 'UAH', '2024-12-13', 67.895327);
INSERT INTO exchange_rates (from_currency, to_currency, rate_date, exchange_rate) VALUES ('EUR', 'UAH', '2024-12-14', 69.634592);
INSERT INTO exchange_rates (from_currency, to_currency, rate_date, exchange_rate) VALUES ('EUR', 'UAH', '2024-12-15', 71.424279);
INSERT INTO exchange_rates (from_currency, to_currency, rate_date, exchange_rate) VALUES ('EUR', 'UAH', '2024-12-16', 69.741765);
INSERT INTO exchange_rates (from_currency, to_currency, rate_date, exchange_rate) VALUES ('EUR', 'UAH', '2024-12-17', 69.427279);
INSERT INTO exchange_rates (from_currency, to_currency, rate_date, exchange_rate) VALUES ('EUR', 'UAH', '2024-12-18', 70.577862);
INSERT INTO exchange_rates (from_currency, to_currency, rate_date, exchange_rate) VALUES ('EUR', 'UAH', '2024-12-19', 71.591894);
INSERT INTO exchange_rates (from_currency, to_currency, rate_date, exchange_rate) VALUES ('EUR', 'UAH', '2024-12-20', 70.493940);
INSERT INTO exchange_rates (from_currency, to_currency, rate_date, exchange_rate) VALUES ('EUR', 'UAH', '2024-12-21', 68.887919);
INSERT INTO exchange_rates (from_currency, to_currency, rate_date, exchange_rate) VALUES ('EUR', 'UAH', '2024-12-22', 69.515242);
INSERT INTO exchange_rates (from_currency, to_currency, rate_date, exchange_rate) VALUES ('EUR', 'UAH', '2024-12-23', 71.952360);
INSERT INTO exchange_rates (from_currency, to_currency, rate_date, exchange_rate) VALUES ('EUR', 'UAH', '2024-12-24', 73.163710);
INSERT INTO exchange_rates (from_currency, to_currency, rate_date, exchange_rate) VALUES ('EUR', 'UAH', '2024-12-25', 73.840628);
INSERT INTO exchange_rates (from_currency, to_currency, rate_date, exchange_rate) VALUES ('EUR', 'UAH', '2024-12-26', 72.875130);
INSERT INTO exchange_rates (from_currency, to_currency, rate_date, exchange_rate) VALUES ('EUR', 'UAH', '2024-12-27', 72.997915);
INSERT INTO exchange_rates (from_currency, to_currency, rate_date, exchange_rate) VALUES ('EUR', 'UAH', '2024-12-28', 73.097596);
INSERT INTO exchange_rates (from_currency, to_currency, rate_date, exchange_rate) VALUES ('EUR', 'UAH', '2024-12-29', 73.585888);
INSERT INTO exchange_rates (from_currency, to_currency, rate_date, exchange_rate) VALUES ('EUR', 'UAH', '2024-12-30', 72.960741);
INSERT INTO exchange_rates (from_currency, to_currency, rate_date, exchange_rate) VALUES ('EUR', 'UAH', '2024-12-31', 72.783222);
INSERT INTO exchange_rates (from_currency, to_currency, rate_date, exchange_rate) VALUES ('CNY', 'UAH', '2024-01-01', 5.400000);
INSERT INTO exchange_rates (from_currency, to_currency, rate_date, exchange_rate) VALUES ('CNY', 'UAH', '2024-01-02', 5.564358);
INSERT INTO exchange_rates (from_currency, to_currency, rate_date, exchange_rate) VALUES ('CNY', 'UAH', '2024-01-03', 5.373699);
INSERT INTO exchange_rates (from_currency, to_currency, rate_date, exchange_rate) VALUES ('CNY', 'UAH', '2024-01-04', 5.329607);
INSERT INTO exchange_rates (from_currency, to_currency, rate_date, exchange_rate) VALUES ('CNY', 'UAH', '2024-01-05', 5.254081);
INSERT INTO exchange_rates (from_currency, to_currency, rate_date, exchange_rate) VALUES ('CNY', 'UAH', '2024-01-06', 5.256107);
INSERT INTO exchange_rates (from_currency, to_currency, rate_date, exchange_rate) VALUES ('CNY', 'UAH', '2024-01-07', 5.257771);
INSERT INTO exchange_rates (from_currency, to_currency, rate_date, exchange_rate) VALUES ('CNY', 'UAH', '2024-01-08', 5.314370);
INSERT INTO exchange_rates (from_currency, to_currency, rate_date, exchange_rate) VALUES ('CNY', 'UAH', '2024-01-09', 5.409054);
INSERT INTO exchange_rates (from_currency, to_currency, rate_date, exchange_rate) VALUES ('CNY', 'UAH', '2024-01-10', 5.413246);
INSERT INTO exchange_rates (from_currency, to_currency, rate_date, exchange_rate) VALUES ('CNY', 'UAH', '2024-01-11', 5.561841);
INSERT INTO exchange_rates (from_currency, to_currency, rate_date, exchange_rate) VALUES ('CNY', 'UAH', '2024-01-12', 5.556939);
INSERT INTO exchange_rates (from_currency, to_currency, rate_date, exchange_rate) VALUES ('CNY', 'UAH', '2024-01-13', 5.476480);
INSERT INTO exchange_rates (from_currency, to_currency, rate_date, exchange_rate) VALUES ('CNY', 'UAH', '2024-01-14', 5.778964);
INSERT INTO exchange_rates (from_currency, to_currency, rate_date, exchange_rate) VALUES ('CNY', 'UAH', '2024-01-15', 5.767588);
INSERT INTO exchange_rates (from_currency, to_currency, rate_date, exchange_rate) VALUES ('CNY', 'UAH', '2024-01-16', 5.917016);
INSERT INTO exchange_rates (from_currency, to_currency, rate_date, exchange_rate) VALUES ('CNY', 'UAH', '2024-01-17', 5.837765);
INSERT INTO exchange_rates (from_currency, to_currency, rate_date, exchange_rate) VALUES ('CNY', 'UAH', '2024-01-18', 5.884119);
INSERT INTO exchange_rates (from_currency, to_currency, rate_date, exchange_rate) VALUES ('CNY', 'UAH', '2024-01-19', 5.717684);
INSERT INTO exchange_rates (from_currency, to_currency, rate_date, exchange_rate) VALUES ('CNY', 'UAH', '2024-01-20', 5.757159);
INSERT INTO exchange_rates (from_currency, to_currency, rate_date, exchange_rate) VALUES ('CNY', 'UAH', '2024-01-21', 5.853580);
INSERT INTO exchange_rates (from_currency, to_currency, rate_date, exchange_rate) VALUES ('CNY', 'UAH', '2024-01-22', 5.882762);
INSERT INTO exchange_rates (from_currency, to_currency, rate_date, exchange_rate) VALUES ('CNY', 'UAH', '2024-01-23', 5.901535);
INSERT INTO exchange_rates (from_currency, to_currency, rate_date, exchange_rate) VALUES ('CNY', 'UAH', '2024-01-24', 5.763632);
INSERT INTO exchange_rates (from_currency, to_currency, rate_date, exchange_rate) VALUES ('CNY', 'UAH', '2024-01-25', 5.727125);
INSERT INTO exchange_rates (from_currency, to_currency, rate_date, exchange_rate) VALUES ('CNY', 'UAH', '2024-01-26', 5.500045);
INSERT INTO exchange_rates (from_currency, to_currency, rate_date, exchange_rate) VALUES ('CNY', 'UAH', '2024-01-27', 5.427968);
INSERT INTO exchange_rates (from_currency, to_currency, rate_date, exchange_rate) VALUES ('CNY', 'UAH', '2024-01-28', 5.497686);
INSERT INTO exchange_rates (from_currency, to_currency, rate_date, exchange_rate) VALUES ('CNY', 'UAH', '2024-01-29', 5.531022);
INSERT INTO exchange_rates (from_currency, to_currency, rate_date, exchange_rate) VALUES ('CNY', 'UAH', '2024-01-30', 5.496738);
INSERT INTO exchange_rates (from_currency, to_currency, rate_date, exchange_rate) VALUES ('CNY', 'UAH', '2024-01-31', 5.426876);
INSERT INTO exchange_rates (from_currency, to_currency, rate_date, exchange_rate) VALUES ('CNY', 'UAH', '2024-02-01', 5.478981);
INSERT INTO exchange_rates (from_currency, to_currency, rate_date, exchange_rate) VALUES ('CNY', 'UAH', '2024-02-02', 5.450893);
INSERT INTO exchange_rates (from_currency, to_currency, rate_date, exchange_rate) VALUES ('CNY', 'UAH', '2024-02-03', 5.442729);
INSERT INTO exchange_rates (from_currency, to_currency, rate_date, exchange_rate) VALUES ('CNY', 'UAH', '2024-02-04', 5.421080);
INSERT INTO exchange_rates (from_currency, to_currency, rate_date, exchange_rate) VALUES ('CNY', 'UAH', '2024-02-05', 5.432756);
INSERT INTO exchange_rates (from_currency, to_currency, rate_date, exchange_rate) VALUES ('CNY', 'UAH', '2024-02-06', 5.382319);
INSERT INTO exchange_rates (from_currency, to_currency, rate_date, exchange_rate) VALUES ('CNY', 'UAH', '2024-02-07', 5.433333);
INSERT INTO exchange_rates (from_currency, to_currency, rate_date, exchange_rate) VALUES ('CNY', 'UAH', '2024-02-08', 5.451746);
INSERT INTO exchange_rates (from_currency, to_currency, rate_date, exchange_rate) VALUES ('CNY', 'UAH', '2024-02-09', 5.447798);
INSERT INTO exchange_rates (from_currency, to_currency, rate_date, exchange_rate) VALUES ('CNY', 'UAH', '2024-02-10', 5.429742);
INSERT INTO exchange_rates (from_currency, to_currency, rate_date, exchange_rate) VALUES ('CNY', 'UAH', '2024-02-11', 5.437493);
INSERT INTO exchange_rates (from_currency, to_currency, rate_date, exchange_rate) VALUES ('CNY', 'UAH', '2024-02-12', 5.393863);
INSERT INTO exchange_rates (from_currency, to_currency, rate_date, exchange_rate) VALUES ('CNY', 'UAH', '2024-02-13', 5.343388);
INSERT INTO exchange_rates (from_currency, to_currency, rate_date, exchange_rate) VALUES ('CNY', 'UAH', '2024-02-14', 5.335105);
INSERT INTO exchange_rates (from_currency, to_currency, rate_date, exchange_rate) VALUES ('CNY', 'UAH', '2024-02-15', 5.407556);
INSERT INTO exchange_rates (from_currency, to_currency, rate_date, exchange_rate) VALUES ('CNY', 'UAH', '2024-02-16', 5.454987);
INSERT INTO exchange_rates (from_currency, to_currency, rate_date, exchange_rate) VALUES ('CNY', 'UAH', '2024-02-17', 5.555135);
INSERT INTO exchange_rates (from_currency, to_currency, rate_date, exchange_rate) VALUES ('CNY', 'UAH', '2024-02-18', 5.447439);
INSERT INTO exchange_rates (from_currency, to_currency, rate_date, exchange_rate) VALUES ('CNY', 'UAH', '2024-02-19', 5.513342);
INSERT INTO exchange_rates (from_currency, to_currency, rate_date, exchange_rate) VALUES ('CNY', 'UAH', '2024-02-20', 5.602844);
INSERT INTO exchange_rates (from_currency, to_currency, rate_date, exchange_rate) VALUES ('CNY', 'UAH', '2024-02-21', 5.721393);
INSERT INTO exchange_rates (from_currency, to_currency, rate_date, exchange_rate) VALUES ('CNY', 'UAH', '2024-02-22', 5.635962);
INSERT INTO exchange_rates (from_currency, to_currency, rate_date, exchange_rate) VALUES ('CNY', 'UAH', '2024-02-23', 5.585797);
INSERT INTO exchange_rates (from_currency, to_currency, rate_date, exchange_rate) VALUES ('CNY', 'UAH', '2024-02-24', 5.640274);
INSERT INTO exchange_rates (from_currency, to_currency, rate_date, exchange_rate) VALUES ('CNY', 'UAH', '2024-02-25', 5.665392);
INSERT INTO exchange_rates (from_currency, to_currency, rate_date, exchange_rate) VALUES ('CNY', 'UAH', '2024-02-26', 5.771055);
INSERT INTO exchange_rates (from_currency, to_currency, rate_date, exchange_rate) VALUES ('CNY', 'UAH', '2024-02-27', 5.745990);
INSERT INTO exchange_rates (from_currency, to_currency, rate_date, exchange_rate) VALUES ('CNY', 'UAH', '2024-02-28', 5.925880);
INSERT INTO exchange_rates (from_currency, to_currency, rate_date, exchange_rate) VALUES ('CNY', 'UAH', '2024-02-29', 5.918348);
INSERT INTO exchange_rates (from_currency, to_currency, rate_date, exchange_rate) VALUES ('CNY', 'UAH', '2024-03-01', 5.885687);
INSERT INTO exchange_rates (from_currency, to_currency, rate_date, exchange_rate) VALUES ('CNY', 'UAH', '2024-03-02', 6.086775);
INSERT INTO exchange_rates (from_currency, to_currency, rate_date, exchange_rate) VALUES ('CNY', 'UAH', '2024-03-03', 6.139020);
INSERT INTO exchange_rates (from_currency, to_currency, rate_date, exchange_rate) VALUES ('CNY', 'UAH', '2024-03-04', 6.182421);
INSERT INTO exchange_rates (from_currency, to_currency, rate_date, exchange_rate) VALUES ('CNY', 'UAH', '2024-03-05', 6.339924);
INSERT INTO exchange_rates (from_currency, to_currency, rate_date, exchange_rate) VALUES ('CNY', 'UAH', '2024-03-06', 6.300515);
INSERT INTO exchange_rates (from_currency, to_currency, rate_date, exchange_rate) VALUES ('CNY', 'UAH', '2024-03-07', 6.282114);
INSERT INTO exchange_rates (from_currency, to_currency, rate_date, exchange_rate) VALUES ('CNY', 'UAH', '2024-03-08', 6.186750);
INSERT INTO exchange_rates (from_currency, to_currency, rate_date, exchange_rate) VALUES ('CNY', 'UAH', '2024-03-09', 6.215102);
INSERT INTO exchange_rates (from_currency, to_currency, rate_date, exchange_rate) VALUES ('CNY', 'UAH', '2024-03-10', 6.149731);
INSERT INTO exchange_rates (from_currency, to_currency, rate_date, exchange_rate) VALUES ('CNY', 'UAH', '2024-03-11', 6.004953);
INSERT INTO exchange_rates (from_currency, to_currency, rate_date, exchange_rate) VALUES ('CNY', 'UAH', '2024-03-12', 6.063471);
INSERT INTO exchange_rates (from_currency, to_currency, rate_date, exchange_rate) VALUES ('CNY', 'UAH', '2024-03-13', 6.131667);
INSERT INTO exchange_rates (from_currency, to_currency, rate_date, exchange_rate) VALUES ('CNY', 'UAH', '2024-03-14', 6.108160);
INSERT INTO exchange_rates (from_currency, to_currency, rate_date, exchange_rate) VALUES ('CNY', 'UAH', '2024-03-15', 5.984379);
INSERT INTO exchange_rates (from_currency, to_currency, rate_date, exchange_rate) VALUES ('CNY', 'UAH', '2024-03-16', 6.039893);
INSERT INTO exchange_rates (from_currency, to_currency, rate_date, exchange_rate) VALUES ('CNY', 'UAH', '2024-03-17', 5.915305);
INSERT INTO exchange_rates (from_currency, to_currency, rate_date, exchange_rate) VALUES ('CNY', 'UAH', '2024-03-18', 5.871510);
INSERT INTO exchange_rates (from_currency, to_currency, rate_date, exchange_rate) VALUES ('CNY', 'UAH', '2024-03-19', 5.786865);
INSERT INTO exchange_rates (from_currency, to_currency, rate_date, exchange_rate) VALUES ('CNY', 'UAH', '2024-03-20', 5.951492);
INSERT INTO exchange_rates (from_currency, to_currency, rate_date, exchange_rate) VALUES ('CNY', 'UAH', '2024-03-21', 6.013878);
INSERT INTO exchange_rates (from_currency, to_currency, rate_date, exchange_rate) VALUES ('CNY', 'UAH', '2024-03-22', 6.030868);
INSERT INTO exchange_rates (from_currency, to_currency, rate_date, exchange_rate) VALUES ('CNY', 'UAH', '2024-03-23', 6.024901);
INSERT INTO exchange_rates (from_currency, to_currency, rate_date, exchange_rate) VALUES ('CNY', 'UAH', '2024-03-24', 6.140580);
INSERT INTO exchange_rates (from_currency, to_currency, rate_date, exchange_rate) VALUES ('CNY', 'UAH', '2024-03-25', 6.157618);
INSERT INTO exchange_rates (from_currency, to_currency, rate_date, exchange_rate) VALUES ('CNY', 'UAH', '2024-03-26', 6.290695);
INSERT INTO exchange_rates (from_currency, to_currency, rate_date, exchange_rate) VALUES ('CNY', 'UAH', '2024-03-27', 6.277755);
INSERT INTO exchange_rates (from_currency, to_currency, rate_date, exchange_rate) VALUES ('CNY', 'UAH', '2024-03-28', 6.237430);
INSERT INTO exchange_rates (from_currency, to_currency, rate_date, exchange_rate) VALUES ('CNY', 'UAH', '2024-03-29', 6.165691);
INSERT INTO exchange_rates (from_currency, to_currency, rate_date, exchange_rate) VALUES ('CNY', 'UAH', '2024-03-30', 6.235482);
INSERT INTO exchange_rates (from_currency, to_currency, rate_date, exchange_rate) VALUES ('CNY', 'UAH', '2024-03-31', 6.233279);
INSERT INTO exchange_rates (from_currency, to_currency, rate_date, exchange_rate) VALUES ('CNY', 'UAH', '2024-04-01', 6.250879);
INSERT INTO exchange_rates (from_currency, to_currency, rate_date, exchange_rate) VALUES ('CNY', 'UAH', '2024-04-02', 6.372769);
INSERT INTO exchange_rates (from_currency, to_currency, rate_date, exchange_rate) VALUES ('CNY', 'UAH', '2024-04-03', 6.433948);
INSERT INTO exchange_rates (from_currency, to_currency, rate_date, exchange_rate) VALUES ('CNY', 'UAH', '2024-04-04', 6.517471);
INSERT INTO exchange_rates (from_currency, to_currency, rate_date, exchange_rate) VALUES ('CNY', 'UAH', '2024-04-05', 6.550934);
INSERT INTO exchange_rates (from_currency, to_currency, rate_date, exchange_rate) VALUES ('CNY', 'UAH', '2024-04-06', 6.510505);
INSERT INTO exchange_rates (from_currency, to_currency, rate_date, exchange_rate) VALUES ('CNY', 'UAH', '2024-04-07', 6.453095);
INSERT INTO exchange_rates (from_currency, to_currency, rate_date, exchange_rate) VALUES ('CNY', 'UAH', '2024-04-08', 6.506397);
INSERT INTO exchange_rates (from_currency, to_currency, rate_date, exchange_rate) VALUES ('CNY', 'UAH', '2024-04-09', 6.339974);
INSERT INTO exchange_rates (from_currency, to_currency, rate_date, exchange_rate) VALUES ('CNY', 'UAH', '2024-04-10', 6.313757);
INSERT INTO exchange_rates (from_currency, to_currency, rate_date, exchange_rate) VALUES ('CNY', 'UAH', '2024-04-11', 6.241324);
INSERT INTO exchange_rates (from_currency, to_currency, rate_date, exchange_rate) VALUES ('CNY', 'UAH', '2024-04-12', 6.349053);
INSERT INTO exchange_rates (from_currency, to_currency, rate_date, exchange_rate) VALUES ('CNY', 'UAH', '2024-04-13', 6.361933);
INSERT INTO exchange_rates (from_currency, to_currency, rate_date, exchange_rate) VALUES ('CNY', 'UAH', '2024-04-14', 6.409131);
INSERT INTO exchange_rates (from_currency, to_currency, rate_date, exchange_rate) VALUES ('CNY', 'UAH', '2024-04-15', 6.494986);
INSERT INTO exchange_rates (from_currency, to_currency, rate_date, exchange_rate) VALUES ('CNY', 'UAH', '2024-04-16', 6.580817);
INSERT INTO exchange_rates (from_currency, to_currency, rate_date, exchange_rate) VALUES ('CNY', 'UAH', '2024-04-17', 6.604663);
INSERT INTO exchange_rates (from_currency, to_currency, rate_date, exchange_rate) VALUES ('CNY', 'UAH', '2024-04-18', 6.647609);
INSERT INTO exchange_rates (from_currency, to_currency, rate_date, exchange_rate) VALUES ('CNY', 'UAH', '2024-04-19', 6.708582);
INSERT INTO exchange_rates (from_currency, to_currency, rate_date, exchange_rate) VALUES ('CNY', 'UAH', '2024-04-20', 6.669792);
INSERT INTO exchange_rates (from_currency, to_currency, rate_date, exchange_rate) VALUES ('CNY', 'UAH', '2024-04-21', 6.606948);
INSERT INTO exchange_rates (from_currency, to_currency, rate_date, exchange_rate) VALUES ('CNY', 'UAH', '2024-04-22', 6.520802);
INSERT INTO exchange_rates (from_currency, to_currency, rate_date, exchange_rate) VALUES ('CNY', 'UAH', '2024-04-23', 6.502596);
INSERT INTO exchange_rates (from_currency, to_currency, rate_date, exchange_rate) VALUES ('CNY', 'UAH', '2024-04-24', 6.399247);
INSERT INTO exchange_rates (from_currency, to_currency, rate_date, exchange_rate) VALUES ('CNY', 'UAH', '2024-04-25', 6.356959);
INSERT INTO exchange_rates (from_currency, to_currency, rate_date, exchange_rate) VALUES ('CNY', 'UAH', '2024-04-26', 6.409637);
INSERT INTO exchange_rates (from_currency, to_currency, rate_date, exchange_rate) VALUES ('CNY', 'UAH', '2024-04-27', 6.507430);
INSERT INTO exchange_rates (from_currency, to_currency, rate_date, exchange_rate) VALUES ('CNY', 'UAH', '2024-04-28', 6.410546);
INSERT INTO exchange_rates (from_currency, to_currency, rate_date, exchange_rate) VALUES ('CNY', 'UAH', '2024-04-29', 6.484450);
INSERT INTO exchange_rates (from_currency, to_currency, rate_date, exchange_rate) VALUES ('CNY', 'UAH', '2024-04-30', 6.492514);
INSERT INTO exchange_rates (from_currency, to_currency, rate_date, exchange_rate) VALUES ('CNY', 'UAH', '2024-05-01', 6.432469);
INSERT INTO exchange_rates (from_currency, to_currency, rate_date, exchange_rate) VALUES ('CNY', 'UAH', '2024-05-02', 6.347703);
INSERT INTO exchange_rates (from_currency, to_currency, rate_date, exchange_rate) VALUES ('CNY', 'UAH', '2024-05-03', 6.374493);
INSERT INTO exchange_rates (from_currency, to_currency, rate_date, exchange_rate) VALUES ('CNY', 'UAH', '2024-05-04', 6.492756);
INSERT INTO exchange_rates (from_currency, to_currency, rate_date, exchange_rate) VALUES ('CNY', 'UAH', '2024-05-05', 6.445003);
INSERT INTO exchange_rates (from_currency, to_currency, rate_date, exchange_rate) VALUES ('CNY', 'UAH', '2024-05-06', 6.495859);
INSERT INTO exchange_rates (from_currency, to_currency, rate_date, exchange_rate) VALUES ('CNY', 'UAH', '2024-05-07', 6.513647);
INSERT INTO exchange_rates (from_currency, to_currency, rate_date, exchange_rate) VALUES ('CNY', 'UAH', '2024-05-08', 6.483486);
INSERT INTO exchange_rates (from_currency, to_currency, rate_date, exchange_rate) VALUES ('CNY', 'UAH', '2024-05-09', 6.633768);
INSERT INTO exchange_rates (from_currency, to_currency, rate_date, exchange_rate) VALUES ('CNY', 'UAH', '2024-05-10', 6.538562);
INSERT INTO exchange_rates (from_currency, to_currency, rate_date, exchange_rate) VALUES ('CNY', 'UAH', '2024-05-11', 6.628997);
INSERT INTO exchange_rates (from_currency, to_currency, rate_date, exchange_rate) VALUES ('CNY', 'UAH', '2024-05-12', 6.743793);
INSERT INTO exchange_rates (from_currency, to_currency, rate_date, exchange_rate) VALUES ('CNY', 'UAH', '2024-05-13', 6.771259);
INSERT INTO exchange_rates (from_currency, to_currency, rate_date, exchange_rate) VALUES ('CNY', 'UAH', '2024-05-14', 6.782175);
INSERT INTO exchange_rates (from_currency, to_currency, rate_date, exchange_rate) VALUES ('CNY', 'UAH', '2024-05-15', 6.693691);
INSERT INTO exchange_rates (from_currency, to_currency, rate_date, exchange_rate) VALUES ('CNY', 'UAH', '2024-05-16', 6.628437);
INSERT INTO exchange_rates (from_currency, to_currency, rate_date, exchange_rate) VALUES ('CNY', 'UAH', '2024-05-17', 6.634019);
INSERT INTO exchange_rates (from_currency, to_currency, rate_date, exchange_rate) VALUES ('CNY', 'UAH', '2024-05-18', 6.647105);
INSERT INTO exchange_rates (from_currency, to_currency, rate_date, exchange_rate) VALUES ('CNY', 'UAH', '2024-05-19', 6.809411);
INSERT INTO exchange_rates (from_currency, to_currency, rate_date, exchange_rate) VALUES ('CNY', 'UAH', '2024-05-20', 6.802373);
INSERT INTO exchange_rates (from_currency, to_currency, rate_date, exchange_rate) VALUES ('CNY', 'UAH', '2024-05-21', 6.772229);
INSERT INTO exchange_rates (from_currency, to_currency, rate_date, exchange_rate) VALUES ('CNY', 'UAH', '2024-05-22', 6.844185);
INSERT INTO exchange_rates (from_currency, to_currency, rate_date, exchange_rate) VALUES ('CNY', 'UAH', '2024-05-23', 6.967214);
INSERT INTO exchange_rates (from_currency, to_currency, rate_date, exchange_rate) VALUES ('CNY', 'UAH', '2024-05-24', 7.007649);
INSERT INTO exchange_rates (from_currency, to_currency, rate_date, exchange_rate) VALUES ('CNY', 'UAH', '2024-05-25', 7.134949);
INSERT INTO exchange_rates (from_currency, to_currency, rate_date, exchange_rate) VALUES ('CNY', 'UAH', '2024-05-26', 7.069820);
INSERT INTO exchange_rates (from_currency, to_currency, rate_date, exchange_rate) VALUES ('CNY', 'UAH', '2024-05-27', 7.178714);
INSERT INTO exchange_rates (from_currency, to_currency, rate_date, exchange_rate) VALUES ('CNY', 'UAH', '2024-05-28', 7.201267);
INSERT INTO exchange_rates (from_currency, to_currency, rate_date, exchange_rate) VALUES ('CNY', 'UAH', '2024-05-29', 7.288345);
INSERT INTO exchange_rates (from_currency, to_currency, rate_date, exchange_rate) VALUES ('CNY', 'UAH', '2024-05-30', 7.154946);
INSERT INTO exchange_rates (from_currency, to_currency, rate_date, exchange_rate) VALUES ('CNY', 'UAH', '2024-05-31', 7.331303);
INSERT INTO exchange_rates (from_currency, to_currency, rate_date, exchange_rate) VALUES ('CNY', 'UAH', '2024-06-01', 7.278694);
INSERT INTO exchange_rates (from_currency, to_currency, rate_date, exchange_rate) VALUES ('CNY', 'UAH', '2024-06-02', 7.222662);
INSERT INTO exchange_rates (from_currency, to_currency, rate_date, exchange_rate) VALUES ('CNY', 'UAH', '2024-06-03', 7.329846);
INSERT INTO exchange_rates (from_currency, to_currency, rate_date, exchange_rate) VALUES ('CNY', 'UAH', '2024-06-04', 7.121973);
INSERT INTO exchange_rates (from_currency, to_currency, rate_date, exchange_rate) VALUES ('CNY', 'UAH', '2024-06-05', 7.059621);
INSERT INTO exchange_rates (from_currency, to_currency, rate_date, exchange_rate) VALUES ('CNY', 'UAH', '2024-06-06', 6.998263);
INSERT INTO exchange_rates (from_currency, to_currency, rate_date, exchange_rate) VALUES ('CNY', 'UAH', '2024-06-07', 6.901994);
INSERT INTO exchange_rates (from_currency, to_currency, rate_date, exchange_rate) VALUES ('CNY', 'UAH', '2024-06-08', 6.954392);
INSERT INTO exchange_rates (from_currency, to_currency, rate_date, exchange_rate) VALUES ('CNY', 'UAH', '2024-06-09', 6.858165);
INSERT INTO exchange_rates (from_currency, to_currency, rate_date, exchange_rate) VALUES ('CNY', 'UAH', '2024-06-10', 6.807568);
INSERT INTO exchange_rates (from_currency, to_currency, rate_date, exchange_rate) VALUES ('CNY', 'UAH', '2024-06-11', 6.647496);
INSERT INTO exchange_rates (from_currency, to_currency, rate_date, exchange_rate) VALUES ('CNY', 'UAH', '2024-06-12', 6.619733);
INSERT INTO exchange_rates (from_currency, to_currency, rate_date, exchange_rate) VALUES ('CNY', 'UAH', '2024-06-13', 6.564233);
INSERT INTO exchange_rates (from_currency, to_currency, rate_date, exchange_rate) VALUES ('CNY', 'UAH', '2024-06-14', 6.452984);
INSERT INTO exchange_rates (from_currency, to_currency, rate_date, exchange_rate) VALUES ('CNY', 'UAH', '2024-06-15', 6.521043);
INSERT INTO exchange_rates (from_currency, to_currency, rate_date, exchange_rate) VALUES ('CNY', 'UAH', '2024-06-16', 6.591322);
INSERT INTO exchange_rates (from_currency, to_currency, rate_date, exchange_rate) VALUES ('CNY', 'UAH', '2024-06-17', 6.453498);
INSERT INTO exchange_rates (from_currency, to_currency, rate_date, exchange_rate) VALUES ('CNY', 'UAH', '2024-06-18', 6.414308);
INSERT INTO exchange_rates (from_currency, to_currency, rate_date, exchange_rate) VALUES ('CNY', 'UAH', '2024-06-19', 6.248645);
INSERT INTO exchange_rates (from_currency, to_currency, rate_date, exchange_rate) VALUES ('CNY', 'UAH', '2024-06-20', 6.273503);
INSERT INTO exchange_rates (from_currency, to_currency, rate_date, exchange_rate) VALUES ('CNY', 'UAH', '2024-06-21', 6.226707);
INSERT INTO exchange_rates (from_currency, to_currency, rate_date, exchange_rate) VALUES ('CNY', 'UAH', '2024-06-22', 6.311085);
INSERT INTO exchange_rates (from_currency, to_currency, rate_date, exchange_rate) VALUES ('CNY', 'UAH', '2024-06-23', 6.246327);
INSERT INTO exchange_rates (from_currency, to_currency, rate_date, exchange_rate) VALUES ('CNY', 'UAH', '2024-06-24', 6.372557);
INSERT INTO exchange_rates (from_currency, to_currency, rate_date, exchange_rate) VALUES ('CNY', 'UAH', '2024-06-25', 6.375503);
INSERT INTO exchange_rates (from_currency, to_currency, rate_date, exchange_rate) VALUES ('CNY', 'UAH', '2024-06-26', 6.363442);
INSERT INTO exchange_rates (from_currency, to_currency, rate_date, exchange_rate) VALUES ('CNY', 'UAH', '2024-06-27', 6.226669);
INSERT INTO exchange_rates (from_currency, to_currency, rate_date, exchange_rate) VALUES ('CNY', 'UAH', '2024-06-28', 6.361499);
INSERT INTO exchange_rates (from_currency, to_currency, rate_date, exchange_rate) VALUES ('CNY', 'UAH', '2024-06-29', 6.435720);
INSERT INTO exchange_rates (from_currency, to_currency, rate_date, exchange_rate) VALUES ('CNY', 'UAH', '2024-06-30', 6.551010);
INSERT INTO exchange_rates (from_currency, to_currency, rate_date, exchange_rate) VALUES ('CNY', 'UAH', '2024-07-01', 6.525700);
INSERT INTO exchange_rates (from_currency, to_currency, rate_date, exchange_rate) VALUES ('CNY', 'UAH', '2024-07-02', 6.463200);
INSERT INTO exchange_rates (from_currency, to_currency, rate_date, exchange_rate) VALUES ('CNY', 'UAH', '2024-07-03', 6.524628);
INSERT INTO exchange_rates (from_currency, to_currency, rate_date, exchange_rate) VALUES ('CNY', 'UAH', '2024-07-04', 6.502865);
INSERT INTO exchange_rates (from_currency, to_currency, rate_date, exchange_rate) VALUES ('CNY', 'UAH', '2024-07-05', 6.554527);
INSERT INTO exchange_rates (from_currency, to_currency, rate_date, exchange_rate) VALUES ('CNY', 'UAH', '2024-07-06', 6.574930);
INSERT INTO exchange_rates (from_currency, to_currency, rate_date, exchange_rate) VALUES ('CNY', 'UAH', '2024-07-07', 6.405461);
INSERT INTO exchange_rates (from_currency, to_currency, rate_date, exchange_rate) VALUES ('CNY', 'UAH', '2024-07-08', 6.475810);
INSERT INTO exchange_rates (from_currency, to_currency, rate_date, exchange_rate) VALUES ('CNY', 'UAH', '2024-07-09', 6.338277);
INSERT INTO exchange_rates (from_currency, to_currency, rate_date, exchange_rate) VALUES ('CNY', 'UAH', '2024-07-10', 6.259503);
INSERT INTO exchange_rates (from_currency, to_currency, rate_date, exchange_rate) VALUES ('CNY', 'UAH', '2024-07-11', 6.406554);
INSERT INTO exchange_rates (from_currency, to_currency, rate_date, exchange_rate) VALUES ('CNY', 'UAH', '2024-07-12', 6.396607);
INSERT INTO exchange_rates (from_currency, to_currency, rate_date, exchange_rate) VALUES ('CNY', 'UAH', '2024-07-13', 6.451570);
INSERT INTO exchange_rates (from_currency, to_currency, rate_date, exchange_rate) VALUES ('CNY', 'UAH', '2024-07-14', 6.268738);
INSERT INTO exchange_rates (from_currency, to_currency, rate_date, exchange_rate) VALUES ('CNY', 'UAH', '2024-07-15', 6.249654);
INSERT INTO exchange_rates (from_currency, to_currency, rate_date, exchange_rate) VALUES ('CNY', 'UAH', '2024-07-16', 6.294715);
INSERT INTO exchange_rates (from_currency, to_currency, rate_date, exchange_rate) VALUES ('CNY', 'UAH', '2024-07-17', 6.231518);
INSERT INTO exchange_rates (from_currency, to_currency, rate_date, exchange_rate) VALUES ('CNY', 'UAH', '2024-07-18', 6.385471);
INSERT INTO exchange_rates (from_currency, to_currency, rate_date, exchange_rate) VALUES ('CNY', 'UAH', '2024-07-19', 6.312124);
INSERT INTO exchange_rates (from_currency, to_currency, rate_date, exchange_rate) VALUES ('CNY', 'UAH', '2024-07-20', 6.193676);
INSERT INTO exchange_rates (from_currency, to_currency, rate_date, exchange_rate) VALUES ('CNY', 'UAH', '2024-07-21', 6.072655);
INSERT INTO exchange_rates (from_currency, to_currency, rate_date, exchange_rate) VALUES ('CNY', 'UAH', '2024-07-22', 6.018797);
INSERT INTO exchange_rates (from_currency, to_currency, rate_date, exchange_rate) VALUES ('CNY', 'UAH', '2024-07-23', 5.979556);
INSERT INTO exchange_rates (from_currency, to_currency, rate_date, exchange_rate) VALUES ('CNY', 'UAH', '2024-07-24', 5.929995);
INSERT INTO exchange_rates (from_currency, to_currency, rate_date, exchange_rate) VALUES ('CNY', 'UAH', '2024-07-25', 5.960151);
INSERT INTO exchange_rates (from_currency, to_currency, rate_date, exchange_rate) VALUES ('CNY', 'UAH', '2024-07-26', 5.982427);
INSERT INTO exchange_rates (from_currency, to_currency, rate_date, exchange_rate) VALUES ('CNY', 'UAH', '2024-07-27', 6.098802);
INSERT INTO exchange_rates (from_currency, to_currency, rate_date, exchange_rate) VALUES ('CNY', 'UAH', '2024-07-28', 6.241186);
INSERT INTO exchange_rates (from_currency, to_currency, rate_date, exchange_rate) VALUES ('CNY', 'UAH', '2024-07-29', 6.169592);
INSERT INTO exchange_rates (from_currency, to_currency, rate_date, exchange_rate) VALUES ('CNY', 'UAH', '2024-07-30', 6.127210);
INSERT INTO exchange_rates (from_currency, to_currency, rate_date, exchange_rate) VALUES ('CNY', 'UAH', '2024-07-31', 6.209845);
INSERT INTO exchange_rates (from_currency, to_currency, rate_date, exchange_rate) VALUES ('CNY', 'UAH', '2024-08-01', 6.099670);
INSERT INTO exchange_rates (from_currency, to_currency, rate_date, exchange_rate) VALUES ('CNY', 'UAH', '2024-08-02', 5.968554);
INSERT INTO exchange_rates (from_currency, to_currency, rate_date, exchange_rate) VALUES ('CNY', 'UAH', '2024-08-03', 5.809197);
INSERT INTO exchange_rates (from_currency, to_currency, rate_date, exchange_rate) VALUES ('CNY', 'UAH', '2024-08-04', 5.843386);
INSERT INTO exchange_rates (from_currency, to_currency, rate_date, exchange_rate) VALUES ('CNY', 'UAH', '2024-08-05', 5.913272);
INSERT INTO exchange_rates (from_currency, to_currency, rate_date, exchange_rate) VALUES ('CNY', 'UAH', '2024-08-06', 5.923451);
INSERT INTO exchange_rates (from_currency, to_currency, rate_date, exchange_rate) VALUES ('CNY', 'UAH', '2024-08-07', 5.933144);
INSERT INTO exchange_rates (from_currency, to_currency, rate_date, exchange_rate) VALUES ('CNY', 'UAH', '2024-08-08', 5.992207);
INSERT INTO exchange_rates (from_currency, to_currency, rate_date, exchange_rate) VALUES ('CNY', 'UAH', '2024-08-09', 5.949375);
INSERT INTO exchange_rates (from_currency, to_currency, rate_date, exchange_rate) VALUES ('CNY', 'UAH', '2024-08-10', 5.946742);
INSERT INTO exchange_rates (from_currency, to_currency, rate_date, exchange_rate) VALUES ('CNY', 'UAH', '2024-08-11', 6.108749);
INSERT INTO exchange_rates (from_currency, to_currency, rate_date, exchange_rate) VALUES ('CNY', 'UAH', '2024-08-12', 6.138252);
INSERT INTO exchange_rates (from_currency, to_currency, rate_date, exchange_rate) VALUES ('CNY', 'UAH', '2024-08-13', 6.012001);
INSERT INTO exchange_rates (from_currency, to_currency, rate_date, exchange_rate) VALUES ('CNY', 'UAH', '2024-08-14', 6.031249);
INSERT INTO exchange_rates (from_currency, to_currency, rate_date, exchange_rate) VALUES ('CNY', 'UAH', '2024-08-15', 6.202016);
INSERT INTO exchange_rates (from_currency, to_currency, rate_date, exchange_rate) VALUES ('CNY', 'UAH', '2024-08-16', 6.261762);
INSERT INTO exchange_rates (from_currency, to_currency, rate_date, exchange_rate) VALUES ('CNY', 'UAH', '2024-08-17', 6.201364);
INSERT INTO exchange_rates (from_currency, to_currency, rate_date, exchange_rate) VALUES ('CNY', 'UAH', '2024-08-18', 6.263988);
INSERT INTO exchange_rates (from_currency, to_currency, rate_date, exchange_rate) VALUES ('CNY', 'UAH', '2024-08-19', 6.216274);
INSERT INTO exchange_rates (from_currency, to_currency, rate_date, exchange_rate) VALUES ('CNY', 'UAH', '2024-08-20', 6.304681);
INSERT INTO exchange_rates (from_currency, to_currency, rate_date, exchange_rate) VALUES ('CNY', 'UAH', '2024-08-21', 6.224625);
INSERT INTO exchange_rates (from_currency, to_currency, rate_date, exchange_rate) VALUES ('CNY', 'UAH', '2024-08-22', 6.145339);
INSERT INTO exchange_rates (from_currency, to_currency, rate_date, exchange_rate) VALUES ('CNY', 'UAH', '2024-08-23', 6.191009);
INSERT INTO exchange_rates (from_currency, to_currency, rate_date, exchange_rate) VALUES ('CNY', 'UAH', '2024-08-24', 6.217116);
INSERT INTO exchange_rates (from_currency, to_currency, rate_date, exchange_rate) VALUES ('CNY', 'UAH', '2024-08-25', 6.195679);
INSERT INTO exchange_rates (from_currency, to_currency, rate_date, exchange_rate) VALUES ('CNY', 'UAH', '2024-08-26', 6.150255);
INSERT INTO exchange_rates (from_currency, to_currency, rate_date, exchange_rate) VALUES ('CNY', 'UAH', '2024-08-27', 6.072706);
INSERT INTO exchange_rates (from_currency, to_currency, rate_date, exchange_rate) VALUES ('CNY', 'UAH', '2024-08-28', 6.170322);
INSERT INTO exchange_rates (from_currency, to_currency, rate_date, exchange_rate) VALUES ('CNY', 'UAH', '2024-08-29', 6.118161);
INSERT INTO exchange_rates (from_currency, to_currency, rate_date, exchange_rate) VALUES ('CNY', 'UAH', '2024-08-30', 6.104016);
INSERT INTO exchange_rates (from_currency, to_currency, rate_date, exchange_rate) VALUES ('CNY', 'UAH', '2024-08-31', 6.084030);
INSERT INTO exchange_rates (from_currency, to_currency, rate_date, exchange_rate) VALUES ('CNY', 'UAH', '2024-09-01', 6.135650);
INSERT INTO exchange_rates (from_currency, to_currency, rate_date, exchange_rate) VALUES ('CNY', 'UAH', '2024-09-02', 6.139682);
INSERT INTO exchange_rates (from_currency, to_currency, rate_date, exchange_rate) VALUES ('CNY', 'UAH', '2024-09-03', 6.193056);
INSERT INTO exchange_rates (from_currency, to_currency, rate_date, exchange_rate) VALUES ('CNY', 'UAH', '2024-09-04', 6.324273);
INSERT INTO exchange_rates (from_currency, to_currency, rate_date, exchange_rate) VALUES ('CNY', 'UAH', '2024-09-05', 6.406493);
INSERT INTO exchange_rates (from_currency, to_currency, rate_date, exchange_rate) VALUES ('CNY', 'UAH', '2024-09-06', 6.543407);
INSERT INTO exchange_rates (from_currency, to_currency, rate_date, exchange_rate) VALUES ('CNY', 'UAH', '2024-09-07', 6.510729);
INSERT INTO exchange_rates (from_currency, to_currency, rate_date, exchange_rate) VALUES ('CNY', 'UAH', '2024-09-08', 6.544034);
INSERT INTO exchange_rates (from_currency, to_currency, rate_date, exchange_rate) VALUES ('CNY', 'UAH', '2024-09-09', 6.472709);
INSERT INTO exchange_rates (from_currency, to_currency, rate_date, exchange_rate) VALUES ('CNY', 'UAH', '2024-09-10', 6.383730);
INSERT INTO exchange_rates (from_currency, to_currency, rate_date, exchange_rate) VALUES ('CNY', 'UAH', '2024-09-11', 6.337610);
INSERT INTO exchange_rates (from_currency, to_currency, rate_date, exchange_rate) VALUES ('CNY', 'UAH', '2024-09-12', 6.263643);
INSERT INTO exchange_rates (from_currency, to_currency, rate_date, exchange_rate) VALUES ('CNY', 'UAH', '2024-09-13', 6.212275);
INSERT INTO exchange_rates (from_currency, to_currency, rate_date, exchange_rate) VALUES ('CNY', 'UAH', '2024-09-14', 6.143197);
INSERT INTO exchange_rates (from_currency, to_currency, rate_date, exchange_rate) VALUES ('CNY', 'UAH', '2024-09-15', 5.983122);
INSERT INTO exchange_rates (from_currency, to_currency, rate_date, exchange_rate) VALUES ('CNY', 'UAH', '2024-09-16', 6.019553);
INSERT INTO exchange_rates (from_currency, to_currency, rate_date, exchange_rate) VALUES ('CNY', 'UAH', '2024-09-17', 5.946946);
INSERT INTO exchange_rates (from_currency, to_currency, rate_date, exchange_rate) VALUES ('CNY', 'UAH', '2024-09-18', 5.961759);
INSERT INTO exchange_rates (from_currency, to_currency, rate_date, exchange_rate) VALUES ('CNY', 'UAH', '2024-09-19', 6.044302);
INSERT INTO exchange_rates (from_currency, to_currency, rate_date, exchange_rate) VALUES ('CNY', 'UAH', '2024-09-20', 6.149572);
INSERT INTO exchange_rates (from_currency, to_currency, rate_date, exchange_rate) VALUES ('CNY', 'UAH', '2024-09-21', 6.154025);
INSERT INTO exchange_rates (from_currency, to_currency, rate_date, exchange_rate) VALUES ('CNY', 'UAH', '2024-09-22', 6.101675);
INSERT INTO exchange_rates (from_currency, to_currency, rate_date, exchange_rate) VALUES ('CNY', 'UAH', '2024-09-23', 6.136261);
INSERT INTO exchange_rates (from_currency, to_currency, rate_date, exchange_rate) VALUES ('CNY', 'UAH', '2024-09-24', 6.268959);
INSERT INTO exchange_rates (from_currency, to_currency, rate_date, exchange_rate) VALUES ('CNY', 'UAH', '2024-09-25', 6.415337);
INSERT INTO exchange_rates (from_currency, to_currency, rate_date, exchange_rate) VALUES ('CNY', 'UAH', '2024-09-26', 6.313037);
INSERT INTO exchange_rates (from_currency, to_currency, rate_date, exchange_rate) VALUES ('CNY', 'UAH', '2024-09-27', 6.364783);
INSERT INTO exchange_rates (from_currency, to_currency, rate_date, exchange_rate) VALUES ('CNY', 'UAH', '2024-09-28', 6.271530);
INSERT INTO exchange_rates (from_currency, to_currency, rate_date, exchange_rate) VALUES ('CNY', 'UAH', '2024-09-29', 6.261959);
INSERT INTO exchange_rates (from_currency, to_currency, rate_date, exchange_rate) VALUES ('CNY', 'UAH', '2024-09-30', 6.247863);
INSERT INTO exchange_rates (from_currency, to_currency, rate_date, exchange_rate) VALUES ('CNY', 'UAH', '2024-10-01', 6.217809);
INSERT INTO exchange_rates (from_currency, to_currency, rate_date, exchange_rate) VALUES ('CNY', 'UAH', '2024-10-02', 6.165562);
INSERT INTO exchange_rates (from_currency, to_currency, rate_date, exchange_rate) VALUES ('CNY', 'UAH', '2024-10-03', 6.199345);
INSERT INTO exchange_rates (from_currency, to_currency, rate_date, exchange_rate) VALUES ('CNY', 'UAH', '2024-10-04', 6.134165);
INSERT INTO exchange_rates (from_currency, to_currency, rate_date, exchange_rate) VALUES ('CNY', 'UAH', '2024-10-05', 6.120161);
INSERT INTO exchange_rates (from_currency, to_currency, rate_date, exchange_rate) VALUES ('CNY', 'UAH', '2024-10-06', 5.922411);
INSERT INTO exchange_rates (from_currency, to_currency, rate_date, exchange_rate) VALUES ('CNY', 'UAH', '2024-10-07', 5.874347);
INSERT INTO exchange_rates (from_currency, to_currency, rate_date, exchange_rate) VALUES ('CNY', 'UAH', '2024-10-08', 5.938649);
INSERT INTO exchange_rates (from_currency, to_currency, rate_date, exchange_rate) VALUES ('CNY', 'UAH', '2024-10-09', 5.947354);
INSERT INTO exchange_rates (from_currency, to_currency, rate_date, exchange_rate) VALUES ('CNY', 'UAH', '2024-10-10', 5.988702);
INSERT INTO exchange_rates (from_currency, to_currency, rate_date, exchange_rate) VALUES ('CNY', 'UAH', '2024-10-11', 5.919995);
INSERT INTO exchange_rates (from_currency, to_currency, rate_date, exchange_rate) VALUES ('CNY', 'UAH', '2024-10-12', 6.028159);
INSERT INTO exchange_rates (from_currency, to_currency, rate_date, exchange_rate) VALUES ('CNY', 'UAH', '2024-10-13', 6.027046);
INSERT INTO exchange_rates (from_currency, to_currency, rate_date, exchange_rate) VALUES ('CNY', 'UAH', '2024-10-14', 5.844333);
INSERT INTO exchange_rates (from_currency, to_currency, rate_date, exchange_rate) VALUES ('CNY', 'UAH', '2024-10-15', 5.783879);
INSERT INTO exchange_rates (from_currency, to_currency, rate_date, exchange_rate) VALUES ('CNY', 'UAH', '2024-10-16', 5.827336);
INSERT INTO exchange_rates (from_currency, to_currency, rate_date, exchange_rate) VALUES ('CNY', 'UAH', '2024-10-17', 5.689122);
INSERT INTO exchange_rates (from_currency, to_currency, rate_date, exchange_rate) VALUES ('CNY', 'UAH', '2024-10-18', 5.559936);
INSERT INTO exchange_rates (from_currency, to_currency, rate_date, exchange_rate) VALUES ('CNY', 'UAH', '2024-10-19', 5.594401);
INSERT INTO exchange_rates (from_currency, to_currency, rate_date, exchange_rate) VALUES ('CNY', 'UAH', '2024-10-20', 5.480095);
INSERT INTO exchange_rates (from_currency, to_currency, rate_date, exchange_rate) VALUES ('CNY', 'UAH', '2024-10-21', 5.343361);
INSERT INTO exchange_rates (from_currency, to_currency, rate_date, exchange_rate) VALUES ('CNY', 'UAH', '2024-10-22', 5.371885);
INSERT INTO exchange_rates (from_currency, to_currency, rate_date, exchange_rate) VALUES ('CNY', 'UAH', '2024-10-23', 5.479850);
INSERT INTO exchange_rates (from_currency, to_currency, rate_date, exchange_rate) VALUES ('CNY', 'UAH', '2024-10-24', 5.512044);
INSERT INTO exchange_rates (from_currency, to_currency, rate_date, exchange_rate) VALUES ('CNY', 'UAH', '2024-10-25', 5.497889);
INSERT INTO exchange_rates (from_currency, to_currency, rate_date, exchange_rate) VALUES ('CNY', 'UAH', '2024-10-26', 5.623354);
INSERT INTO exchange_rates (from_currency, to_currency, rate_date, exchange_rate) VALUES ('CNY', 'UAH', '2024-10-27', 5.738583);
INSERT INTO exchange_rates (from_currency, to_currency, rate_date, exchange_rate) VALUES ('CNY', 'UAH', '2024-10-28', 5.671845);
INSERT INTO exchange_rates (from_currency, to_currency, rate_date, exchange_rate) VALUES ('CNY', 'UAH', '2024-10-29', 5.683050);
INSERT INTO exchange_rates (from_currency, to_currency, rate_date, exchange_rate) VALUES ('CNY', 'UAH', '2024-10-30', 5.762028);
INSERT INTO exchange_rates (from_currency, to_currency, rate_date, exchange_rate) VALUES ('CNY', 'UAH', '2024-10-31', 5.661908);
INSERT INTO exchange_rates (from_currency, to_currency, rate_date, exchange_rate) VALUES ('CNY', 'UAH', '2024-11-01', 5.841392);
INSERT INTO exchange_rates (from_currency, to_currency, rate_date, exchange_rate) VALUES ('CNY', 'UAH', '2024-11-02', 5.772395);
INSERT INTO exchange_rates (from_currency, to_currency, rate_date, exchange_rate) VALUES ('CNY', 'UAH', '2024-11-03', 5.856177);
INSERT INTO exchange_rates (from_currency, to_currency, rate_date, exchange_rate) VALUES ('CNY', 'UAH', '2024-11-04', 5.892616);
INSERT INTO exchange_rates (from_currency, to_currency, rate_date, exchange_rate) VALUES ('CNY', 'UAH', '2024-11-05', 5.864189);
INSERT INTO exchange_rates (from_currency, to_currency, rate_date, exchange_rate) VALUES ('CNY', 'UAH', '2024-11-06', 5.795239);
INSERT INTO exchange_rates (from_currency, to_currency, rate_date, exchange_rate) VALUES ('CNY', 'UAH', '2024-11-07', 5.713236);
INSERT INTO exchange_rates (from_currency, to_currency, rate_date, exchange_rate) VALUES ('CNY', 'UAH', '2024-11-08', 5.864237);
INSERT INTO exchange_rates (from_currency, to_currency, rate_date, exchange_rate) VALUES ('CNY', 'UAH', '2024-11-09', 5.801354);
INSERT INTO exchange_rates (from_currency, to_currency, rate_date, exchange_rate) VALUES ('CNY', 'UAH', '2024-11-10', 5.663590);
INSERT INTO exchange_rates (from_currency, to_currency, rate_date, exchange_rate) VALUES ('CNY', 'UAH', '2024-11-11', 5.609307);
INSERT INTO exchange_rates (from_currency, to_currency, rate_date, exchange_rate) VALUES ('CNY', 'UAH', '2024-11-12', 5.721138);
INSERT INTO exchange_rates (from_currency, to_currency, rate_date, exchange_rate) VALUES ('CNY', 'UAH', '2024-11-13', 5.697487);
INSERT INTO exchange_rates (from_currency, to_currency, rate_date, exchange_rate) VALUES ('CNY', 'UAH', '2024-11-14', 5.632761);
INSERT INTO exchange_rates (from_currency, to_currency, rate_date, exchange_rate) VALUES ('CNY', 'UAH', '2024-11-15', 5.667119);
INSERT INTO exchange_rates (from_currency, to_currency, rate_date, exchange_rate) VALUES ('CNY', 'UAH', '2024-11-16', 5.751293);
INSERT INTO exchange_rates (from_currency, to_currency, rate_date, exchange_rate) VALUES ('CNY', 'UAH', '2024-11-17', 5.683438);
INSERT INTO exchange_rates (from_currency, to_currency, rate_date, exchange_rate) VALUES ('CNY', 'UAH', '2024-11-18', 5.697259);
INSERT INTO exchange_rates (from_currency, to_currency, rate_date, exchange_rate) VALUES ('CNY', 'UAH', '2024-11-19', 5.830265);
INSERT INTO exchange_rates (from_currency, to_currency, rate_date, exchange_rate) VALUES ('CNY', 'UAH', '2024-11-20', 5.842776);
INSERT INTO exchange_rates (from_currency, to_currency, rate_date, exchange_rate) VALUES ('CNY', 'UAH', '2024-11-21', 5.854450);
INSERT INTO exchange_rates (from_currency, to_currency, rate_date, exchange_rate) VALUES ('CNY', 'UAH', '2024-11-22', 5.739567);
INSERT INTO exchange_rates (from_currency, to_currency, rate_date, exchange_rate) VALUES ('CNY', 'UAH', '2024-11-23', 5.769105);
INSERT INTO exchange_rates (from_currency, to_currency, rate_date, exchange_rate) VALUES ('CNY', 'UAH', '2024-11-24', 5.768938);
INSERT INTO exchange_rates (from_currency, to_currency, rate_date, exchange_rate) VALUES ('CNY', 'UAH', '2024-11-25', 5.705170);
INSERT INTO exchange_rates (from_currency, to_currency, rate_date, exchange_rate) VALUES ('CNY', 'UAH', '2024-11-26', 5.754983);
INSERT INTO exchange_rates (from_currency, to_currency, rate_date, exchange_rate) VALUES ('CNY', 'UAH', '2024-11-27', 5.612256);
INSERT INTO exchange_rates (from_currency, to_currency, rate_date, exchange_rate) VALUES ('CNY', 'UAH', '2024-11-28', 5.705858);
INSERT INTO exchange_rates (from_currency, to_currency, rate_date, exchange_rate) VALUES ('CNY', 'UAH', '2024-11-29', 5.649338);
INSERT INTO exchange_rates (from_currency, to_currency, rate_date, exchange_rate) VALUES ('CNY', 'UAH', '2024-11-30', 5.691883);
INSERT INTO exchange_rates (from_currency, to_currency, rate_date, exchange_rate) VALUES ('CNY', 'UAH', '2024-12-01', 5.797274);
INSERT INTO exchange_rates (from_currency, to_currency, rate_date, exchange_rate) VALUES ('CNY', 'UAH', '2024-12-02', 5.878193);
INSERT INTO exchange_rates (from_currency, to_currency, rate_date, exchange_rate) VALUES ('CNY', 'UAH', '2024-12-03', 5.940582);
INSERT INTO exchange_rates (from_currency, to_currency, rate_date, exchange_rate) VALUES ('CNY', 'UAH', '2024-12-04', 5.930435);
INSERT INTO exchange_rates (from_currency, to_currency, rate_date, exchange_rate) VALUES ('CNY', 'UAH', '2024-12-05', 5.936044);
INSERT INTO exchange_rates (from_currency, to_currency, rate_date, exchange_rate) VALUES ('CNY', 'UAH', '2024-12-06', 5.987417);
INSERT INTO exchange_rates (from_currency, to_currency, rate_date, exchange_rate) VALUES ('CNY', 'UAH', '2024-12-07', 6.056002);
INSERT INTO exchange_rates (from_currency, to_currency, rate_date, exchange_rate) VALUES ('CNY', 'UAH', '2024-12-08', 6.122878);
INSERT INTO exchange_rates (from_currency, to_currency, rate_date, exchange_rate) VALUES ('CNY', 'UAH', '2024-12-09', 6.297957);
INSERT INTO exchange_rates (from_currency, to_currency, rate_date, exchange_rate) VALUES ('CNY', 'UAH', '2024-12-10', 6.236179);
INSERT INTO exchange_rates (from_currency, to_currency, rate_date, exchange_rate) VALUES ('CNY', 'UAH', '2024-12-11', 6.057438);
INSERT INTO exchange_rates (from_currency, to_currency, rate_date, exchange_rate) VALUES ('CNY', 'UAH', '2024-12-12', 6.004721);
INSERT INTO exchange_rates (from_currency, to_currency, rate_date, exchange_rate) VALUES ('CNY', 'UAH', '2024-12-13', 6.055682);
INSERT INTO exchange_rates (from_currency, to_currency, rate_date, exchange_rate) VALUES ('CNY', 'UAH', '2024-12-14', 6.083337);
INSERT INTO exchange_rates (from_currency, to_currency, rate_date, exchange_rate) VALUES ('CNY', 'UAH', '2024-12-15', 6.109489);
INSERT INTO exchange_rates (from_currency, to_currency, rate_date, exchange_rate) VALUES ('CNY', 'UAH', '2024-12-16', 6.163182);
INSERT INTO exchange_rates (from_currency, to_currency, rate_date, exchange_rate) VALUES ('CNY', 'UAH', '2024-12-17', 6.210285);
INSERT INTO exchange_rates (from_currency, to_currency, rate_date, exchange_rate) VALUES ('CNY', 'UAH', '2024-12-18', 6.170137);
INSERT INTO exchange_rates (from_currency, to_currency, rate_date, exchange_rate) VALUES ('CNY', 'UAH', '2024-12-19', 6.072209);
INSERT INTO exchange_rates (from_currency, to_currency, rate_date, exchange_rate) VALUES ('CNY', 'UAH', '2024-12-20', 5.941520);
INSERT INTO exchange_rates (from_currency, to_currency, rate_date, exchange_rate) VALUES ('CNY', 'UAH', '2024-12-21', 6.013127);
INSERT INTO exchange_rates (from_currency, to_currency, rate_date, exchange_rate) VALUES ('CNY', 'UAH', '2024-12-22', 6.120108);
INSERT INTO exchange_rates (from_currency, to_currency, rate_date, exchange_rate) VALUES ('CNY', 'UAH', '2024-12-23', 6.264751);
INSERT INTO exchange_rates (from_currency, to_currency, rate_date, exchange_rate) VALUES ('CNY', 'UAH', '2024-12-24', 6.369863);
INSERT INTO exchange_rates (from_currency, to_currency, rate_date, exchange_rate) VALUES ('CNY', 'UAH', '2024-12-25', 6.378597);
INSERT INTO exchange_rates (from_currency, to_currency, rate_date, exchange_rate) VALUES ('CNY', 'UAH', '2024-12-26', 6.373424);
INSERT INTO exchange_rates (from_currency, to_currency, rate_date, exchange_rate) VALUES ('CNY', 'UAH', '2024-12-27', 6.667031);
INSERT INTO exchange_rates (from_currency, to_currency, rate_date, exchange_rate) VALUES ('CNY', 'UAH', '2024-12-28', 6.680985);
INSERT INTO exchange_rates (from_currency, to_currency, rate_date, exchange_rate) VALUES ('CNY', 'UAH', '2024-12-29', 6.777107);
INSERT INTO exchange_rates (from_currency, to_currency, rate_date, exchange_rate) VALUES ('CNY', 'UAH', '2024-12-30', 6.771607);
INSERT INTO exchange_rates (from_currency, to_currency, rate_date, exchange_rate) VALUES ('CNY', 'UAH', '2024-12-31', 6.810538);
INSERT INTO exchange_rates (from_currency, to_currency, rate_date, exchange_rate) VALUES ('PLN', 'UAH', '2024-01-01', 9.800000);
INSERT INTO exchange_rates (from_currency, to_currency, rate_date, exchange_rate) VALUES ('PLN', 'UAH', '2024-01-02', 9.939764);
INSERT INTO exchange_rates (from_currency, to_currency, rate_date, exchange_rate) VALUES ('PLN', 'UAH', '2024-01-03', 10.191976);
INSERT INTO exchange_rates (from_currency, to_currency, rate_date, exchange_rate) VALUES ('PLN', 'UAH', '2024-01-04', 10.273465);
INSERT INTO exchange_rates (from_currency, to_currency, rate_date, exchange_rate) VALUES ('PLN', 'UAH', '2024-01-05', 10.384782);
INSERT INTO exchange_rates (from_currency, to_currency, rate_date, exchange_rate) VALUES ('PLN', 'UAH', '2024-01-06', 10.330710);
INSERT INTO exchange_rates (from_currency, to_currency, rate_date, exchange_rate) VALUES ('PLN', 'UAH', '2024-01-07', 10.271947);
INSERT INTO exchange_rates (from_currency, to_currency, rate_date, exchange_rate) VALUES ('PLN', 'UAH', '2024-01-08', 10.298927);
INSERT INTO exchange_rates (from_currency, to_currency, rate_date, exchange_rate) VALUES ('PLN', 'UAH', '2024-01-09', 10.124038);
INSERT INTO exchange_rates (from_currency, to_currency, rate_date, exchange_rate) VALUES ('PLN', 'UAH', '2024-01-10', 10.066964);
INSERT INTO exchange_rates (from_currency, to_currency, rate_date, exchange_rate) VALUES ('PLN', 'UAH', '2024-01-11', 10.133015);
INSERT INTO exchange_rates (from_currency, to_currency, rate_date, exchange_rate) VALUES ('PLN', 'UAH', '2024-01-12', 9.910903);
INSERT INTO exchange_rates (from_currency, to_currency, rate_date, exchange_rate) VALUES ('PLN', 'UAH', '2024-01-13', 9.676851);
INSERT INTO exchange_rates (from_currency, to_currency, rate_date, exchange_rate) VALUES ('PLN', 'UAH', '2024-01-14', 9.871428);
INSERT INTO exchange_rates (from_currency, to_currency, rate_date, exchange_rate) VALUES ('PLN', 'UAH', '2024-01-15', 9.843244);
INSERT INTO exchange_rates (from_currency, to_currency, rate_date, exchange_rate) VALUES ('PLN', 'UAH', '2024-01-16', 9.938326);
INSERT INTO exchange_rates (from_currency, to_currency, rate_date, exchange_rate) VALUES ('PLN', 'UAH', '2024-01-17', 9.764364);
INSERT INTO exchange_rates (from_currency, to_currency, rate_date, exchange_rate) VALUES ('PLN', 'UAH', '2024-01-18', 9.483522);
INSERT INTO exchange_rates (from_currency, to_currency, rate_date, exchange_rate) VALUES ('PLN', 'UAH', '2024-01-19', 9.798562);
INSERT INTO exchange_rates (from_currency, to_currency, rate_date, exchange_rate) VALUES ('PLN', 'UAH', '2024-01-20', 9.782050);
INSERT INTO exchange_rates (from_currency, to_currency, rate_date, exchange_rate) VALUES ('PLN', 'UAH', '2024-01-21', 9.820178);
INSERT INTO exchange_rates (from_currency, to_currency, rate_date, exchange_rate) VALUES ('PLN', 'UAH', '2024-01-22', 9.636129);
INSERT INTO exchange_rates (from_currency, to_currency, rate_date, exchange_rate) VALUES ('PLN', 'UAH', '2024-01-23', 9.638485);
INSERT INTO exchange_rates (from_currency, to_currency, rate_date, exchange_rate) VALUES ('PLN', 'UAH', '2024-01-24', 9.784961);
INSERT INTO exchange_rates (from_currency, to_currency, rate_date, exchange_rate) VALUES ('PLN', 'UAH', '2024-01-25', 9.824675);
INSERT INTO exchange_rates (from_currency, to_currency, rate_date, exchange_rate) VALUES ('PLN', 'UAH', '2024-01-26', 9.692036);
INSERT INTO exchange_rates (from_currency, to_currency, rate_date, exchange_rate) VALUES ('PLN', 'UAH', '2024-01-27', 9.767156);
INSERT INTO exchange_rates (from_currency, to_currency, rate_date, exchange_rate) VALUES ('PLN', 'UAH', '2024-01-28', 9.837713);
INSERT INTO exchange_rates (from_currency, to_currency, rate_date, exchange_rate) VALUES ('PLN', 'UAH', '2024-01-29', 10.274122);
INSERT INTO exchange_rates (from_currency, to_currency, rate_date, exchange_rate) VALUES ('PLN', 'UAH', '2024-01-30', 10.234273);
INSERT INTO exchange_rates (from_currency, to_currency, rate_date, exchange_rate) VALUES ('PLN', 'UAH', '2024-01-31', 10.047879);
INSERT INTO exchange_rates (from_currency, to_currency, rate_date, exchange_rate) VALUES ('PLN', 'UAH', '2024-02-01', 10.392546);
INSERT INTO exchange_rates (from_currency, to_currency, rate_date, exchange_rate) VALUES ('PLN', 'UAH', '2024-02-02', 10.774074);
INSERT INTO exchange_rates (from_currency, to_currency, rate_date, exchange_rate) VALUES ('PLN', 'UAH', '2024-02-03', 10.802607);
INSERT INTO exchange_rates (from_currency, to_currency, rate_date, exchange_rate) VALUES ('PLN', 'UAH', '2024-02-04', 10.955427);
INSERT INTO exchange_rates (from_currency, to_currency, rate_date, exchange_rate) VALUES ('PLN', 'UAH', '2024-02-05', 11.015001);
INSERT INTO exchange_rates (from_currency, to_currency, rate_date, exchange_rate) VALUES ('PLN', 'UAH', '2024-02-06', 11.226963);
INSERT INTO exchange_rates (from_currency, to_currency, rate_date, exchange_rate) VALUES ('PLN', 'UAH', '2024-02-07', 11.087570);
INSERT INTO exchange_rates (from_currency, to_currency, rate_date, exchange_rate) VALUES ('PLN', 'UAH', '2024-02-08', 11.026793);
INSERT INTO exchange_rates (from_currency, to_currency, rate_date, exchange_rate) VALUES ('PLN', 'UAH', '2024-02-09', 10.805935);
INSERT INTO exchange_rates (from_currency, to_currency, rate_date, exchange_rate) VALUES ('PLN', 'UAH', '2024-02-10', 10.596718);
INSERT INTO exchange_rates (from_currency, to_currency, rate_date, exchange_rate) VALUES ('PLN', 'UAH', '2024-02-11', 10.799549);
INSERT INTO exchange_rates (from_currency, to_currency, rate_date, exchange_rate) VALUES ('PLN', 'UAH', '2024-02-12', 10.748728);
INSERT INTO exchange_rates (from_currency, to_currency, rate_date, exchange_rate) VALUES ('PLN', 'UAH', '2024-02-13', 10.639115);
INSERT INTO exchange_rates (from_currency, to_currency, rate_date, exchange_rate) VALUES ('PLN', 'UAH', '2024-02-14', 10.856684);
INSERT INTO exchange_rates (from_currency, to_currency, rate_date, exchange_rate) VALUES ('PLN', 'UAH', '2024-02-15', 10.894490);
INSERT INTO exchange_rates (from_currency, to_currency, rate_date, exchange_rate) VALUES ('PLN', 'UAH', '2024-02-16', 10.966918);
INSERT INTO exchange_rates (from_currency, to_currency, rate_date, exchange_rate) VALUES ('PLN', 'UAH', '2024-02-17', 11.098683);
INSERT INTO exchange_rates (from_currency, to_currency, rate_date, exchange_rate) VALUES ('PLN', 'UAH', '2024-02-18', 11.124832);
INSERT INTO exchange_rates (from_currency, to_currency, rate_date, exchange_rate) VALUES ('PLN', 'UAH', '2024-02-19', 11.397633);
INSERT INTO exchange_rates (from_currency, to_currency, rate_date, exchange_rate) VALUES ('PLN', 'UAH', '2024-02-20', 11.132893);
INSERT INTO exchange_rates (from_currency, to_currency, rate_date, exchange_rate) VALUES ('PLN', 'UAH', '2024-02-21', 11.066352);
INSERT INTO exchange_rates (from_currency, to_currency, rate_date, exchange_rate) VALUES ('PLN', 'UAH', '2024-02-22', 11.101941);
INSERT INTO exchange_rates (from_currency, to_currency, rate_date, exchange_rate) VALUES ('PLN', 'UAH', '2024-02-23', 10.840476);
INSERT INTO exchange_rates (from_currency, to_currency, rate_date, exchange_rate) VALUES ('PLN', 'UAH', '2024-02-24', 11.008641);
INSERT INTO exchange_rates (from_currency, to_currency, rate_date, exchange_rate) VALUES ('PLN', 'UAH', '2024-02-25', 10.841224);
INSERT INTO exchange_rates (from_currency, to_currency, rate_date, exchange_rate) VALUES ('PLN', 'UAH', '2024-02-26', 10.532473);
INSERT INTO exchange_rates (from_currency, to_currency, rate_date, exchange_rate) VALUES ('PLN', 'UAH', '2024-02-27', 10.612950);
INSERT INTO exchange_rates (from_currency, to_currency, rate_date, exchange_rate) VALUES ('PLN', 'UAH', '2024-02-28', 10.543352);
INSERT INTO exchange_rates (from_currency, to_currency, rate_date, exchange_rate) VALUES ('PLN', 'UAH', '2024-02-29', 10.585934);
INSERT INTO exchange_rates (from_currency, to_currency, rate_date, exchange_rate) VALUES ('PLN', 'UAH', '2024-03-01', 10.720156);
INSERT INTO exchange_rates (from_currency, to_currency, rate_date, exchange_rate) VALUES ('PLN', 'UAH', '2024-03-02', 10.719788);
INSERT INTO exchange_rates (from_currency, to_currency, rate_date, exchange_rate) VALUES ('PLN', 'UAH', '2024-03-03', 10.838292);
INSERT INTO exchange_rates (from_currency, to_currency, rate_date, exchange_rate) VALUES ('PLN', 'UAH', '2024-03-04', 11.005090);
INSERT INTO exchange_rates (from_currency, to_currency, rate_date, exchange_rate) VALUES ('PLN', 'UAH', '2024-03-05', 11.129038);
INSERT INTO exchange_rates (from_currency, to_currency, rate_date, exchange_rate) VALUES ('PLN', 'UAH', '2024-03-06', 11.192507);
INSERT INTO exchange_rates (from_currency, to_currency, rate_date, exchange_rate) VALUES ('PLN', 'UAH', '2024-03-07', 11.254039);
INSERT INTO exchange_rates (from_currency, to_currency, rate_date, exchange_rate) VALUES ('PLN', 'UAH', '2024-03-08', 11.554112);
INSERT INTO exchange_rates (from_currency, to_currency, rate_date, exchange_rate) VALUES ('PLN', 'UAH', '2024-03-09', 11.616673);
INSERT INTO exchange_rates (from_currency, to_currency, rate_date, exchange_rate) VALUES ('PLN', 'UAH', '2024-03-10', 11.512330);
INSERT INTO exchange_rates (from_currency, to_currency, rate_date, exchange_rate) VALUES ('PLN', 'UAH', '2024-03-11', 11.462310);
INSERT INTO exchange_rates (from_currency, to_currency, rate_date, exchange_rate) VALUES ('PLN', 'UAH', '2024-03-12', 11.377522);
INSERT INTO exchange_rates (from_currency, to_currency, rate_date, exchange_rate) VALUES ('PLN', 'UAH', '2024-03-13', 11.152219);
INSERT INTO exchange_rates (from_currency, to_currency, rate_date, exchange_rate) VALUES ('PLN', 'UAH', '2024-03-14', 10.947805);
INSERT INTO exchange_rates (from_currency, to_currency, rate_date, exchange_rate) VALUES ('PLN', 'UAH', '2024-03-15', 10.817351);
INSERT INTO exchange_rates (from_currency, to_currency, rate_date, exchange_rate) VALUES ('PLN', 'UAH', '2024-03-16', 10.848958);
INSERT INTO exchange_rates (from_currency, to_currency, rate_date, exchange_rate) VALUES ('PLN', 'UAH', '2024-03-17', 10.984487);
INSERT INTO exchange_rates (from_currency, to_currency, rate_date, exchange_rate) VALUES ('PLN', 'UAH', '2024-03-18', 10.684466);
INSERT INTO exchange_rates (from_currency, to_currency, rate_date, exchange_rate) VALUES ('PLN', 'UAH', '2024-03-19', 10.730047);
INSERT INTO exchange_rates (from_currency, to_currency, rate_date, exchange_rate) VALUES ('PLN', 'UAH', '2024-03-20', 10.784219);
INSERT INTO exchange_rates (from_currency, to_currency, rate_date, exchange_rate) VALUES ('PLN', 'UAH', '2024-03-21', 10.651986);
INSERT INTO exchange_rates (from_currency, to_currency, rate_date, exchange_rate) VALUES ('PLN', 'UAH', '2024-03-22', 10.480520);
INSERT INTO exchange_rates (from_currency, to_currency, rate_date, exchange_rate) VALUES ('PLN', 'UAH', '2024-03-23', 10.655168);
INSERT INTO exchange_rates (from_currency, to_currency, rate_date, exchange_rate) VALUES ('PLN', 'UAH', '2024-03-24', 10.815265);
INSERT INTO exchange_rates (from_currency, to_currency, rate_date, exchange_rate) VALUES ('PLN', 'UAH', '2024-03-25', 10.736694);
INSERT INTO exchange_rates (from_currency, to_currency, rate_date, exchange_rate) VALUES ('PLN', 'UAH', '2024-03-26', 10.988536);
INSERT INTO exchange_rates (from_currency, to_currency, rate_date, exchange_rate) VALUES ('PLN', 'UAH', '2024-03-27', 11.181343);
INSERT INTO exchange_rates (from_currency, to_currency, rate_date, exchange_rate) VALUES ('PLN', 'UAH', '2024-03-28', 11.327364);
INSERT INTO exchange_rates (from_currency, to_currency, rate_date, exchange_rate) VALUES ('PLN', 'UAH', '2024-03-29', 11.073482);
INSERT INTO exchange_rates (from_currency, to_currency, rate_date, exchange_rate) VALUES ('PLN', 'UAH', '2024-03-30', 11.066115);
INSERT INTO exchange_rates (from_currency, to_currency, rate_date, exchange_rate) VALUES ('PLN', 'UAH', '2024-03-31', 11.180692);
INSERT INTO exchange_rates (from_currency, to_currency, rate_date, exchange_rate) VALUES ('PLN', 'UAH', '2024-04-01', 11.000317);
INSERT INTO exchange_rates (from_currency, to_currency, rate_date, exchange_rate) VALUES ('PLN', 'UAH', '2024-04-02', 10.826557);
INSERT INTO exchange_rates (from_currency, to_currency, rate_date, exchange_rate) VALUES ('PLN', 'UAH', '2024-04-03', 10.827327);
INSERT INTO exchange_rates (from_currency, to_currency, rate_date, exchange_rate) VALUES ('PLN', 'UAH', '2024-04-04', 10.801895);
INSERT INTO exchange_rates (from_currency, to_currency, rate_date, exchange_rate) VALUES ('PLN', 'UAH', '2024-04-05', 10.788605);
INSERT INTO exchange_rates (from_currency, to_currency, rate_date, exchange_rate) VALUES ('PLN', 'UAH', '2024-04-06', 10.622504);
INSERT INTO exchange_rates (from_currency, to_currency, rate_date, exchange_rate) VALUES ('PLN', 'UAH', '2024-04-07', 10.697891);
INSERT INTO exchange_rates (from_currency, to_currency, rate_date, exchange_rate) VALUES ('PLN', 'UAH', '2024-04-08', 10.581221);
INSERT INTO exchange_rates (from_currency, to_currency, rate_date, exchange_rate) VALUES ('PLN', 'UAH', '2024-04-09', 10.726714);
INSERT INTO exchange_rates (from_currency, to_currency, rate_date, exchange_rate) VALUES ('PLN', 'UAH', '2024-04-10', 10.906279);
INSERT INTO exchange_rates (from_currency, to_currency, rate_date, exchange_rate) VALUES ('PLN', 'UAH', '2024-04-11', 10.760261);
INSERT INTO exchange_rates (from_currency, to_currency, rate_date, exchange_rate) VALUES ('PLN', 'UAH', '2024-04-12', 10.690593);
INSERT INTO exchange_rates (from_currency, to_currency, rate_date, exchange_rate) VALUES ('PLN', 'UAH', '2024-04-13', 10.847053);
INSERT INTO exchange_rates (from_currency, to_currency, rate_date, exchange_rate) VALUES ('PLN', 'UAH', '2024-04-14', 10.925273);
INSERT INTO exchange_rates (from_currency, to_currency, rate_date, exchange_rate) VALUES ('PLN', 'UAH', '2024-04-15', 10.937921);
INSERT INTO exchange_rates (from_currency, to_currency, rate_date, exchange_rate) VALUES ('PLN', 'UAH', '2024-04-16', 10.798524);
INSERT INTO exchange_rates (from_currency, to_currency, rate_date, exchange_rate) VALUES ('PLN', 'UAH', '2024-04-17', 10.673714);
INSERT INTO exchange_rates (from_currency, to_currency, rate_date, exchange_rate) VALUES ('PLN', 'UAH', '2024-04-18', 10.762912);
INSERT INTO exchange_rates (from_currency, to_currency, rate_date, exchange_rate) VALUES ('PLN', 'UAH', '2024-04-19', 11.028347);
INSERT INTO exchange_rates (from_currency, to_currency, rate_date, exchange_rate) VALUES ('PLN', 'UAH', '2024-04-20', 11.299050);
INSERT INTO exchange_rates (from_currency, to_currency, rate_date, exchange_rate) VALUES ('PLN', 'UAH', '2024-04-21', 11.400696);
INSERT INTO exchange_rates (from_currency, to_currency, rate_date, exchange_rate) VALUES ('PLN', 'UAH', '2024-04-22', 11.444049);
INSERT INTO exchange_rates (from_currency, to_currency, rate_date, exchange_rate) VALUES ('PLN', 'UAH', '2024-04-23', 11.313661);
INSERT INTO exchange_rates (from_currency, to_currency, rate_date, exchange_rate) VALUES ('PLN', 'UAH', '2024-04-24', 11.344940);
INSERT INTO exchange_rates (from_currency, to_currency, rate_date, exchange_rate) VALUES ('PLN', 'UAH', '2024-04-25', 11.320212);
INSERT INTO exchange_rates (from_currency, to_currency, rate_date, exchange_rate) VALUES ('PLN', 'UAH', '2024-04-26', 11.440693);
INSERT INTO exchange_rates (from_currency, to_currency, rate_date, exchange_rate) VALUES ('PLN', 'UAH', '2024-04-27', 11.407744);
INSERT INTO exchange_rates (from_currency, to_currency, rate_date, exchange_rate) VALUES ('PLN', 'UAH', '2024-04-28', 11.451708);
INSERT INTO exchange_rates (from_currency, to_currency, rate_date, exchange_rate) VALUES ('PLN', 'UAH', '2024-04-29', 11.424979);
INSERT INTO exchange_rates (from_currency, to_currency, rate_date, exchange_rate) VALUES ('PLN', 'UAH', '2024-04-30', 11.861558);
INSERT INTO exchange_rates (from_currency, to_currency, rate_date, exchange_rate) VALUES ('PLN', 'UAH', '2024-05-01', 11.951720);
INSERT INTO exchange_rates (from_currency, to_currency, rate_date, exchange_rate) VALUES ('PLN', 'UAH', '2024-05-02', 11.882652);
INSERT INTO exchange_rates (from_currency, to_currency, rate_date, exchange_rate) VALUES ('PLN', 'UAH', '2024-05-03', 11.897432);
INSERT INTO exchange_rates (from_currency, to_currency, rate_date, exchange_rate) VALUES ('PLN', 'UAH', '2024-05-04', 11.967194);
INSERT INTO exchange_rates (from_currency, to_currency, rate_date, exchange_rate) VALUES ('PLN', 'UAH', '2024-05-05', 11.867970);
INSERT INTO exchange_rates (from_currency, to_currency, rate_date, exchange_rate) VALUES ('PLN', 'UAH', '2024-05-06', 11.520026);
INSERT INTO exchange_rates (from_currency, to_currency, rate_date, exchange_rate) VALUES ('PLN', 'UAH', '2024-05-07', 11.404298);
INSERT INTO exchange_rates (from_currency, to_currency, rate_date, exchange_rate) VALUES ('PLN', 'UAH', '2024-05-08', 11.794793);
INSERT INTO exchange_rates (from_currency, to_currency, rate_date, exchange_rate) VALUES ('PLN', 'UAH', '2024-05-09', 11.746813);
INSERT INTO exchange_rates (from_currency, to_currency, rate_date, exchange_rate) VALUES ('PLN', 'UAH', '2024-05-10', 12.242541);
INSERT INTO exchange_rates (from_currency, to_currency, rate_date, exchange_rate) VALUES ('PLN', 'UAH', '2024-05-11', 11.967480);
INSERT INTO exchange_rates (from_currency, to_currency, rate_date, exchange_rate) VALUES ('PLN', 'UAH', '2024-05-12', 11.918453);
INSERT INTO exchange_rates (from_currency, to_currency, rate_date, exchange_rate) VALUES ('PLN', 'UAH', '2024-05-13', 11.689905);
INSERT INTO exchange_rates (from_currency, to_currency, rate_date, exchange_rate) VALUES ('PLN', 'UAH', '2024-05-14', 11.363133);
INSERT INTO exchange_rates (from_currency, to_currency, rate_date, exchange_rate) VALUES ('PLN', 'UAH', '2024-05-15', 11.498017);
INSERT INTO exchange_rates (from_currency, to_currency, rate_date, exchange_rate) VALUES ('PLN', 'UAH', '2024-05-16', 11.311310);
INSERT INTO exchange_rates (from_currency, to_currency, rate_date, exchange_rate) VALUES ('PLN', 'UAH', '2024-05-17', 11.070336);
INSERT INTO exchange_rates (from_currency, to_currency, rate_date, exchange_rate) VALUES ('PLN', 'UAH', '2024-05-18', 11.336127);
INSERT INTO exchange_rates (from_currency, to_currency, rate_date, exchange_rate) VALUES ('PLN', 'UAH', '2024-05-19', 11.357493);
INSERT INTO exchange_rates (from_currency, to_currency, rate_date, exchange_rate) VALUES ('PLN', 'UAH', '2024-05-20', 11.469869);
INSERT INTO exchange_rates (from_currency, to_currency, rate_date, exchange_rate) VALUES ('PLN', 'UAH', '2024-05-21', 11.704377);
INSERT INTO exchange_rates (from_currency, to_currency, rate_date, exchange_rate) VALUES ('PLN', 'UAH', '2024-05-22', 11.777089);
INSERT INTO exchange_rates (from_currency, to_currency, rate_date, exchange_rate) VALUES ('PLN', 'UAH', '2024-05-23', 11.682219);
INSERT INTO exchange_rates (from_currency, to_currency, rate_date, exchange_rate) VALUES ('PLN', 'UAH', '2024-05-24', 11.728514);
INSERT INTO exchange_rates (from_currency, to_currency, rate_date, exchange_rate) VALUES ('PLN', 'UAH', '2024-05-25', 12.135882);
INSERT INTO exchange_rates (from_currency, to_currency, rate_date, exchange_rate) VALUES ('PLN', 'UAH', '2024-05-26', 12.022454);
INSERT INTO exchange_rates (from_currency, to_currency, rate_date, exchange_rate) VALUES ('PLN', 'UAH', '2024-05-27', 11.967013);
INSERT INTO exchange_rates (from_currency, to_currency, rate_date, exchange_rate) VALUES ('PLN', 'UAH', '2024-05-28', 11.910687);
INSERT INTO exchange_rates (from_currency, to_currency, rate_date, exchange_rate) VALUES ('PLN', 'UAH', '2024-05-29', 11.858535);
INSERT INTO exchange_rates (from_currency, to_currency, rate_date, exchange_rate) VALUES ('PLN', 'UAH', '2024-05-30', 11.516182);
INSERT INTO exchange_rates (from_currency, to_currency, rate_date, exchange_rate) VALUES ('PLN', 'UAH', '2024-05-31', 11.578890);
INSERT INTO exchange_rates (from_currency, to_currency, rate_date, exchange_rate) VALUES ('PLN', 'UAH', '2024-06-01', 11.749416);
INSERT INTO exchange_rates (from_currency, to_currency, rate_date, exchange_rate) VALUES ('PLN', 'UAH', '2024-06-02', 11.886502);
INSERT INTO exchange_rates (from_currency, to_currency, rate_date, exchange_rate) VALUES ('PLN', 'UAH', '2024-06-03', 12.236916);
INSERT INTO exchange_rates (from_currency, to_currency, rate_date, exchange_rate) VALUES ('PLN', 'UAH', '2024-06-04', 12.060509);
INSERT INTO exchange_rates (from_currency, to_currency, rate_date, exchange_rate) VALUES ('PLN', 'UAH', '2024-06-05', 12.025256);
INSERT INTO exchange_rates (from_currency, to_currency, rate_date, exchange_rate) VALUES ('PLN', 'UAH', '2024-06-06', 11.904133);
INSERT INTO exchange_rates (from_currency, to_currency, rate_date, exchange_rate) VALUES ('PLN', 'UAH', '2024-06-07', 11.773484);
INSERT INTO exchange_rates (from_currency, to_currency, rate_date, exchange_rate) VALUES ('PLN', 'UAH', '2024-06-08', 12.066316);
INSERT INTO exchange_rates (from_currency, to_currency, rate_date, exchange_rate) VALUES ('PLN', 'UAH', '2024-06-09', 12.067447);
INSERT INTO exchange_rates (from_currency, to_currency, rate_date, exchange_rate) VALUES ('PLN', 'UAH', '2024-06-10', 12.036319);
INSERT INTO exchange_rates (from_currency, to_currency, rate_date, exchange_rate) VALUES ('PLN', 'UAH', '2024-06-11', 12.128283);
INSERT INTO exchange_rates (from_currency, to_currency, rate_date, exchange_rate) VALUES ('PLN', 'UAH', '2024-06-12', 12.133677);
INSERT INTO exchange_rates (from_currency, to_currency, rate_date, exchange_rate) VALUES ('PLN', 'UAH', '2024-06-13', 12.031190);
INSERT INTO exchange_rates (from_currency, to_currency, rate_date, exchange_rate) VALUES ('PLN', 'UAH', '2024-06-14', 12.142803);
INSERT INTO exchange_rates (from_currency, to_currency, rate_date, exchange_rate) VALUES ('PLN', 'UAH', '2024-06-15', 11.950974);
INSERT INTO exchange_rates (from_currency, to_currency, rate_date, exchange_rate) VALUES ('PLN', 'UAH', '2024-06-16', 11.616399);
INSERT INTO exchange_rates (from_currency, to_currency, rate_date, exchange_rate) VALUES ('PLN', 'UAH', '2024-06-17', 11.993563);
INSERT INTO exchange_rates (from_currency, to_currency, rate_date, exchange_rate) VALUES ('PLN', 'UAH', '2024-06-18', 12.130933);
INSERT INTO exchange_rates (from_currency, to_currency, rate_date, exchange_rate) VALUES ('PLN', 'UAH', '2024-06-19', 12.179790);
INSERT INTO exchange_rates (from_currency, to_currency, rate_date, exchange_rate) VALUES ('PLN', 'UAH', '2024-06-20', 12.169327);
INSERT INTO exchange_rates (from_currency, to_currency, rate_date, exchange_rate) VALUES ('PLN', 'UAH', '2024-06-21', 12.431059);
INSERT INTO exchange_rates (from_currency, to_currency, rate_date, exchange_rate) VALUES ('PLN', 'UAH', '2024-06-22', 12.439812);
INSERT INTO exchange_rates (from_currency, to_currency, rate_date, exchange_rate) VALUES ('PLN', 'UAH', '2024-06-23', 12.139818);
INSERT INTO exchange_rates (from_currency, to_currency, rate_date, exchange_rate) VALUES ('PLN', 'UAH', '2024-06-24', 11.949537);
INSERT INTO exchange_rates (from_currency, to_currency, rate_date, exchange_rate) VALUES ('PLN', 'UAH', '2024-06-25', 12.066154);
INSERT INTO exchange_rates (from_currency, to_currency, rate_date, exchange_rate) VALUES ('PLN', 'UAH', '2024-06-26', 12.446476);
INSERT INTO exchange_rates (from_currency, to_currency, rate_date, exchange_rate) VALUES ('PLN', 'UAH', '2024-06-27', 12.583500);
INSERT INTO exchange_rates (from_currency, to_currency, rate_date, exchange_rate) VALUES ('PLN', 'UAH', '2024-06-28', 12.612584);
INSERT INTO exchange_rates (from_currency, to_currency, rate_date, exchange_rate) VALUES ('PLN', 'UAH', '2024-06-29', 12.798477);
INSERT INTO exchange_rates (from_currency, to_currency, rate_date, exchange_rate) VALUES ('PLN', 'UAH', '2024-06-30', 12.855721);
INSERT INTO exchange_rates (from_currency, to_currency, rate_date, exchange_rate) VALUES ('PLN', 'UAH', '2024-07-01', 12.916727);
INSERT INTO exchange_rates (from_currency, to_currency, rate_date, exchange_rate) VALUES ('PLN', 'UAH', '2024-07-02', 12.879000);
INSERT INTO exchange_rates (from_currency, to_currency, rate_date, exchange_rate) VALUES ('PLN', 'UAH', '2024-07-03', 12.688157);
INSERT INTO exchange_rates (from_currency, to_currency, rate_date, exchange_rate) VALUES ('PLN', 'UAH', '2024-07-04', 12.504530);
INSERT INTO exchange_rates (from_currency, to_currency, rate_date, exchange_rate) VALUES ('PLN', 'UAH', '2024-07-05', 12.696489);
INSERT INTO exchange_rates (from_currency, to_currency, rate_date, exchange_rate) VALUES ('PLN', 'UAH', '2024-07-06', 12.742184);
INSERT INTO exchange_rates (from_currency, to_currency, rate_date, exchange_rate) VALUES ('PLN', 'UAH', '2024-07-07', 12.558540);
INSERT INTO exchange_rates (from_currency, to_currency, rate_date, exchange_rate) VALUES ('PLN', 'UAH', '2024-07-08', 12.294138);
INSERT INTO exchange_rates (from_currency, to_currency, rate_date, exchange_rate) VALUES ('PLN', 'UAH', '2024-07-09', 12.261973);
INSERT INTO exchange_rates (from_currency, to_currency, rate_date, exchange_rate) VALUES ('PLN', 'UAH', '2024-07-10', 12.272769);
INSERT INTO exchange_rates (from_currency, to_currency, rate_date, exchange_rate) VALUES ('PLN', 'UAH', '2024-07-11', 12.228055);
INSERT INTO exchange_rates (from_currency, to_currency, rate_date, exchange_rate) VALUES ('PLN', 'UAH', '2024-07-12', 12.315494);
INSERT INTO exchange_rates (from_currency, to_currency, rate_date, exchange_rate) VALUES ('PLN', 'UAH', '2024-07-13', 12.705927);
INSERT INTO exchange_rates (from_currency, to_currency, rate_date, exchange_rate) VALUES ('PLN', 'UAH', '2024-07-14', 13.080395);
INSERT INTO exchange_rates (from_currency, to_currency, rate_date, exchange_rate) VALUES ('PLN', 'UAH', '2024-07-15', 13.054967);
INSERT INTO exchange_rates (from_currency, to_currency, rate_date, exchange_rate) VALUES ('PLN', 'UAH', '2024-07-16', 13.108142);
INSERT INTO exchange_rates (from_currency, to_currency, rate_date, exchange_rate) VALUES ('PLN', 'UAH', '2024-07-17', 13.133981);
INSERT INTO exchange_rates (from_currency, to_currency, rate_date, exchange_rate) VALUES ('PLN', 'UAH', '2024-07-18', 13.315287);
INSERT INTO exchange_rates (from_currency, to_currency, rate_date, exchange_rate) VALUES ('PLN', 'UAH', '2024-07-19', 13.555388);
INSERT INTO exchange_rates (from_currency, to_currency, rate_date, exchange_rate) VALUES ('PLN', 'UAH', '2024-07-20', 13.595810);
INSERT INTO exchange_rates (from_currency, to_currency, rate_date, exchange_rate) VALUES ('PLN', 'UAH', '2024-07-21', 13.904111);
INSERT INTO exchange_rates (from_currency, to_currency, rate_date, exchange_rate) VALUES ('PLN', 'UAH', '2024-07-22', 13.949181);
INSERT INTO exchange_rates (from_currency, to_currency, rate_date, exchange_rate) VALUES ('PLN', 'UAH', '2024-07-23', 14.173423);
INSERT INTO exchange_rates (from_currency, to_currency, rate_date, exchange_rate) VALUES ('PLN', 'UAH', '2024-07-24', 14.282863);
INSERT INTO exchange_rates (from_currency, to_currency, rate_date, exchange_rate) VALUES ('PLN', 'UAH', '2024-07-25', 14.275232);
INSERT INTO exchange_rates (from_currency, to_currency, rate_date, exchange_rate) VALUES ('PLN', 'UAH', '2024-07-26', 14.204287);
INSERT INTO exchange_rates (from_currency, to_currency, rate_date, exchange_rate) VALUES ('PLN', 'UAH', '2024-07-27', 14.286428);
INSERT INTO exchange_rates (from_currency, to_currency, rate_date, exchange_rate) VALUES ('PLN', 'UAH', '2024-07-28', 14.333510);
INSERT INTO exchange_rates (from_currency, to_currency, rate_date, exchange_rate) VALUES ('PLN', 'UAH', '2024-07-29', 14.285982);
INSERT INTO exchange_rates (from_currency, to_currency, rate_date, exchange_rate) VALUES ('PLN', 'UAH', '2024-07-30', 13.834414);
INSERT INTO exchange_rates (from_currency, to_currency, rate_date, exchange_rate) VALUES ('PLN', 'UAH', '2024-07-31', 14.204832);
INSERT INTO exchange_rates (from_currency, to_currency, rate_date, exchange_rate) VALUES ('PLN', 'UAH', '2024-08-01', 14.039745);
INSERT INTO exchange_rates (from_currency, to_currency, rate_date, exchange_rate) VALUES ('PLN', 'UAH', '2024-08-02', 14.077533);
INSERT INTO exchange_rates (from_currency, to_currency, rate_date, exchange_rate) VALUES ('PLN', 'UAH', '2024-08-03', 14.271478);
INSERT INTO exchange_rates (from_currency, to_currency, rate_date, exchange_rate) VALUES ('PLN', 'UAH', '2024-08-04', 14.195701);
INSERT INTO exchange_rates (from_currency, to_currency, rate_date, exchange_rate) VALUES ('PLN', 'UAH', '2024-08-05', 13.823710);
INSERT INTO exchange_rates (from_currency, to_currency, rate_date, exchange_rate) VALUES ('PLN', 'UAH', '2024-08-06', 13.845626);
INSERT INTO exchange_rates (from_currency, to_currency, rate_date, exchange_rate) VALUES ('PLN', 'UAH', '2024-08-07', 13.793069);
INSERT INTO exchange_rates (from_currency, to_currency, rate_date, exchange_rate) VALUES ('PLN', 'UAH', '2024-08-08', 13.564345);
INSERT INTO exchange_rates (from_currency, to_currency, rate_date, exchange_rate) VALUES ('PLN', 'UAH', '2024-08-09', 13.779448);
INSERT INTO exchange_rates (from_currency, to_currency, rate_date, exchange_rate) VALUES ('PLN', 'UAH', '2024-08-10', 14.227596);
INSERT INTO exchange_rates (from_currency, to_currency, rate_date, exchange_rate) VALUES ('PLN', 'UAH', '2024-08-11', 14.145002);
INSERT INTO exchange_rates (from_currency, to_currency, rate_date, exchange_rate) VALUES ('PLN', 'UAH', '2024-08-12', 14.205180);
INSERT INTO exchange_rates (from_currency, to_currency, rate_date, exchange_rate) VALUES ('PLN', 'UAH', '2024-08-13', 14.376789);
INSERT INTO exchange_rates (from_currency, to_currency, rate_date, exchange_rate) VALUES ('PLN', 'UAH', '2024-08-14', 14.177157);
INSERT INTO exchange_rates (from_currency, to_currency, rate_date, exchange_rate) VALUES ('PLN', 'UAH', '2024-08-15', 14.125892);
INSERT INTO exchange_rates (from_currency, to_currency, rate_date, exchange_rate) VALUES ('PLN', 'UAH', '2024-08-16', 13.997952);
INSERT INTO exchange_rates (from_currency, to_currency, rate_date, exchange_rate) VALUES ('PLN', 'UAH', '2024-08-17', 14.323411);
INSERT INTO exchange_rates (from_currency, to_currency, rate_date, exchange_rate) VALUES ('PLN', 'UAH', '2024-08-18', 14.506977);
INSERT INTO exchange_rates (from_currency, to_currency, rate_date, exchange_rate) VALUES ('PLN', 'UAH', '2024-08-19', 14.433246);
INSERT INTO exchange_rates (from_currency, to_currency, rate_date, exchange_rate) VALUES ('PLN', 'UAH', '2024-08-20', 14.774626);
INSERT INTO exchange_rates (from_currency, to_currency, rate_date, exchange_rate) VALUES ('PLN', 'UAH', '2024-08-21', 14.622274);
INSERT INTO exchange_rates (from_currency, to_currency, rate_date, exchange_rate) VALUES ('PLN', 'UAH', '2024-08-22', 14.465258);
INSERT INTO exchange_rates (from_currency, to_currency, rate_date, exchange_rate) VALUES ('PLN', 'UAH', '2024-08-23', 14.830225);
INSERT INTO exchange_rates (from_currency, to_currency, rate_date, exchange_rate) VALUES ('PLN', 'UAH', '2024-08-24', 14.643065);
INSERT INTO exchange_rates (from_currency, to_currency, rate_date, exchange_rate) VALUES ('PLN', 'UAH', '2024-08-25', 14.492827);
INSERT INTO exchange_rates (from_currency, to_currency, rate_date, exchange_rate) VALUES ('PLN', 'UAH', '2024-08-26', 13.814581);
INSERT INTO exchange_rates (from_currency, to_currency, rate_date, exchange_rate) VALUES ('PLN', 'UAH', '2024-08-27', 13.813300);
INSERT INTO exchange_rates (from_currency, to_currency, rate_date, exchange_rate) VALUES ('PLN', 'UAH', '2024-08-28', 13.897754);
INSERT INTO exchange_rates (from_currency, to_currency, rate_date, exchange_rate) VALUES ('PLN', 'UAH', '2024-08-29', 14.019617);
INSERT INTO exchange_rates (from_currency, to_currency, rate_date, exchange_rate) VALUES ('PLN', 'UAH', '2024-08-30', 14.030351);
INSERT INTO exchange_rates (from_currency, to_currency, rate_date, exchange_rate) VALUES ('PLN', 'UAH', '2024-08-31', 13.848223);
INSERT INTO exchange_rates (from_currency, to_currency, rate_date, exchange_rate) VALUES ('PLN', 'UAH', '2024-09-01', 13.283891);
INSERT INTO exchange_rates (from_currency, to_currency, rate_date, exchange_rate) VALUES ('PLN', 'UAH', '2024-09-02', 12.824565);
INSERT INTO exchange_rates (from_currency, to_currency, rate_date, exchange_rate) VALUES ('PLN', 'UAH', '2024-09-03', 12.985454);
INSERT INTO exchange_rates (from_currency, to_currency, rate_date, exchange_rate) VALUES ('PLN', 'UAH', '2024-09-04', 12.852777);
INSERT INTO exchange_rates (from_currency, to_currency, rate_date, exchange_rate) VALUES ('PLN', 'UAH', '2024-09-05', 12.806774);
INSERT INTO exchange_rates (from_currency, to_currency, rate_date, exchange_rate) VALUES ('PLN', 'UAH', '2024-09-06', 12.854507);
INSERT INTO exchange_rates (from_currency, to_currency, rate_date, exchange_rate) VALUES ('PLN', 'UAH', '2024-09-07', 12.816861);
INSERT INTO exchange_rates (from_currency, to_currency, rate_date, exchange_rate) VALUES ('PLN', 'UAH', '2024-09-08', 12.763973);
INSERT INTO exchange_rates (from_currency, to_currency, rate_date, exchange_rate) VALUES ('PLN', 'UAH', '2024-09-09', 12.881581);
INSERT INTO exchange_rates (from_currency, to_currency, rate_date, exchange_rate) VALUES ('PLN', 'UAH', '2024-09-10', 12.954118);
INSERT INTO exchange_rates (from_currency, to_currency, rate_date, exchange_rate) VALUES ('PLN', 'UAH', '2024-09-11', 12.951149);
INSERT INTO exchange_rates (from_currency, to_currency, rate_date, exchange_rate) VALUES ('PLN', 'UAH', '2024-09-12', 12.922610);
INSERT INTO exchange_rates (from_currency, to_currency, rate_date, exchange_rate) VALUES ('PLN', 'UAH', '2024-09-13', 12.855033);
INSERT INTO exchange_rates (from_currency, to_currency, rate_date, exchange_rate) VALUES ('PLN', 'UAH', '2024-09-14', 12.709036);
INSERT INTO exchange_rates (from_currency, to_currency, rate_date, exchange_rate) VALUES ('PLN', 'UAH', '2024-09-15', 12.602225);
INSERT INTO exchange_rates (from_currency, to_currency, rate_date, exchange_rate) VALUES ('PLN', 'UAH', '2024-09-16', 12.706083);
INSERT INTO exchange_rates (from_currency, to_currency, rate_date, exchange_rate) VALUES ('PLN', 'UAH', '2024-09-17', 12.767914);
INSERT INTO exchange_rates (from_currency, to_currency, rate_date, exchange_rate) VALUES ('PLN', 'UAH', '2024-09-18', 13.216898);
INSERT INTO exchange_rates (from_currency, to_currency, rate_date, exchange_rate) VALUES ('PLN', 'UAH', '2024-09-19', 13.110267);
INSERT INTO exchange_rates (from_currency, to_currency, rate_date, exchange_rate) VALUES ('PLN', 'UAH', '2024-09-20', 13.091634);
INSERT INTO exchange_rates (from_currency, to_currency, rate_date, exchange_rate) VALUES ('PLN', 'UAH', '2024-09-21', 13.007828);
INSERT INTO exchange_rates (from_currency, to_currency, rate_date, exchange_rate) VALUES ('PLN', 'UAH', '2024-09-22', 12.879942);
INSERT INTO exchange_rates (from_currency, to_currency, rate_date, exchange_rate) VALUES ('PLN', 'UAH', '2024-09-23', 12.485719);
INSERT INTO exchange_rates (from_currency, to_currency, rate_date, exchange_rate) VALUES ('PLN', 'UAH', '2024-09-24', 12.527540);
INSERT INTO exchange_rates (from_currency, to_currency, rate_date, exchange_rate) VALUES ('PLN', 'UAH', '2024-09-25', 12.541343);
INSERT INTO exchange_rates (from_currency, to_currency, rate_date, exchange_rate) VALUES ('PLN', 'UAH', '2024-09-26', 12.182904);
INSERT INTO exchange_rates (from_currency, to_currency, rate_date, exchange_rate) VALUES ('PLN', 'UAH', '2024-09-27', 12.439651);
INSERT INTO exchange_rates (from_currency, to_currency, rate_date, exchange_rate) VALUES ('PLN', 'UAH', '2024-09-28', 12.577140);
INSERT INTO exchange_rates (from_currency, to_currency, rate_date, exchange_rate) VALUES ('PLN', 'UAH', '2024-09-29', 12.613367);
INSERT INTO exchange_rates (from_currency, to_currency, rate_date, exchange_rate) VALUES ('PLN', 'UAH', '2024-09-30', 12.795935);
INSERT INTO exchange_rates (from_currency, to_currency, rate_date, exchange_rate) VALUES ('PLN', 'UAH', '2024-10-01', 12.354540);
INSERT INTO exchange_rates (from_currency, to_currency, rate_date, exchange_rate) VALUES ('PLN', 'UAH', '2024-10-02', 12.795427);
INSERT INTO exchange_rates (from_currency, to_currency, rate_date, exchange_rate) VALUES ('PLN', 'UAH', '2024-10-03', 12.964785);
INSERT INTO exchange_rates (from_currency, to_currency, rate_date, exchange_rate) VALUES ('PLN', 'UAH', '2024-10-04', 12.810128);
INSERT INTO exchange_rates (from_currency, to_currency, rate_date, exchange_rate) VALUES ('PLN', 'UAH', '2024-10-05', 12.788530);
INSERT INTO exchange_rates (from_currency, to_currency, rate_date, exchange_rate) VALUES ('PLN', 'UAH', '2024-10-06', 12.694438);
INSERT INTO exchange_rates (from_currency, to_currency, rate_date, exchange_rate) VALUES ('PLN', 'UAH', '2024-10-07', 12.859159);
INSERT INTO exchange_rates (from_currency, to_currency, rate_date, exchange_rate) VALUES ('PLN', 'UAH', '2024-10-08', 13.203018);
INSERT INTO exchange_rates (from_currency, to_currency, rate_date, exchange_rate) VALUES ('PLN', 'UAH', '2024-10-09', 13.400640);
INSERT INTO exchange_rates (from_currency, to_currency, rate_date, exchange_rate) VALUES ('PLN', 'UAH', '2024-10-10', 13.451332);
INSERT INTO exchange_rates (from_currency, to_currency, rate_date, exchange_rate) VALUES ('PLN', 'UAH', '2024-10-11', 13.470055);
INSERT INTO exchange_rates (from_currency, to_currency, rate_date, exchange_rate) VALUES ('PLN', 'UAH', '2024-10-12', 13.624942);
INSERT INTO exchange_rates (from_currency, to_currency, rate_date, exchange_rate) VALUES ('PLN', 'UAH', '2024-10-13', 13.783522);
INSERT INTO exchange_rates (from_currency, to_currency, rate_date, exchange_rate) VALUES ('PLN', 'UAH', '2024-10-14', 13.591184);
INSERT INTO exchange_rates (from_currency, to_currency, rate_date, exchange_rate) VALUES ('PLN', 'UAH', '2024-10-15', 13.490431);
INSERT INTO exchange_rates (from_currency, to_currency, rate_date, exchange_rate) VALUES ('PLN', 'UAH', '2024-10-16', 13.419421);
INSERT INTO exchange_rates (from_currency, to_currency, rate_date, exchange_rate) VALUES ('PLN', 'UAH', '2024-10-17', 13.451221);
INSERT INTO exchange_rates (from_currency, to_currency, rate_date, exchange_rate) VALUES ('PLN', 'UAH', '2024-10-18', 13.758165);
INSERT INTO exchange_rates (from_currency, to_currency, rate_date, exchange_rate) VALUES ('PLN', 'UAH', '2024-10-19', 13.776241);
INSERT INTO exchange_rates (from_currency, to_currency, rate_date, exchange_rate) VALUES ('PLN', 'UAH', '2024-10-20', 13.442273);
INSERT INTO exchange_rates (from_currency, to_currency, rate_date, exchange_rate) VALUES ('PLN', 'UAH', '2024-10-21', 13.734662);
INSERT INTO exchange_rates (from_currency, to_currency, rate_date, exchange_rate) VALUES ('PLN', 'UAH', '2024-10-22', 13.532901);
INSERT INTO exchange_rates (from_currency, to_currency, rate_date, exchange_rate) VALUES ('PLN', 'UAH', '2024-10-23', 13.664778);
INSERT INTO exchange_rates (from_currency, to_currency, rate_date, exchange_rate) VALUES ('PLN', 'UAH', '2024-10-24', 13.556368);
INSERT INTO exchange_rates (from_currency, to_currency, rate_date, exchange_rate) VALUES ('PLN', 'UAH', '2024-10-25', 14.093867);
INSERT INTO exchange_rates (from_currency, to_currency, rate_date, exchange_rate) VALUES ('PLN', 'UAH', '2024-10-26', 13.812785);
INSERT INTO exchange_rates (from_currency, to_currency, rate_date, exchange_rate) VALUES ('PLN', 'UAH', '2024-10-27', 14.299807);
INSERT INTO exchange_rates (from_currency, to_currency, rate_date, exchange_rate) VALUES ('PLN', 'UAH', '2024-10-28', 14.326345);
INSERT INTO exchange_rates (from_currency, to_currency, rate_date, exchange_rate) VALUES ('PLN', 'UAH', '2024-10-29', 14.725247);
INSERT INTO exchange_rates (from_currency, to_currency, rate_date, exchange_rate) VALUES ('PLN', 'UAH', '2024-10-30', 14.878934);
INSERT INTO exchange_rates (from_currency, to_currency, rate_date, exchange_rate) VALUES ('PLN', 'UAH', '2024-10-31', 14.814822);
INSERT INTO exchange_rates (from_currency, to_currency, rate_date, exchange_rate) VALUES ('PLN', 'UAH', '2024-11-01', 14.847130);
INSERT INTO exchange_rates (from_currency, to_currency, rate_date, exchange_rate) VALUES ('PLN', 'UAH', '2024-11-02', 15.109486);
INSERT INTO exchange_rates (from_currency, to_currency, rate_date, exchange_rate) VALUES ('PLN', 'UAH', '2024-11-03', 15.074299);
INSERT INTO exchange_rates (from_currency, to_currency, rate_date, exchange_rate) VALUES ('PLN', 'UAH', '2024-11-04', 14.943106);
INSERT INTO exchange_rates (from_currency, to_currency, rate_date, exchange_rate) VALUES ('PLN', 'UAH', '2024-11-05', 15.201256);
INSERT INTO exchange_rates (from_currency, to_currency, rate_date, exchange_rate) VALUES ('PLN', 'UAH', '2024-11-06', 15.082410);
INSERT INTO exchange_rates (from_currency, to_currency, rate_date, exchange_rate) VALUES ('PLN', 'UAH', '2024-11-07', 15.458335);
INSERT INTO exchange_rates (from_currency, to_currency, rate_date, exchange_rate) VALUES ('PLN', 'UAH', '2024-11-08', 15.336106);
INSERT INTO exchange_rates (from_currency, to_currency, rate_date, exchange_rate) VALUES ('PLN', 'UAH', '2024-11-09', 15.058674);
INSERT INTO exchange_rates (from_currency, to_currency, rate_date, exchange_rate) VALUES ('PLN', 'UAH', '2024-11-10', 15.148160);
INSERT INTO exchange_rates (from_currency, to_currency, rate_date, exchange_rate) VALUES ('PLN', 'UAH', '2024-11-11', 15.075034);
INSERT INTO exchange_rates (from_currency, to_currency, rate_date, exchange_rate) VALUES ('PLN', 'UAH', '2024-11-12', 14.773663);
INSERT INTO exchange_rates (from_currency, to_currency, rate_date, exchange_rate) VALUES ('PLN', 'UAH', '2024-11-13', 14.492486);
INSERT INTO exchange_rates (from_currency, to_currency, rate_date, exchange_rate) VALUES ('PLN', 'UAH', '2024-11-14', 14.316070);
INSERT INTO exchange_rates (from_currency, to_currency, rate_date, exchange_rate) VALUES ('PLN', 'UAH', '2024-11-15', 14.224971);
INSERT INTO exchange_rates (from_currency, to_currency, rate_date, exchange_rate) VALUES ('PLN', 'UAH', '2024-11-16', 14.127757);
INSERT INTO exchange_rates (from_currency, to_currency, rate_date, exchange_rate) VALUES ('PLN', 'UAH', '2024-11-17', 14.145318);
INSERT INTO exchange_rates (from_currency, to_currency, rate_date, exchange_rate) VALUES ('PLN', 'UAH', '2024-11-18', 14.047560);
INSERT INTO exchange_rates (from_currency, to_currency, rate_date, exchange_rate) VALUES ('PLN', 'UAH', '2024-11-19', 14.120403);
INSERT INTO exchange_rates (from_currency, to_currency, rate_date, exchange_rate) VALUES ('PLN', 'UAH', '2024-11-20', 14.071081);
INSERT INTO exchange_rates (from_currency, to_currency, rate_date, exchange_rate) VALUES ('PLN', 'UAH', '2024-11-21', 14.149193);
INSERT INTO exchange_rates (from_currency, to_currency, rate_date, exchange_rate) VALUES ('PLN', 'UAH', '2024-11-22', 13.882936);
INSERT INTO exchange_rates (from_currency, to_currency, rate_date, exchange_rate) VALUES ('PLN', 'UAH', '2024-11-23', 13.712126);
INSERT INTO exchange_rates (from_currency, to_currency, rate_date, exchange_rate) VALUES ('PLN', 'UAH', '2024-11-24', 13.855940);
INSERT INTO exchange_rates (from_currency, to_currency, rate_date, exchange_rate) VALUES ('PLN', 'UAH', '2024-11-25', 13.893172);
INSERT INTO exchange_rates (from_currency, to_currency, rate_date, exchange_rate) VALUES ('PLN', 'UAH', '2024-11-26', 13.886750);
INSERT INTO exchange_rates (from_currency, to_currency, rate_date, exchange_rate) VALUES ('PLN', 'UAH', '2024-11-27', 13.992126);
INSERT INTO exchange_rates (from_currency, to_currency, rate_date, exchange_rate) VALUES ('PLN', 'UAH', '2024-11-28', 13.970874);
INSERT INTO exchange_rates (from_currency, to_currency, rate_date, exchange_rate) VALUES ('PLN', 'UAH', '2024-11-29', 14.040771);
INSERT INTO exchange_rates (from_currency, to_currency, rate_date, exchange_rate) VALUES ('PLN', 'UAH', '2024-11-30', 13.887932);
INSERT INTO exchange_rates (from_currency, to_currency, rate_date, exchange_rate) VALUES ('PLN', 'UAH', '2024-12-01', 14.064267);
INSERT INTO exchange_rates (from_currency, to_currency, rate_date, exchange_rate) VALUES ('PLN', 'UAH', '2024-12-02', 14.044067);
INSERT INTO exchange_rates (from_currency, to_currency, rate_date, exchange_rate) VALUES ('PLN', 'UAH', '2024-12-03', 14.119778);
INSERT INTO exchange_rates (from_currency, to_currency, rate_date, exchange_rate) VALUES ('PLN', 'UAH', '2024-12-04', 13.993072);
INSERT INTO exchange_rates (from_currency, to_currency, rate_date, exchange_rate) VALUES ('PLN', 'UAH', '2024-12-05', 13.916223);
INSERT INTO exchange_rates (from_currency, to_currency, rate_date, exchange_rate) VALUES ('PLN', 'UAH', '2024-12-06', 13.759951);
INSERT INTO exchange_rates (from_currency, to_currency, rate_date, exchange_rate) VALUES ('PLN', 'UAH', '2024-12-07', 13.758435);
INSERT INTO exchange_rates (from_currency, to_currency, rate_date, exchange_rate) VALUES ('PLN', 'UAH', '2024-12-08', 13.695190);
INSERT INTO exchange_rates (from_currency, to_currency, rate_date, exchange_rate) VALUES ('PLN', 'UAH', '2024-12-09', 13.816980);
INSERT INTO exchange_rates (from_currency, to_currency, rate_date, exchange_rate) VALUES ('PLN', 'UAH', '2024-12-10', 13.615757);
INSERT INTO exchange_rates (from_currency, to_currency, rate_date, exchange_rate) VALUES ('PLN', 'UAH', '2024-12-11', 13.951694);
INSERT INTO exchange_rates (from_currency, to_currency, rate_date, exchange_rate) VALUES ('PLN', 'UAH', '2024-12-12', 13.911866);
INSERT INTO exchange_rates (from_currency, to_currency, rate_date, exchange_rate) VALUES ('PLN', 'UAH', '2024-12-13', 14.161916);
INSERT INTO exchange_rates (from_currency, to_currency, rate_date, exchange_rate) VALUES ('PLN', 'UAH', '2024-12-14', 14.304009);
INSERT INTO exchange_rates (from_currency, to_currency, rate_date, exchange_rate) VALUES ('PLN', 'UAH', '2024-12-15', 14.507268);
INSERT INTO exchange_rates (from_currency, to_currency, rate_date, exchange_rate) VALUES ('PLN', 'UAH', '2024-12-16', 14.472619);
INSERT INTO exchange_rates (from_currency, to_currency, rate_date, exchange_rate) VALUES ('PLN', 'UAH', '2024-12-17', 14.457647);
INSERT INTO exchange_rates (from_currency, to_currency, rate_date, exchange_rate) VALUES ('PLN', 'UAH', '2024-12-18', 14.618513);
INSERT INTO exchange_rates (from_currency, to_currency, rate_date, exchange_rate) VALUES ('PLN', 'UAH', '2024-12-19', 14.865320);
INSERT INTO exchange_rates (from_currency, to_currency, rate_date, exchange_rate) VALUES ('PLN', 'UAH', '2024-12-20', 14.770807);
INSERT INTO exchange_rates (from_currency, to_currency, rate_date, exchange_rate) VALUES ('PLN', 'UAH', '2024-12-21', 14.436121);
INSERT INTO exchange_rates (from_currency, to_currency, rate_date, exchange_rate) VALUES ('PLN', 'UAH', '2024-12-22', 14.373573);
INSERT INTO exchange_rates (from_currency, to_currency, rate_date, exchange_rate) VALUES ('PLN', 'UAH', '2024-12-23', 14.420972);
INSERT INTO exchange_rates (from_currency, to_currency, rate_date, exchange_rate) VALUES ('PLN', 'UAH', '2024-12-24', 14.787259);
INSERT INTO exchange_rates (from_currency, to_currency, rate_date, exchange_rate) VALUES ('PLN', 'UAH', '2024-12-25', 14.963527);
INSERT INTO exchange_rates (from_currency, to_currency, rate_date, exchange_rate) VALUES ('PLN', 'UAH', '2024-12-26', 14.930409);
INSERT INTO exchange_rates (from_currency, to_currency, rate_date, exchange_rate) VALUES ('PLN', 'UAH', '2024-12-27', 15.185986);
INSERT INTO exchange_rates (from_currency, to_currency, rate_date, exchange_rate) VALUES ('PLN', 'UAH', '2024-12-28', 15.053862);
INSERT INTO exchange_rates (from_currency, to_currency, rate_date, exchange_rate) VALUES ('PLN', 'UAH', '2024-12-29', 15.339585);
INSERT INTO exchange_rates (from_currency, to_currency, rate_date, exchange_rate) VALUES ('PLN', 'UAH', '2024-12-30', 15.385316);
INSERT INTO exchange_rates (from_currency, to_currency, rate_date, exchange_rate) VALUES ('PLN', 'UAH', '2024-12-31', 15.082382);

-- Heater Models
INSERT INTO heater_models (sku, model_name, manufacturer, capacity_kw) VALUES ('BOSCH-IH-5000', 'Bosch Industrial Heater 5000', 'Bosch', 50.0);
INSERT INTO heater_models (sku, model_name, manufacturer, capacity_kw) VALUES ('BOSCH-IH-7500', 'Bosch Industrial Heater 7500', 'Bosch', 75.0);
INSERT INTO heater_models (sku, model_name, manufacturer, capacity_kw) VALUES ('BOSCH-IH-10K', 'Bosch Industrial Heater 10000', 'Bosch', 100.0);
INSERT INTO heater_models (sku, model_name, manufacturer, capacity_kw) VALUES ('CARRIER-CH-3000', 'Carrier Commercial Heater 3000', 'Carrier', 30.0);
INSERT INTO heater_models (sku, model_name, manufacturer, capacity_kw) VALUES ('CARRIER-CH-4500', 'Carrier Commercial Heater 4500', 'Carrier', 45.0);
INSERT INTO heater_models (sku, model_name, manufacturer, capacity_kw) VALUES ('CARRIER-CH-6000', 'Carrier Commercial Heater 6000', 'Carrier', 60.0);
INSERT INTO heater_models (sku, model_name, manufacturer, capacity_kw) VALUES ('MITS-HE-2500', 'Mitsubishi Heavy Electric 2500', 'Mitsubishi', 25.0);
INSERT INTO heater_models (sku, model_name, manufacturer, capacity_kw) VALUES ('MITS-HE-5000', 'Mitsubishi Heavy Electric 5000', 'Mitsubishi', 50.0);
INSERT INTO heater_models (sku, model_name, manufacturer, capacity_kw) VALUES ('MITS-HE-8000', 'Mitsubishi Heavy Electric 8000', 'Mitsubishi', 80.0);
INSERT INTO heater_models (sku, model_name, manufacturer, capacity_kw) VALUES ('HW-EC-2000', 'HeatWave EconoMax 2000', 'HeatWave', 20.0);
INSERT INTO heater_models (sku, model_name, manufacturer, capacity_kw) VALUES ('HW-EC-3500', 'HeatWave EconoMax 3500', 'HeatWave', 35.0);
INSERT INTO heater_models (sku, model_name, manufacturer, capacity_kw) VALUES ('HW-EC-5000', 'HeatWave EconoMax 5000', 'HeatWave', 50.0);
INSERT INTO heater_models (sku, model_name, manufacturer, capacity_kw) VALUES ('PG-TH-3000', 'PolGrzew ThermoMax 3000', 'PolGrzew', 30.0);
INSERT INTO heater_models (sku, model_name, manufacturer, capacity_kw) VALUES ('PG-TH-4000', 'PolGrzew ThermoMax 4000', 'PolGrzew', 40.0);
INSERT INTO heater_models (sku, model_name, manufacturer, capacity_kw) VALUES ('BOSCH-IP-15K', 'Bosch Industrial Pro 15000', 'Bosch', 150.0);
INSERT INTO heater_models (sku, model_name, manufacturer, capacity_kw) VALUES ('CARRIER-HP-12K', 'Carrier HeavyPower 12000', 'Carrier', 120.0);
INSERT INTO heater_models (sku, model_name, manufacturer, capacity_kw) VALUES ('MITS-CM-1500', 'Mitsubishi Compact 1500', 'Mitsubishi', 15.0);
INSERT INTO heater_models (sku, model_name, manufacturer, capacity_kw) VALUES ('BOSCH-CM-1800', 'Bosch Compact 1800', 'Bosch', 18.0);
INSERT INTO heater_models (sku, model_name, manufacturer, capacity_kw) VALUES ('CARRIER-EE-3500', 'Carrier EcoEfficient 3500', 'Carrier', 35.0);
INSERT INTO heater_models (sku, model_name, manufacturer, capacity_kw) VALUES ('MITS-EE-4000', 'Mitsubishi EcoEfficient 4000', 'Mitsubishi', 40.0);
INSERT INTO heater_models (sku, model_name, manufacturer, capacity_kw) VALUES ('BOSCH-HD-20K', 'Bosch HeavyDuty 20000', 'Bosch', 200.0);
INSERT INTO heater_models (sku, model_name, manufacturer, capacity_kw) VALUES ('CARRIER-HD-18K', 'Carrier HeavyDuty 18000', 'Carrier', 180.0);
INSERT INTO heater_models (sku, model_name, manufacturer, capacity_kw) VALUES ('HW-BS-1500', 'HeatWave BasicStar 1500', 'HeatWave', 15.0);
INSERT INTO heater_models (sku, model_name, manufacturer, capacity_kw) VALUES ('HW-BS-2500', 'HeatWave BasicStar 2500', 'HeatWave', 25.0);
INSERT INTO heater_models (sku, model_name, manufacturer, capacity_kw) VALUES ('PG-ST-2000', 'PolGrzew Standard 2000', 'PolGrzew', 20.0);
INSERT INTO heater_models (sku, model_name, manufacturer, capacity_kw) VALUES ('BOSCH-SM-8000', 'Bosch SmartMax 8000', 'Bosch', 80.0);
INSERT INTO heater_models (sku, model_name, manufacturer, capacity_kw) VALUES ('MITS-SM-7000', 'Mitsubishi SmartMax 7000', 'Mitsubishi', 70.0);
INSERT INTO heater_models (sku, model_name, manufacturer, capacity_kw) VALUES ('CARRIER-SM-9000', 'Carrier SmartMax 9000', 'Carrier', 90.0);

-- List Prices (current)
INSERT INTO list_prices (sku, list_price_uah, effective_date, is_current) VALUES ('BOSCH-IH-5000', 27620.10, '2024-12-31', true);
INSERT INTO list_prices (sku, list_price_uah, effective_date, is_current) VALUES ('BOSCH-IH-7500', 40639.36, '2024-12-31', true);
INSERT INTO list_prices (sku, list_price_uah, effective_date, is_current) VALUES ('BOSCH-IH-10K', 51377.18, '2024-12-31', true);
INSERT INTO list_prices (sku, list_price_uah, effective_date, is_current) VALUES ('CARRIER-CH-3000', 19102.94, '2024-12-31', true);
INSERT INTO list_prices (sku, list_price_uah, effective_date, is_current) VALUES ('CARRIER-CH-4500', 25677.59, '2024-12-31', true);
INSERT INTO list_prices (sku, list_price_uah, effective_date, is_current) VALUES ('CARRIER-CH-6000', 35669.67, '2024-12-31', true);
INSERT INTO list_prices (sku, list_price_uah, effective_date, is_current) VALUES ('MITS-HE-2500', 17946.79, '2024-12-31', true);
INSERT INTO list_prices (sku, list_price_uah, effective_date, is_current) VALUES ('MITS-HE-5000', 32531.23, '2024-12-31', true);
INSERT INTO list_prices (sku, list_price_uah, effective_date, is_current) VALUES ('MITS-HE-8000', 47186.38, '2024-12-31', true);
INSERT INTO list_prices (sku, list_price_uah, effective_date, is_current) VALUES ('HW-EC-2000', 11115.67, '2024-12-31', true);
INSERT INTO list_prices (sku, list_price_uah, effective_date, is_current) VALUES ('HW-EC-3500', 17876.89, '2024-12-31', true);
INSERT INTO list_prices (sku, list_price_uah, effective_date, is_current) VALUES ('HW-EC-5000', 21560.11, '2024-12-31', true);
INSERT INTO list_prices (sku, list_price_uah, effective_date, is_current) VALUES ('PG-TH-3000', 18999.93, '2024-12-31', true);
INSERT INTO list_prices (sku, list_price_uah, effective_date, is_current) VALUES ('PG-TH-4000', 23203.88, '2024-12-31', true);
INSERT INTO list_prices (sku, list_price_uah, effective_date, is_current) VALUES ('BOSCH-IP-15K', 75102.82, '2024-12-31', true);
INSERT INTO list_prices (sku, list_price_uah, effective_date, is_current) VALUES ('CARRIER-HP-12K', 59178.19, '2024-12-31', true);
INSERT INTO list_prices (sku, list_price_uah, effective_date, is_current) VALUES ('MITS-CM-1500', 11845.71, '2024-12-31', true);
INSERT INTO list_prices (sku, list_price_uah, effective_date, is_current) VALUES ('BOSCH-CM-1800', 12074.27, '2024-12-31', true);
INSERT INTO list_prices (sku, list_price_uah, effective_date, is_current) VALUES ('CARRIER-EE-3500', 29787.46, '2024-12-31', true);
INSERT INTO list_prices (sku, list_price_uah, effective_date, is_current) VALUES ('MITS-EE-4000', 31969.84, '2024-12-31', true);
INSERT INTO list_prices (sku, list_price_uah, effective_date, is_current) VALUES ('BOSCH-HD-20K', 95322.54, '2024-12-31', true);
INSERT INTO list_prices (sku, list_price_uah, effective_date, is_current) VALUES ('CARRIER-HD-18K', 79583.58, '2024-12-31', true);
INSERT INTO list_prices (sku, list_price_uah, effective_date, is_current) VALUES ('HW-BS-1500', 7521.51, '2024-12-31', true);
INSERT INTO list_prices (sku, list_price_uah, effective_date, is_current) VALUES ('HW-BS-2500', 11226.12, '2024-12-31', true);
INSERT INTO list_prices (sku, list_price_uah, effective_date, is_current) VALUES ('PG-ST-2000', 12555.63, '2024-12-31', true);
INSERT INTO list_prices (sku, list_price_uah, effective_date, is_current) VALUES ('BOSCH-SM-8000', 51218.23, '2024-12-31', true);
INSERT INTO list_prices (sku, list_price_uah, effective_date, is_current) VALUES ('MITS-SM-7000', 43253.27, '2024-12-31', true);
INSERT INTO list_prices (sku, list_price_uah, effective_date, is_current) VALUES ('CARRIER-SM-9000', 54660.61, '2024-12-31', true);

-- Vendors
INSERT INTO vendors (vendor_id, vendor_name, country_code, currency_code, contact_info) VALUES (1, 'ThermoTech USA Inc.', 'US', 'USD', 'contact@thermotech-usa.com');
INSERT INTO vendors (vendor_id, vendor_name, country_code, currency_code, contact_info) VALUES (2, 'HeizKraft GmbH', 'DE', 'EUR', 'info@heizkraft.de');
INSERT INTO vendors (vendor_id, vendor_name, country_code, currency_code, contact_info) VALUES (3, 'Warmth Industries Ltd.', 'CN', 'CNY', 'sales@warmth.cn');
INSERT INTO vendors (vendor_id, vendor_name, country_code, currency_code, contact_info) VALUES (4, 'Polski Grzewczy Sp. z o.o.', 'PL', 'PLN', 'biuro@polskigrzewczy.pl');

-- Customers
INSERT INTO customers (customer_id, company_name, contact_person, email, phone) VALUES (1, 'Kyiv Manufacturing Corp.', 'Oleksandr Petrenko', 'o.petrenko@kyivmfg.ua', '+380441234567');
INSERT INTO customers (customer_id, company_name, contact_person, email, phone) VALUES (2, 'Lviv Industrial Solutions', 'Natalia Kovalenko', 'n.kovalenko@lvivind.ua', '+380322345678');
INSERT INTO customers (customer_id, company_name, contact_person, email, phone) VALUES (3, 'Odesa Logistics Hub', 'Viktor Shevchenko', 'v.shevchenko@odesalog.ua', '+380482456789');
INSERT INTO customers (customer_id, company_name, contact_person, email, phone) VALUES (4, 'Kharkiv Engineering Ltd.', 'Iryna Bondarenko', 'i.bondarenko@kharkiveng.ua', '+380573567890');
INSERT INTO customers (customer_id, company_name, contact_person, email, phone) VALUES (5, 'Dnipro Heavy Industries', 'Andriy Kravchenko', 'a.kravchenko@dnipro-heavy.ua', '+380562678901');
INSERT INTO customers (customer_id, company_name, contact_person, email, phone) VALUES (6, 'Zaporizhzhia Steel Works', 'Oksana Moroz', 'o.moroz@zapsteel.ua', '+380612789012');
INSERT INTO customers (customer_id, company_name, contact_person, email, phone) VALUES (7, 'Poltava Agricultural Systems', 'Dmytro Tkachenko', 'd.tkachenko@poltavaagri.ua', '+380532890123');
INSERT INTO customers (customer_id, company_name, contact_person, email, phone) VALUES (8, 'Chernihiv Processing Plant', 'Yulia Lysenko', 'y.lysenko@chernihivproc.ua', '+380462901234');
INSERT INTO customers (customer_id, company_name, contact_person, email, phone) VALUES (9, 'Vinnytsia Food Industries', 'Sergiy Koval', 's.koval@vinnytsiafood.ua', '+380432012345');
INSERT INTO customers (customer_id, company_name, contact_person, email, phone) VALUES (10, 'Zhytomyr Construction Group', 'Tetiana Savchenko', 't.savchenko@zhytomyrconstr.ua', '+380412123456');
INSERT INTO customers (customer_id, company_name, contact_person, email, phone) VALUES (11, 'Rivne Energy Systems', 'Maksym Polishchuk', 'm.polishchuk@rivneenergy.ua', '+380362234567');
INSERT INTO customers (customer_id, company_name, contact_person, email, phone) VALUES (12, 'Ternopil Manufacturing Hub', 'Olena Melnyk', 'o.melnyk@ternopilmfg.ua', '+380352345678');
INSERT INTO customers (customer_id, company_name, contact_person, email, phone) VALUES (13, 'Ivano-Frankivsk Industries', 'Roman Boyko', 'r.boyko@ifind.ua', '+380342456789');
INSERT INTO customers (customer_id, company_name, contact_person, email, phone) VALUES (14, 'Lutsk Production Facility', 'Marina Koval', 'm.koval@lutskprod.ua', '+380332567890');
INSERT INTO customers (customer_id, company_name, contact_person, email, phone) VALUES (15, 'Uzhhorod Border Logistics', 'Vasyl Horvat', 'v.horvat@uzhlog.ua', '+380312678901');

-- Purchase Orders and Lots
-- PO #1 on 2024-01-03
INSERT INTO purchase_lots (lot_id, po_id, sku, lot_number, quantity_purchased, quantity_remaining, unit_price_original, purchase_date) VALUES (1, 1, 'HW-EC-3500', 'LOT-20240103-0001', 40, 40, 3126.61, '2024-01-03');
INSERT INTO purchase_lots (lot_id, po_id, sku, lot_number, quantity_purchased, quantity_remaining, unit_price_original, purchase_date) VALUES (2, 1, 'BOSCH-SM-8000', 'LOT-20240103-0002', 30, 30, 8622.31, '2024-01-03');
INSERT INTO purchase_orders (po_id, vendor_id, po_date, total_amount) VALUES (1, 3, '2024-01-03', 383733.70);

-- PO #2 on 2024-01-04
INSERT INTO purchase_lots (lot_id, po_id, sku, lot_number, quantity_purchased, quantity_remaining, unit_price_original, purchase_date) VALUES (3, 2, 'MITS-SM-7000', 'LOT-20240104-0003', 20, 20, 963.27, '2024-01-04');
INSERT INTO purchase_orders (po_id, vendor_id, po_date, total_amount) VALUES (2, 2, '2024-01-04', 19265.40);

-- PO #3 on 2024-01-13
INSERT INTO purchase_lots (lot_id, po_id, sku, lot_number, quantity_purchased, quantity_remaining, unit_price_original, purchase_date) VALUES (4, 3, 'BOSCH-IH-10K', 'LOT-20240113-0004', 30, 30, 1233.10, '2024-01-13');
INSERT INTO purchase_orders (po_id, vendor_id, po_date, total_amount) VALUES (3, 1, '2024-01-13', 36993.00);

-- PO #4 on 2024-01-13
INSERT INTO purchase_lots (lot_id, po_id, sku, lot_number, quantity_purchased, quantity_remaining, unit_price_original, purchase_date) VALUES (5, 4, 'HW-BS-2500', 'LOT-20240113-0005', 5, 5, 289.70, '2024-01-13');
INSERT INTO purchase_lots (lot_id, po_id, sku, lot_number, quantity_purchased, quantity_remaining, unit_price_original, purchase_date) VALUES (6, 4, 'BOSCH-IH-7500', 'LOT-20240113-0006', 20, 20, 907.60, '2024-01-13');
INSERT INTO purchase_lots (lot_id, po_id, sku, lot_number, quantity_purchased, quantity_remaining, unit_price_original, purchase_date) VALUES (7, 4, 'PG-TH-3000', 'LOT-20240113-0007', 10, 10, 499.82, '2024-01-13');
INSERT INTO purchase_orders (po_id, vendor_id, po_date, total_amount) VALUES (4, 1, '2024-01-13', 24598.70);

-- PO #5 on 2024-01-14
INSERT INTO purchase_lots (lot_id, po_id, sku, lot_number, quantity_purchased, quantity_remaining, unit_price_original, purchase_date) VALUES (8, 5, 'MITS-HE-5000', 'LOT-20240114-0008', 50, 50, 761.13, '2024-01-14');
INSERT INTO purchase_lots (lot_id, po_id, sku, lot_number, quantity_purchased, quantity_remaining, unit_price_original, purchase_date) VALUES (9, 5, 'MITS-SM-7000', 'LOT-20240114-0009', 15, 15, 1018.13, '2024-01-14');
INSERT INTO purchase_lots (lot_id, po_id, sku, lot_number, quantity_purchased, quantity_remaining, unit_price_original, purchase_date) VALUES (10, 5, 'BOSCH-SM-8000', 'LOT-20240114-0010', 5, 5, 1169.98, '2024-01-14');
INSERT INTO purchase_lots (lot_id, po_id, sku, lot_number, quantity_purchased, quantity_remaining, unit_price_original, purchase_date) VALUES (11, 5, 'MITS-HE-2500', 'LOT-20240114-0011', 30, 30, 448.37, '2024-01-14');
INSERT INTO purchase_orders (po_id, vendor_id, po_date, total_amount) VALUES (5, 1, '2024-01-14', 72629.45);

-- PO #6 on 2024-01-20
INSERT INTO purchase_lots (lot_id, po_id, sku, lot_number, quantity_purchased, quantity_remaining, unit_price_original, purchase_date) VALUES (12, 6, 'PG-ST-2000', 'LOT-20240120-0012', 30, 30, 287.68, '2024-01-20');
INSERT INTO purchase_lots (lot_id, po_id, sku, lot_number, quantity_purchased, quantity_remaining, unit_price_original, purchase_date) VALUES (13, 6, 'MITS-HE-8000', 'LOT-20240120-0013', 40, 40, 1045.97, '2024-01-20');
INSERT INTO purchase_lots (lot_id, po_id, sku, lot_number, quantity_purchased, quantity_remaining, unit_price_original, purchase_date) VALUES (14, 6, 'PG-TH-3000', 'LOT-20240120-0014', 50, 50, 421.66, '2024-01-20');
INSERT INTO purchase_orders (po_id, vendor_id, po_date, total_amount) VALUES (6, 2, '2024-01-20', 71552.20);

-- PO #7 on 2024-01-24
INSERT INTO purchase_lots (lot_id, po_id, sku, lot_number, quantity_purchased, quantity_remaining, unit_price_original, purchase_date) VALUES (15, 7, 'MITS-HE-8000', 'LOT-20240124-0015', 50, 50, 933.48, '2024-01-24');
INSERT INTO purchase_lots (lot_id, po_id, sku, lot_number, quantity_purchased, quantity_remaining, unit_price_original, purchase_date) VALUES (16, 7, 'BOSCH-HD-20K', 'LOT-20240124-0016', 25, 25, 2003.96, '2024-01-24');
INSERT INTO purchase_orders (po_id, vendor_id, po_date, total_amount) VALUES (7, 2, '2024-01-24', 96773.00);

-- PO #8 on 2024-01-26
INSERT INTO purchase_lots (lot_id, po_id, sku, lot_number, quantity_purchased, quantity_remaining, unit_price_original, purchase_date) VALUES (17, 8, 'BOSCH-IH-5000', 'LOT-20240126-0017', 25, 25, 653.09, '2024-01-26');
INSERT INTO purchase_orders (po_id, vendor_id, po_date, total_amount) VALUES (8, 2, '2024-01-26', 16327.25);

-- PO #9 on 2024-01-30
INSERT INTO purchase_lots (lot_id, po_id, sku, lot_number, quantity_purchased, quantity_remaining, unit_price_original, purchase_date) VALUES (18, 9, 'CARRIER-SM-9000', 'LOT-20240130-0018', 40, 40, 9086.61, '2024-01-30');
INSERT INTO purchase_lots (lot_id, po_id, sku, lot_number, quantity_purchased, quantity_remaining, unit_price_original, purchase_date) VALUES (19, 9, 'BOSCH-IH-10K', 'LOT-20240130-0019', 50, 50, 9165.49, '2024-01-30');
INSERT INTO purchase_orders (po_id, vendor_id, po_date, total_amount) VALUES (9, 3, '2024-01-30', 821738.90);

-- PO #10 on 2024-01-31
INSERT INTO purchase_lots (lot_id, po_id, sku, lot_number, quantity_purchased, quantity_remaining, unit_price_original, purchase_date) VALUES (20, 10, 'HW-EC-3500', 'LOT-20240131-0020', 10, 10, 359.32, '2024-01-31');
INSERT INTO purchase_lots (lot_id, po_id, sku, lot_number, quantity_purchased, quantity_remaining, unit_price_original, purchase_date) VALUES (21, 10, 'MITS-HE-2500', 'LOT-20240131-0021', 15, 15, 393.59, '2024-01-31');
INSERT INTO purchase_orders (po_id, vendor_id, po_date, total_amount) VALUES (10, 2, '2024-01-31', 9497.05);

-- PO #11 on 2024-01-31
INSERT INTO purchase_lots (lot_id, po_id, sku, lot_number, quantity_purchased, quantity_remaining, unit_price_original, purchase_date) VALUES (22, 11, 'CARRIER-HP-12K', 'LOT-20240131-0022', 10, 10, 11024.21, '2024-01-31');
INSERT INTO purchase_lots (lot_id, po_id, sku, lot_number, quantity_purchased, quantity_remaining, unit_price_original, purchase_date) VALUES (23, 11, 'BOSCH-IH-7500', 'LOT-20240131-0023', 20, 20, 6534.47, '2024-01-31');
INSERT INTO purchase_lots (lot_id, po_id, sku, lot_number, quantity_purchased, quantity_remaining, unit_price_original, purchase_date) VALUES (24, 11, 'CARRIER-EE-3500', 'LOT-20240131-0024', 5, 5, 5368.34, '2024-01-31');
INSERT INTO purchase_orders (po_id, vendor_id, po_date, total_amount) VALUES (11, 3, '2024-01-31', 267773.20);

-- PO #12 on 2024-02-01
INSERT INTO purchase_lots (lot_id, po_id, sku, lot_number, quantity_purchased, quantity_remaining, unit_price_original, purchase_date) VALUES (25, 12, 'BOSCH-IH-10K', 'LOT-20240201-0025', 15, 15, 5030.12, '2024-02-01');
INSERT INTO purchase_lots (lot_id, po_id, sku, lot_number, quantity_purchased, quantity_remaining, unit_price_original, purchase_date) VALUES (26, 12, 'HW-BS-1500', 'LOT-20240201-0026', 50, 50, 634.27, '2024-02-01');
INSERT INTO purchase_lots (lot_id, po_id, sku, lot_number, quantity_purchased, quantity_remaining, unit_price_original, purchase_date) VALUES (27, 12, 'BOSCH-IH-7500', 'LOT-20240201-0027', 50, 50, 3553.21, '2024-02-01');
INSERT INTO purchase_orders (po_id, vendor_id, po_date, total_amount) VALUES (12, 4, '2024-02-01', 284825.80);

-- PO #13 on 2024-02-01
INSERT INTO purchase_lots (lot_id, po_id, sku, lot_number, quantity_purchased, quantity_remaining, unit_price_original, purchase_date) VALUES (28, 13, 'CARRIER-CH-3000', 'LOT-20240201-0028', 50, 50, 3874.54, '2024-02-01');
INSERT INTO purchase_orders (po_id, vendor_id, po_date, total_amount) VALUES (13, 3, '2024-02-01', 193727.00);

-- PO #14 on 2024-02-02
INSERT INTO purchase_lots (lot_id, po_id, sku, lot_number, quantity_purchased, quantity_remaining, unit_price_original, purchase_date) VALUES (29, 14, 'BOSCH-IH-7500', 'LOT-20240202-0029', 30, 30, 6716.11, '2024-02-02');
INSERT INTO purchase_lots (lot_id, po_id, sku, lot_number, quantity_purchased, quantity_remaining, unit_price_original, purchase_date) VALUES (30, 14, 'BOSCH-IH-5000', 'LOT-20240202-0030', 20, 20, 4678.44, '2024-02-02');
INSERT INTO purchase_lots (lot_id, po_id, sku, lot_number, quantity_purchased, quantity_remaining, unit_price_original, purchase_date) VALUES (31, 14, 'MITS-HE-2500', 'LOT-20240202-0031', 30, 30, 2819.04, '2024-02-02');
INSERT INTO purchase_orders (po_id, vendor_id, po_date, total_amount) VALUES (14, 3, '2024-02-02', 379623.30);

-- PO #15 on 2024-02-03
INSERT INTO purchase_lots (lot_id, po_id, sku, lot_number, quantity_purchased, quantity_remaining, unit_price_original, purchase_date) VALUES (32, 15, 'CARRIER-EE-3500', 'LOT-20240203-0032', 50, 50, 736.42, '2024-02-03');
INSERT INTO purchase_lots (lot_id, po_id, sku, lot_number, quantity_purchased, quantity_remaining, unit_price_original, purchase_date) VALUES (33, 15, 'CARRIER-CH-6000', 'LOT-20240203-0033', 50, 50, 836.19, '2024-02-03');
INSERT INTO purchase_lots (lot_id, po_id, sku, lot_number, quantity_purchased, quantity_remaining, unit_price_original, purchase_date) VALUES (34, 15, 'PG-TH-4000', 'LOT-20240203-0034', 30, 30, 647.15, '2024-02-03');
INSERT INTO purchase_lots (lot_id, po_id, sku, lot_number, quantity_purchased, quantity_remaining, unit_price_original, purchase_date) VALUES (35, 15, 'BOSCH-SM-8000', 'LOT-20240203-0035', 25, 25, 1216.84, '2024-02-03');
INSERT INTO purchase_orders (po_id, vendor_id, po_date, total_amount) VALUES (15, 1, '2024-02-03', 128466.00);

-- PO #16 on 2024-02-11
INSERT INTO purchase_lots (lot_id, po_id, sku, lot_number, quantity_purchased, quantity_remaining, unit_price_original, purchase_date) VALUES (36, 16, 'MITS-HE-8000', 'LOT-20240211-0036', 20, 20, 1045.22, '2024-02-11');
INSERT INTO purchase_lots (lot_id, po_id, sku, lot_number, quantity_purchased, quantity_remaining, unit_price_original, purchase_date) VALUES (37, 16, 'CARRIER-CH-4500', 'LOT-20240211-0037', 30, 30, 541.52, '2024-02-11');
INSERT INTO purchase_lots (lot_id, po_id, sku, lot_number, quantity_purchased, quantity_remaining, unit_price_original, purchase_date) VALUES (38, 16, 'CARRIER-CH-6000', 'LOT-20240211-0038', 10, 10, 822.34, '2024-02-11');
INSERT INTO purchase_lots (lot_id, po_id, sku, lot_number, quantity_purchased, quantity_remaining, unit_price_original, purchase_date) VALUES (39, 16, 'HW-EC-3500', 'LOT-20240211-0039', 10, 10, 342.52, '2024-02-11');
INSERT INTO purchase_orders (po_id, vendor_id, po_date, total_amount) VALUES (16, 2, '2024-02-11', 48798.60);

-- PO #17 on 2024-02-14
INSERT INTO purchase_lots (lot_id, po_id, sku, lot_number, quantity_purchased, quantity_remaining, unit_price_original, purchase_date) VALUES (40, 17, 'HW-BS-1500', 'LOT-20240214-0040', 40, 40, 1273.04, '2024-02-14');
INSERT INTO purchase_lots (lot_id, po_id, sku, lot_number, quantity_purchased, quantity_remaining, unit_price_original, purchase_date) VALUES (41, 17, 'BOSCH-IH-5000', 'LOT-20240214-0041', 10, 10, 4617.95, '2024-02-14');
INSERT INTO purchase_orders (po_id, vendor_id, po_date, total_amount) VALUES (17, 3, '2024-02-14', 97101.10);

-- PO #18 on 2024-02-27
INSERT INTO purchase_lots (lot_id, po_id, sku, lot_number, quantity_purchased, quantity_remaining, unit_price_original, purchase_date) VALUES (42, 18, 'MITS-SM-7000', 'LOT-20240227-0042', 20, 20, 7457.95, '2024-02-27');
INSERT INTO purchase_orders (po_id, vendor_id, po_date, total_amount) VALUES (18, 3, '2024-02-27', 149159.00);

-- PO #19 on 2024-02-28
INSERT INTO purchase_lots (lot_id, po_id, sku, lot_number, quantity_purchased, quantity_remaining, unit_price_original, purchase_date) VALUES (43, 19, 'MITS-CM-1500', 'LOT-20240228-0043', 50, 50, 259.77, '2024-02-28');
INSERT INTO purchase_orders (po_id, vendor_id, po_date, total_amount) VALUES (19, 2, '2024-02-28', 12988.50);

-- PO #20 on 2024-03-01
INSERT INTO purchase_lots (lot_id, po_id, sku, lot_number, quantity_purchased, quantity_remaining, unit_price_original, purchase_date) VALUES (44, 20, 'PG-TH-3000', 'LOT-20240301-0044', 10, 10, 3579.85, '2024-03-01');
INSERT INTO purchase_orders (po_id, vendor_id, po_date, total_amount) VALUES (20, 3, '2024-03-01', 35798.50);

-- PO #21 on 2024-03-01
INSERT INTO purchase_lots (lot_id, po_id, sku, lot_number, quantity_purchased, quantity_remaining, unit_price_original, purchase_date) VALUES (45, 21, 'MITS-HE-2500', 'LOT-20240301-0045', 10, 10, 2991.72, '2024-03-01');
INSERT INTO purchase_lots (lot_id, po_id, sku, lot_number, quantity_purchased, quantity_remaining, unit_price_original, purchase_date) VALUES (46, 21, 'BOSCH-HD-20K', 'LOT-20240301-0046', 15, 15, 17058.50, '2024-03-01');
INSERT INTO purchase_lots (lot_id, po_id, sku, lot_number, quantity_purchased, quantity_remaining, unit_price_original, purchase_date) VALUES (47, 21, 'PG-TH-3000', 'LOT-20240301-0047', 15, 15, 3220.02, '2024-03-01');
INSERT INTO purchase_orders (po_id, vendor_id, po_date, total_amount) VALUES (21, 3, '2024-03-01', 334095.00);

-- PO #22 on 2024-03-18
INSERT INTO purchase_lots (lot_id, po_id, sku, lot_number, quantity_purchased, quantity_remaining, unit_price_original, purchase_date) VALUES (48, 22, 'CARRIER-CH-3000', 'LOT-20240318-0048', 5, 5, 489.77, '2024-03-18');
INSERT INTO purchase_orders (po_id, vendor_id, po_date, total_amount) VALUES (22, 1, '2024-03-18', 2448.85);

-- PO #23 on 2024-03-19
INSERT INTO purchase_lots (lot_id, po_id, sku, lot_number, quantity_purchased, quantity_remaining, unit_price_original, purchase_date) VALUES (49, 23, 'BOSCH-HD-20K', 'LOT-20240319-0049', 40, 40, 2113.54, '2024-03-19');
INSERT INTO purchase_orders (po_id, vendor_id, po_date, total_amount) VALUES (23, 2, '2024-03-19', 84541.60);

-- PO #24 on 2024-03-23
INSERT INTO purchase_lots (lot_id, po_id, sku, lot_number, quantity_purchased, quantity_remaining, unit_price_original, purchase_date) VALUES (50, 24, 'PG-ST-2000', 'LOT-20240323-0050', 20, 20, 1337.87, '2024-03-23');
INSERT INTO purchase_orders (po_id, vendor_id, po_date, total_amount) VALUES (24, 4, '2024-03-23', 26757.40);

-- PO #25 on 2024-04-07
INSERT INTO purchase_lots (lot_id, po_id, sku, lot_number, quantity_purchased, quantity_remaining, unit_price_original, purchase_date) VALUES (51, 25, 'BOSCH-IH-5000', 'LOT-20240407-0051', 50, 50, 711.89, '2024-04-07');
INSERT INTO purchase_lots (lot_id, po_id, sku, lot_number, quantity_purchased, quantity_remaining, unit_price_original, purchase_date) VALUES (52, 25, 'BOSCH-CM-1800', 'LOT-20240407-0052', 25, 25, 332.99, '2024-04-07');
INSERT INTO purchase_lots (lot_id, po_id, sku, lot_number, quantity_purchased, quantity_remaining, unit_price_original, purchase_date) VALUES (53, 25, 'CARRIER-HP-12K', 'LOT-20240407-0053', 5, 5, 1565.19, '2024-04-07');
INSERT INTO purchase_lots (lot_id, po_id, sku, lot_number, quantity_purchased, quantity_remaining, unit_price_original, purchase_date) VALUES (54, 25, 'CARRIER-CH-3000', 'LOT-20240407-0054', 10, 10, 471.70, '2024-04-07');
INSERT INTO purchase_orders (po_id, vendor_id, po_date, total_amount) VALUES (25, 1, '2024-04-07', 56462.20);

-- PO #26 on 2024-04-07
INSERT INTO purchase_lots (lot_id, po_id, sku, lot_number, quantity_purchased, quantity_remaining, unit_price_original, purchase_date) VALUES (55, 26, 'BOSCH-SM-8000', 'LOT-20240407-0055', 50, 50, 1264.87, '2024-04-07');
INSERT INTO purchase_lots (lot_id, po_id, sku, lot_number, quantity_purchased, quantity_remaining, unit_price_original, purchase_date) VALUES (56, 26, 'PG-TH-3000', 'LOT-20240407-0056', 20, 20, 406.38, '2024-04-07');
INSERT INTO purchase_orders (po_id, vendor_id, po_date, total_amount) VALUES (26, 1, '2024-04-07', 71371.10);

-- PO #27 on 2024-04-08
INSERT INTO purchase_lots (lot_id, po_id, sku, lot_number, quantity_purchased, quantity_remaining, unit_price_original, purchase_date) VALUES (57, 27, 'MITS-EE-4000', 'LOT-20240408-0057', 15, 15, 623.53, '2024-04-08');
INSERT INTO purchase_lots (lot_id, po_id, sku, lot_number, quantity_purchased, quantity_remaining, unit_price_original, purchase_date) VALUES (58, 27, 'CARRIER-EE-3500', 'LOT-20240408-0058', 40, 40, 624.13, '2024-04-08');
INSERT INTO purchase_lots (lot_id, po_id, sku, lot_number, quantity_purchased, quantity_remaining, unit_price_original, purchase_date) VALUES (59, 27, 'MITS-HE-2500', 'LOT-20240408-0059', 50, 50, 360.35, '2024-04-08');
INSERT INTO purchase_orders (po_id, vendor_id, po_date, total_amount) VALUES (27, 2, '2024-04-08', 52335.65);

-- PO #28 on 2024-04-09
INSERT INTO purchase_lots (lot_id, po_id, sku, lot_number, quantity_purchased, quantity_remaining, unit_price_original, purchase_date) VALUES (60, 28, 'PG-ST-2000', 'LOT-20240409-0060', 5, 5, 295.83, '2024-04-09');
INSERT INTO purchase_lots (lot_id, po_id, sku, lot_number, quantity_purchased, quantity_remaining, unit_price_original, purchase_date) VALUES (61, 28, 'HW-EC-5000', 'LOT-20240409-0061', 50, 50, 525.76, '2024-04-09');
INSERT INTO purchase_orders (po_id, vendor_id, po_date, total_amount) VALUES (28, 1, '2024-04-09', 27767.15);

-- PO #29 on 2024-04-10
INSERT INTO purchase_lots (lot_id, po_id, sku, lot_number, quantity_purchased, quantity_remaining, unit_price_original, purchase_date) VALUES (62, 29, 'BOSCH-IH-5000', 'LOT-20240410-0062', 50, 50, 625.76, '2024-04-10');
INSERT INTO purchase_orders (po_id, vendor_id, po_date, total_amount) VALUES (29, 2, '2024-04-10', 31288.00);

-- PO #30 on 2024-04-11
INSERT INTO purchase_lots (lot_id, po_id, sku, lot_number, quantity_purchased, quantity_remaining, unit_price_original, purchase_date) VALUES (63, 30, 'BOSCH-IH-10K', 'LOT-20240411-0063', 5, 5, 9015.23, '2024-04-11');
INSERT INTO purchase_orders (po_id, vendor_id, po_date, total_amount) VALUES (30, 3, '2024-04-11', 45076.15);

-- PO #31 on 2024-04-14
INSERT INTO purchase_lots (lot_id, po_id, sku, lot_number, quantity_purchased, quantity_remaining, unit_price_original, purchase_date) VALUES (64, 31, 'CARRIER-CH-3000', 'LOT-20240414-0064', 15, 15, 501.94, '2024-04-14');
INSERT INTO purchase_orders (po_id, vendor_id, po_date, total_amount) VALUES (31, 1, '2024-04-14', 7529.10);

-- PO #32 on 2024-04-15
INSERT INTO purchase_lots (lot_id, po_id, sku, lot_number, quantity_purchased, quantity_remaining, unit_price_original, purchase_date) VALUES (65, 32, 'BOSCH-CM-1800', 'LOT-20240415-0065', 15, 15, 1296.52, '2024-04-15');
INSERT INTO purchase_lots (lot_id, po_id, sku, lot_number, quantity_purchased, quantity_remaining, unit_price_original, purchase_date) VALUES (66, 32, 'PG-TH-4000', 'LOT-20240415-0066', 40, 40, 2457.10, '2024-04-15');
INSERT INTO purchase_lots (lot_id, po_id, sku, lot_number, quantity_purchased, quantity_remaining, unit_price_original, purchase_date) VALUES (67, 32, 'MITS-HE-8000', 'LOT-20240415-0067', 50, 50, 4447.25, '2024-04-15');
INSERT INTO purchase_orders (po_id, vendor_id, po_date, total_amount) VALUES (32, 4, '2024-04-15', 340094.30);

-- PO #33 on 2024-04-28
INSERT INTO purchase_lots (lot_id, po_id, sku, lot_number, quantity_purchased, quantity_remaining, unit_price_original, purchase_date) VALUES (68, 33, 'BOSCH-IP-15K', 'LOT-20240428-0068', 50, 50, 7084.20, '2024-04-28');
INSERT INTO purchase_lots (lot_id, po_id, sku, lot_number, quantity_purchased, quantity_remaining, unit_price_original, purchase_date) VALUES (69, 33, 'MITS-EE-4000', 'LOT-20240428-0069', 15, 15, 3187.64, '2024-04-28');
INSERT INTO purchase_lots (lot_id, po_id, sku, lot_number, quantity_purchased, quantity_remaining, unit_price_original, purchase_date) VALUES (70, 33, 'BOSCH-HD-20K', 'LOT-20240428-0070', 20, 20, 9248.99, '2024-04-28');
INSERT INTO purchase_lots (lot_id, po_id, sku, lot_number, quantity_purchased, quantity_remaining, unit_price_original, purchase_date) VALUES (71, 33, 'CARRIER-SM-9000', 'LOT-20240428-0071', 50, 50, 5136.75, '2024-04-28');
INSERT INTO purchase_orders (po_id, vendor_id, po_date, total_amount) VALUES (33, 4, '2024-04-28', 843841.90);

-- PO #34 on 2024-05-05
INSERT INTO purchase_lots (lot_id, po_id, sku, lot_number, quantity_purchased, quantity_remaining, unit_price_original, purchase_date) VALUES (72, 34, 'MITS-CM-1500', 'LOT-20240505-0072', 30, 30, 249.13, '2024-05-05');
INSERT INTO purchase_lots (lot_id, po_id, sku, lot_number, quantity_purchased, quantity_remaining, unit_price_original, purchase_date) VALUES (73, 34, 'CARRIER-HP-12K', 'LOT-20240505-0073', 30, 30, 1413.48, '2024-05-05');
INSERT INTO purchase_lots (lot_id, po_id, sku, lot_number, quantity_purchased, quantity_remaining, unit_price_original, purchase_date) VALUES (74, 34, 'CARRIER-CH-6000', 'LOT-20240505-0074', 30, 30, 724.71, '2024-05-05');
INSERT INTO purchase_lots (lot_id, po_id, sku, lot_number, quantity_purchased, quantity_remaining, unit_price_original, purchase_date) VALUES (75, 34, 'BOSCH-CM-1800', 'LOT-20240505-0075', 25, 25, 286.20, '2024-05-05');
INSERT INTO purchase_orders (po_id, vendor_id, po_date, total_amount) VALUES (34, 2, '2024-05-05', 78774.60);

-- PO #35 on 2024-05-12
INSERT INTO purchase_lots (lot_id, po_id, sku, lot_number, quantity_purchased, quantity_remaining, unit_price_original, purchase_date) VALUES (76, 35, 'MITS-HE-5000', 'LOT-20240512-0076', 10, 10, 5387.34, '2024-05-12');
INSERT INTO purchase_lots (lot_id, po_id, sku, lot_number, quantity_purchased, quantity_remaining, unit_price_original, purchase_date) VALUES (77, 35, 'PG-TH-4000', 'LOT-20240512-0077', 5, 5, 4159.20, '2024-05-12');
INSERT INTO purchase_orders (po_id, vendor_id, po_date, total_amount) VALUES (35, 3, '2024-05-12', 74669.40);

-- PO #36 on 2024-05-31
INSERT INTO purchase_lots (lot_id, po_id, sku, lot_number, quantity_purchased, quantity_remaining, unit_price_original, purchase_date) VALUES (78, 36, 'HW-EC-3500', 'LOT-20240531-0078', 20, 20, 335.21, '2024-05-31');
INSERT INTO purchase_lots (lot_id, po_id, sku, lot_number, quantity_purchased, quantity_remaining, unit_price_original, purchase_date) VALUES (79, 36, 'HW-EC-5000', 'LOT-20240531-0079', 40, 40, 519.33, '2024-05-31');
INSERT INTO purchase_lots (lot_id, po_id, sku, lot_number, quantity_purchased, quantity_remaining, unit_price_original, purchase_date) VALUES (80, 36, 'BOSCH-IP-15K', 'LOT-20240531-0080', 5, 5, 1665.43, '2024-05-31');
INSERT INTO purchase_lots (lot_id, po_id, sku, lot_number, quantity_purchased, quantity_remaining, unit_price_original, purchase_date) VALUES (81, 36, 'HW-BS-2500', 'LOT-20240531-0081', 25, 25, 229.73, '2024-05-31');
INSERT INTO purchase_orders (po_id, vendor_id, po_date, total_amount) VALUES (36, 2, '2024-05-31', 41547.80);

-- PO #37 on 2024-06-08
INSERT INTO purchase_lots (lot_id, po_id, sku, lot_number, quantity_purchased, quantity_remaining, unit_price_original, purchase_date) VALUES (82, 37, 'PG-TH-3000', 'LOT-20240608-0082', 15, 15, 1957.50, '2024-06-08');
INSERT INTO purchase_lots (lot_id, po_id, sku, lot_number, quantity_purchased, quantity_remaining, unit_price_original, purchase_date) VALUES (83, 37, 'BOSCH-IH-7500', 'LOT-20240608-0083', 30, 30, 3570.11, '2024-06-08');
INSERT INTO purchase_lots (lot_id, po_id, sku, lot_number, quantity_purchased, quantity_remaining, unit_price_original, purchase_date) VALUES (84, 37, 'CARRIER-HD-18K', 'LOT-20240608-0084', 25, 25, 8335.28, '2024-06-08');
INSERT INTO purchase_lots (lot_id, po_id, sku, lot_number, quantity_purchased, quantity_remaining, unit_price_original, purchase_date) VALUES (85, 37, 'MITS-CM-1500', 'LOT-20240608-0085', 20, 20, 1066.12, '2024-06-08');
INSERT INTO purchase_orders (po_id, vendor_id, po_date, total_amount) VALUES (37, 4, '2024-06-08', 366170.20);

-- PO #38 on 2024-06-13
INSERT INTO purchase_lots (lot_id, po_id, sku, lot_number, quantity_purchased, quantity_remaining, unit_price_original, purchase_date) VALUES (86, 38, 'CARRIER-HP-12K', 'LOT-20240613-0086', 25, 25, 1329.43, '2024-06-13');
INSERT INTO purchase_lots (lot_id, po_id, sku, lot_number, quantity_purchased, quantity_remaining, unit_price_original, purchase_date) VALUES (87, 38, 'BOSCH-IP-15K', 'LOT-20240613-0087', 40, 40, 1554.34, '2024-06-13');
INSERT INTO purchase_orders (po_id, vendor_id, po_date, total_amount) VALUES (38, 2, '2024-06-13', 95409.35);

-- PO #39 on 2024-06-20
INSERT INTO purchase_lots (lot_id, po_id, sku, lot_number, quantity_purchased, quantity_remaining, unit_price_original, purchase_date) VALUES (88, 39, 'BOSCH-HD-20K', 'LOT-20240620-0088', 10, 10, 2200.96, '2024-06-20');
INSERT INTO purchase_lots (lot_id, po_id, sku, lot_number, quantity_purchased, quantity_remaining, unit_price_original, purchase_date) VALUES (89, 39, 'MITS-EE-4000', 'LOT-20240620-0089', 5, 5, 788.19, '2024-06-20');
INSERT INTO purchase_orders (po_id, vendor_id, po_date, total_amount) VALUES (39, 1, '2024-06-20', 25950.55);

-- PO #40 on 2024-06-21
INSERT INTO purchase_lots (lot_id, po_id, sku, lot_number, quantity_purchased, quantity_remaining, unit_price_original, purchase_date) VALUES (90, 40, 'PG-ST-2000', 'LOT-20240621-0090', 40, 40, 1153.23, '2024-06-21');
INSERT INTO purchase_lots (lot_id, po_id, sku, lot_number, quantity_purchased, quantity_remaining, unit_price_original, purchase_date) VALUES (91, 40, 'MITS-HE-8000', 'LOT-20240621-0091', 40, 40, 4624.97, '2024-06-21');
INSERT INTO purchase_lots (lot_id, po_id, sku, lot_number, quantity_purchased, quantity_remaining, unit_price_original, purchase_date) VALUES (92, 40, 'BOSCH-SM-8000', 'LOT-20240621-0092', 30, 30, 5156.57, '2024-06-21');
INSERT INTO purchase_orders (po_id, vendor_id, po_date, total_amount) VALUES (40, 4, '2024-06-21', 385825.10);

-- PO #41 on 2024-06-26
INSERT INTO purchase_lots (lot_id, po_id, sku, lot_number, quantity_purchased, quantity_remaining, unit_price_original, purchase_date) VALUES (93, 41, 'MITS-SM-7000', 'LOT-20240626-0093', 25, 25, 7214.52, '2024-06-26');
INSERT INTO purchase_orders (po_id, vendor_id, po_date, total_amount) VALUES (41, 3, '2024-06-26', 180363.00);

-- PO #42 on 2024-07-03
INSERT INTO purchase_lots (lot_id, po_id, sku, lot_number, quantity_purchased, quantity_remaining, unit_price_original, purchase_date) VALUES (94, 42, 'HW-BS-1500', 'LOT-20240703-0094', 5, 5, 852.26, '2024-07-03');
INSERT INTO purchase_lots (lot_id, po_id, sku, lot_number, quantity_purchased, quantity_remaining, unit_price_original, purchase_date) VALUES (95, 42, 'BOSCH-HD-20K', 'LOT-20240703-0095', 25, 25, 9264.60, '2024-07-03');
INSERT INTO purchase_lots (lot_id, po_id, sku, lot_number, quantity_purchased, quantity_remaining, unit_price_original, purchase_date) VALUES (96, 42, 'BOSCH-SM-8000', 'LOT-20240703-0096', 30, 30, 4805.76, '2024-07-03');
INSERT INTO purchase_lots (lot_id, po_id, sku, lot_number, quantity_purchased, quantity_remaining, unit_price_original, purchase_date) VALUES (97, 42, 'MITS-HE-2500', 'LOT-20240703-0097', 30, 30, 1543.20, '2024-07-03');
INSERT INTO purchase_orders (po_id, vendor_id, po_date, total_amount) VALUES (42, 4, '2024-07-03', 426345.10);

-- PO #43 on 2024-07-09
INSERT INTO purchase_lots (lot_id, po_id, sku, lot_number, quantity_purchased, quantity_remaining, unit_price_original, purchase_date) VALUES (98, 43, 'MITS-HE-2500', 'LOT-20240709-0098', 40, 40, 3041.61, '2024-07-09');
INSERT INTO purchase_orders (po_id, vendor_id, po_date, total_amount) VALUES (43, 3, '2024-07-09', 121664.40);

-- PO #44 on 2024-07-13
INSERT INTO purchase_lots (lot_id, po_id, sku, lot_number, quantity_purchased, quantity_remaining, unit_price_original, purchase_date) VALUES (99, 44, 'CARRIER-CH-4500', 'LOT-20240713-0099', 10, 10, 563.56, '2024-07-13');
INSERT INTO purchase_lots (lot_id, po_id, sku, lot_number, quantity_purchased, quantity_remaining, unit_price_original, purchase_date) VALUES (100, 44, 'MITS-HE-5000', 'LOT-20240713-0100', 5, 5, 697.12, '2024-07-13');
INSERT INTO purchase_orders (po_id, vendor_id, po_date, total_amount) VALUES (44, 2, '2024-07-13', 9121.20);

-- PO #45 on 2024-07-16
INSERT INTO purchase_lots (lot_id, po_id, sku, lot_number, quantity_purchased, quantity_remaining, unit_price_original, purchase_date) VALUES (101, 45, 'MITS-HE-5000', 'LOT-20240716-0101', 15, 15, 648.85, '2024-07-16');
INSERT INTO purchase_lots (lot_id, po_id, sku, lot_number, quantity_purchased, quantity_remaining, unit_price_original, purchase_date) VALUES (102, 45, 'PG-TH-4000', 'LOT-20240716-0102', 50, 50, 522.48, '2024-07-16');
INSERT INTO purchase_lots (lot_id, po_id, sku, lot_number, quantity_purchased, quantity_remaining, unit_price_original, purchase_date) VALUES (103, 45, 'CARRIER-CH-3000', 'LOT-20240716-0103', 25, 25, 401.97, '2024-07-16');
INSERT INTO purchase_lots (lot_id, po_id, sku, lot_number, quantity_purchased, quantity_remaining, unit_price_original, purchase_date) VALUES (104, 45, 'MITS-EE-4000', 'LOT-20240716-0104', 20, 20, 635.59, '2024-07-16');
INSERT INTO purchase_orders (po_id, vendor_id, po_date, total_amount) VALUES (45, 2, '2024-07-16', 58617.80);

-- PO #46 on 2024-07-17
INSERT INTO purchase_lots (lot_id, po_id, sku, lot_number, quantity_purchased, quantity_remaining, unit_price_original, purchase_date) VALUES (105, 46, 'PG-TH-3000', 'LOT-20240717-0105', 30, 30, 1701.08, '2024-07-17');
INSERT INTO purchase_lots (lot_id, po_id, sku, lot_number, quantity_purchased, quantity_remaining, unit_price_original, purchase_date) VALUES (106, 46, 'HW-BS-1500', 'LOT-20240717-0106', 20, 20, 617.69, '2024-07-17');
INSERT INTO purchase_lots (lot_id, po_id, sku, lot_number, quantity_purchased, quantity_remaining, unit_price_original, purchase_date) VALUES (107, 46, 'CARRIER-EE-3500', 'LOT-20240717-0107', 40, 40, 2884.15, '2024-07-17');
INSERT INTO purchase_orders (po_id, vendor_id, po_date, total_amount) VALUES (46, 4, '2024-07-17', 178752.20);

-- PO #47 on 2024-07-21
INSERT INTO purchase_lots (lot_id, po_id, sku, lot_number, quantity_purchased, quantity_remaining, unit_price_original, purchase_date) VALUES (108, 47, 'CARRIER-SM-9000', 'LOT-20240721-0108', 5, 5, 9858.75, '2024-07-21');
INSERT INTO purchase_lots (lot_id, po_id, sku, lot_number, quantity_purchased, quantity_remaining, unit_price_original, purchase_date) VALUES (109, 47, 'MITS-HE-5000', 'LOT-20240721-0109', 40, 40, 5186.00, '2024-07-21');
INSERT INTO purchase_lots (lot_id, po_id, sku, lot_number, quantity_purchased, quantity_remaining, unit_price_original, purchase_date) VALUES (110, 47, 'MITS-CM-1500', 'LOT-20240721-0110', 50, 50, 2059.16, '2024-07-21');
INSERT INTO purchase_orders (po_id, vendor_id, po_date, total_amount) VALUES (47, 3, '2024-07-21', 359691.75);

-- PO #48 on 2024-07-23
INSERT INTO purchase_lots (lot_id, po_id, sku, lot_number, quantity_purchased, quantity_remaining, unit_price_original, purchase_date) VALUES (111, 48, 'MITS-HE-8000', 'LOT-20240723-0111', 25, 25, 1189.83, '2024-07-23');
INSERT INTO purchase_lots (lot_id, po_id, sku, lot_number, quantity_purchased, quantity_remaining, unit_price_original, purchase_date) VALUES (112, 48, 'MITS-SM-7000', 'LOT-20240723-0112', 30, 30, 962.44, '2024-07-23');
INSERT INTO purchase_lots (lot_id, po_id, sku, lot_number, quantity_purchased, quantity_remaining, unit_price_original, purchase_date) VALUES (113, 48, 'MITS-EE-4000', 'LOT-20240723-0113', 30, 30, 715.79, '2024-07-23');
INSERT INTO purchase_lots (lot_id, po_id, sku, lot_number, quantity_purchased, quantity_remaining, unit_price_original, purchase_date) VALUES (114, 48, 'BOSCH-HD-20K', 'LOT-20240723-0114', 20, 20, 2328.88, '2024-07-23');
INSERT INTO purchase_orders (po_id, vendor_id, po_date, total_amount) VALUES (48, 1, '2024-07-23', 126670.25);

-- PO #49 on 2024-08-02
INSERT INTO purchase_lots (lot_id, po_id, sku, lot_number, quantity_purchased, quantity_remaining, unit_price_original, purchase_date) VALUES (115, 49, 'HW-EC-3500', 'LOT-20240802-0115', 5, 5, 2867.99, '2024-08-02');
INSERT INTO purchase_orders (po_id, vendor_id, po_date, total_amount) VALUES (49, 3, '2024-08-02', 14339.95);

-- PO #50 on 2024-08-07
INSERT INTO purchase_lots (lot_id, po_id, sku, lot_number, quantity_purchased, quantity_remaining, unit_price_original, purchase_date) VALUES (116, 50, 'HW-BS-2500', 'LOT-20240807-0116', 15, 15, 327.06, '2024-08-07');
INSERT INTO purchase_lots (lot_id, po_id, sku, lot_number, quantity_purchased, quantity_remaining, unit_price_original, purchase_date) VALUES (117, 50, 'BOSCH-IH-7500', 'LOT-20240807-0117', 25, 25, 900.79, '2024-08-07');
INSERT INTO purchase_orders (po_id, vendor_id, po_date, total_amount) VALUES (50, 1, '2024-08-07', 27425.65);

-- PO #51 on 2024-08-14
INSERT INTO purchase_lots (lot_id, po_id, sku, lot_number, quantity_purchased, quantity_remaining, unit_price_original, purchase_date) VALUES (118, 51, 'MITS-CM-1500', 'LOT-20240814-0118', 50, 50, 240.43, '2024-08-14');
INSERT INTO purchase_lots (lot_id, po_id, sku, lot_number, quantity_purchased, quantity_remaining, unit_price_original, purchase_date) VALUES (119, 51, 'BOSCH-IP-15K', 'LOT-20240814-0119', 50, 50, 1679.01, '2024-08-14');
INSERT INTO purchase_lots (lot_id, po_id, sku, lot_number, quantity_purchased, quantity_remaining, unit_price_original, purchase_date) VALUES (120, 51, 'CARRIER-SM-9000', 'LOT-20240814-0120', 30, 30, 1217.48, '2024-08-14');
INSERT INTO purchase_lots (lot_id, po_id, sku, lot_number, quantity_purchased, quantity_remaining, unit_price_original, purchase_date) VALUES (121, 51, 'HW-BS-1500', 'LOT-20240814-0121', 25, 25, 146.98, '2024-08-14');
INSERT INTO purchase_orders (po_id, vendor_id, po_date, total_amount) VALUES (51, 2, '2024-08-14', 136170.90);

-- PO #52 on 2024-08-14
INSERT INTO purchase_lots (lot_id, po_id, sku, lot_number, quantity_purchased, quantity_remaining, unit_price_original, purchase_date) VALUES (122, 52, 'HW-EC-2000', 'LOT-20240814-0122', 15, 15, 293.76, '2024-08-14');
INSERT INTO purchase_lots (lot_id, po_id, sku, lot_number, quantity_purchased, quantity_remaining, unit_price_original, purchase_date) VALUES (123, 52, 'HW-EC-3500', 'LOT-20240814-0123', 10, 10, 389.09, '2024-08-14');
INSERT INTO purchase_lots (lot_id, po_id, sku, lot_number, quantity_purchased, quantity_remaining, unit_price_original, purchase_date) VALUES (124, 52, 'BOSCH-CM-1800', 'LOT-20240814-0124', 50, 50, 325.01, '2024-08-14');
INSERT INTO purchase_lots (lot_id, po_id, sku, lot_number, quantity_purchased, quantity_remaining, unit_price_original, purchase_date) VALUES (125, 52, 'BOSCH-IH-10K', 'LOT-20240814-0125', 50, 50, 1308.15, '2024-08-14');
INSERT INTO purchase_orders (po_id, vendor_id, po_date, total_amount) VALUES (52, 1, '2024-08-14', 89955.30);

-- PO #53 on 2024-08-19
INSERT INTO purchase_lots (lot_id, po_id, sku, lot_number, quantity_purchased, quantity_remaining, unit_price_original, purchase_date) VALUES (126, 53, 'BOSCH-SM-8000', 'LOT-20240819-0126', 50, 50, 8253.51, '2024-08-19');
INSERT INTO purchase_lots (lot_id, po_id, sku, lot_number, quantity_purchased, quantity_remaining, unit_price_original, purchase_date) VALUES (127, 53, 'BOSCH-CM-1800', 'LOT-20240819-0127', 40, 40, 2397.63, '2024-08-19');
INSERT INTO purchase_lots (lot_id, po_id, sku, lot_number, quantity_purchased, quantity_remaining, unit_price_original, purchase_date) VALUES (128, 53, 'CARRIER-HD-18K', 'LOT-20240819-0128', 50, 50, 15179.20, '2024-08-19');
INSERT INTO purchase_lots (lot_id, po_id, sku, lot_number, quantity_purchased, quantity_remaining, unit_price_original, purchase_date) VALUES (129, 53, 'CARRIER-HP-12K', 'LOT-20240819-0129', 30, 30, 11703.61, '2024-08-19');
INSERT INTO purchase_orders (po_id, vendor_id, po_date, total_amount) VALUES (53, 3, '2024-08-19', 1618649.00);

-- PO #54 on 2024-08-22
INSERT INTO purchase_lots (lot_id, po_id, sku, lot_number, quantity_purchased, quantity_remaining, unit_price_original, purchase_date) VALUES (130, 54, 'HW-BS-1500', 'LOT-20240822-0130', 25, 25, 197.77, '2024-08-22');
INSERT INTO purchase_lots (lot_id, po_id, sku, lot_number, quantity_purchased, quantity_remaining, unit_price_original, purchase_date) VALUES (131, 54, 'MITS-SM-7000', 'LOT-20240822-0131', 5, 5, 881.52, '2024-08-22');
INSERT INTO purchase_lots (lot_id, po_id, sku, lot_number, quantity_purchased, quantity_remaining, unit_price_original, purchase_date) VALUES (132, 54, 'CARRIER-SM-9000', 'LOT-20240822-0132', 20, 20, 1093.08, '2024-08-22');
INSERT INTO purchase_lots (lot_id, po_id, sku, lot_number, quantity_purchased, quantity_remaining, unit_price_original, purchase_date) VALUES (133, 54, 'CARRIER-CH-3000', 'LOT-20240822-0133', 30, 30, 469.34, '2024-08-22');
INSERT INTO purchase_orders (po_id, vendor_id, po_date, total_amount) VALUES (54, 2, '2024-08-22', 45293.65);

-- PO #55 on 2024-08-29
INSERT INTO purchase_lots (lot_id, po_id, sku, lot_number, quantity_purchased, quantity_remaining, unit_price_original, purchase_date) VALUES (134, 55, 'BOSCH-IH-5000', 'LOT-20240829-0134', 10, 10, 661.75, '2024-08-29');
INSERT INTO purchase_lots (lot_id, po_id, sku, lot_number, quantity_purchased, quantity_remaining, unit_price_original, purchase_date) VALUES (135, 55, 'HW-EC-5000', 'LOT-20240829-0135', 50, 50, 463.06, '2024-08-29');
INSERT INTO purchase_lots (lot_id, po_id, sku, lot_number, quantity_purchased, quantity_remaining, unit_price_original, purchase_date) VALUES (136, 55, 'MITS-SM-7000', 'LOT-20240829-0136', 10, 10, 895.71, '2024-08-29');
INSERT INTO purchase_orders (po_id, vendor_id, po_date, total_amount) VALUES (55, 2, '2024-08-29', 38727.60);

-- PO #56 on 2024-09-15
INSERT INTO purchase_lots (lot_id, po_id, sku, lot_number, quantity_purchased, quantity_remaining, unit_price_original, purchase_date) VALUES (137, 56, 'BOSCH-IP-15K', 'LOT-20240915-0137', 50, 50, 13782.91, '2024-09-15');
INSERT INTO purchase_lots (lot_id, po_id, sku, lot_number, quantity_purchased, quantity_remaining, unit_price_original, purchase_date) VALUES (138, 56, 'CARRIER-HP-12K', 'LOT-20240915-0138', 30, 30, 10584.40, '2024-09-15');
INSERT INTO purchase_lots (lot_id, po_id, sku, lot_number, quantity_purchased, quantity_remaining, unit_price_original, purchase_date) VALUES (139, 56, 'BOSCH-IH-5000', 'LOT-20240915-0139', 5, 5, 5015.84, '2024-09-15');
INSERT INTO purchase_lots (lot_id, po_id, sku, lot_number, quantity_purchased, quantity_remaining, unit_price_original, purchase_date) VALUES (140, 56, 'CARRIER-CH-3000', 'LOT-20240915-0140', 30, 30, 3618.38, '2024-09-15');
INSERT INTO purchase_orders (po_id, vendor_id, po_date, total_amount) VALUES (56, 3, '2024-09-15', 1140308.10);

-- PO #57 on 2024-09-18
INSERT INTO purchase_lots (lot_id, po_id, sku, lot_number, quantity_purchased, quantity_remaining, unit_price_original, purchase_date) VALUES (141, 57, 'PG-TH-4000', 'LOT-20240918-0141', 50, 50, 538.24, '2024-09-18');
INSERT INTO purchase_lots (lot_id, po_id, sku, lot_number, quantity_purchased, quantity_remaining, unit_price_original, purchase_date) VALUES (142, 57, 'BOSCH-CM-1800', 'LOT-20240918-0142', 10, 10, 317.79, '2024-09-18');
INSERT INTO purchase_lots (lot_id, po_id, sku, lot_number, quantity_purchased, quantity_remaining, unit_price_original, purchase_date) VALUES (143, 57, 'CARRIER-EE-3500', 'LOT-20240918-0143', 40, 40, 602.13, '2024-09-18');
INSERT INTO purchase_lots (lot_id, po_id, sku, lot_number, quantity_purchased, quantity_remaining, unit_price_original, purchase_date) VALUES (144, 57, 'CARRIER-CH-6000', 'LOT-20240918-0144', 10, 10, 799.71, '2024-09-18');
INSERT INTO purchase_orders (po_id, vendor_id, po_date, total_amount) VALUES (57, 2, '2024-09-18', 62172.20);

-- PO #58 on 2024-09-26
INSERT INTO purchase_lots (lot_id, po_id, sku, lot_number, quantity_purchased, quantity_remaining, unit_price_original, purchase_date) VALUES (145, 58, 'MITS-EE-4000', 'LOT-20240926-0145', 20, 20, 5537.37, '2024-09-26');
INSERT INTO purchase_lots (lot_id, po_id, sku, lot_number, quantity_purchased, quantity_remaining, unit_price_original, purchase_date) VALUES (146, 58, 'PG-TH-3000', 'LOT-20240926-0146', 10, 10, 3291.31, '2024-09-26');
INSERT INTO purchase_lots (lot_id, po_id, sku, lot_number, quantity_purchased, quantity_remaining, unit_price_original, purchase_date) VALUES (147, 58, 'CARRIER-SM-9000', 'LOT-20240926-0147', 40, 40, 9740.28, '2024-09-26');
INSERT INTO purchase_lots (lot_id, po_id, sku, lot_number, quantity_purchased, quantity_remaining, unit_price_original, purchase_date) VALUES (148, 58, 'CARRIER-CH-4500', 'LOT-20240926-0148', 25, 25, 4513.51, '2024-09-26');
INSERT INTO purchase_orders (po_id, vendor_id, po_date, total_amount) VALUES (58, 3, '2024-09-26', 646109.45);

-- PO #59 on 2024-09-27
INSERT INTO purchase_lots (lot_id, po_id, sku, lot_number, quantity_purchased, quantity_remaining, unit_price_original, purchase_date) VALUES (149, 59, 'HW-BS-2500', 'LOT-20240927-0149', 10, 10, 1940.17, '2024-09-27');
INSERT INTO purchase_orders (po_id, vendor_id, po_date, total_amount) VALUES (59, 3, '2024-09-27', 19401.70);

-- PO #60 on 2024-09-29
INSERT INTO purchase_lots (lot_id, po_id, sku, lot_number, quantity_purchased, quantity_remaining, unit_price_original, purchase_date) VALUES (150, 60, 'MITS-HE-5000', 'LOT-20240929-0150', 20, 20, 623.24, '2024-09-29');
INSERT INTO purchase_lots (lot_id, po_id, sku, lot_number, quantity_purchased, quantity_remaining, unit_price_original, purchase_date) VALUES (151, 60, 'MITS-EE-4000', 'LOT-20240929-0151', 30, 30, 707.23, '2024-09-29');
INSERT INTO purchase_orders (po_id, vendor_id, po_date, total_amount) VALUES (60, 2, '2024-09-29', 33681.70);

-- PO #61 on 2024-10-01
INSERT INTO purchase_lots (lot_id, po_id, sku, lot_number, quantity_purchased, quantity_remaining, unit_price_original, purchase_date) VALUES (152, 61, 'PG-ST-2000', 'LOT-20241001-0152', 10, 10, 327.45, '2024-10-01');
INSERT INTO purchase_orders (po_id, vendor_id, po_date, total_amount) VALUES (61, 1, '2024-10-01', 3274.50);

-- PO #62 on 2024-10-01
INSERT INTO purchase_lots (lot_id, po_id, sku, lot_number, quantity_purchased, quantity_remaining, unit_price_original, purchase_date) VALUES (153, 62, 'BOSCH-HD-20K', 'LOT-20241001-0153', 15, 15, 2039.81, '2024-10-01');
INSERT INTO purchase_lots (lot_id, po_id, sku, lot_number, quantity_purchased, quantity_remaining, unit_price_original, purchase_date) VALUES (154, 62, 'CARRIER-HD-18K', 'LOT-20241001-0154', 50, 50, 1870.84, '2024-10-01');
INSERT INTO purchase_lots (lot_id, po_id, sku, lot_number, quantity_purchased, quantity_remaining, unit_price_original, purchase_date) VALUES (155, 62, 'HW-EC-3500', 'LOT-20241001-0155', 50, 50, 325.12, '2024-10-01');
INSERT INTO purchase_lots (lot_id, po_id, sku, lot_number, quantity_purchased, quantity_remaining, unit_price_original, purchase_date) VALUES (156, 62, 'BOSCH-IH-7500', 'LOT-20241001-0156', 20, 20, 791.17, '2024-10-01');
INSERT INTO purchase_orders (po_id, vendor_id, po_date, total_amount) VALUES (62, 2, '2024-10-01', 156218.55);

-- PO #63 on 2024-10-04
INSERT INTO purchase_lots (lot_id, po_id, sku, lot_number, quantity_purchased, quantity_remaining, unit_price_original, purchase_date) VALUES (157, 63, 'CARRIER-CH-3000', 'LOT-20241004-0157', 10, 10, 521.70, '2024-10-04');
INSERT INTO purchase_orders (po_id, vendor_id, po_date, total_amount) VALUES (63, 1, '2024-10-04', 5217.00);

-- PO #64 on 2024-10-04
INSERT INTO purchase_lots (lot_id, po_id, sku, lot_number, quantity_purchased, quantity_remaining, unit_price_original, purchase_date) VALUES (158, 64, 'BOSCH-HD-20K', 'LOT-20241004-0158', 40, 40, 17110.25, '2024-10-04');
INSERT INTO purchase_orders (po_id, vendor_id, po_date, total_amount) VALUES (64, 3, '2024-10-04', 684410.00);

-- PO #65 on 2024-10-14
INSERT INTO purchase_lots (lot_id, po_id, sku, lot_number, quantity_purchased, quantity_remaining, unit_price_original, purchase_date) VALUES (159, 65, 'CARRIER-CH-4500', 'LOT-20241014-0159', 5, 5, 569.59, '2024-10-14');
INSERT INTO purchase_lots (lot_id, po_id, sku, lot_number, quantity_purchased, quantity_remaining, unit_price_original, purchase_date) VALUES (160, 65, 'MITS-SM-7000', 'LOT-20241014-0160', 25, 25, 874.09, '2024-10-14');
INSERT INTO purchase_orders (po_id, vendor_id, po_date, total_amount) VALUES (65, 2, '2024-10-14', 24700.20);

-- PO #66 on 2024-10-21
INSERT INTO purchase_lots (lot_id, po_id, sku, lot_number, quantity_purchased, quantity_remaining, unit_price_original, purchase_date) VALUES (161, 66, 'HW-EC-3500', 'LOT-20241021-0161', 5, 5, 1577.11, '2024-10-21');
INSERT INTO purchase_lots (lot_id, po_id, sku, lot_number, quantity_purchased, quantity_remaining, unit_price_original, purchase_date) VALUES (162, 66, 'MITS-CM-1500', 'LOT-20241021-0162', 20, 20, 1045.78, '2024-10-21');
INSERT INTO purchase_orders (po_id, vendor_id, po_date, total_amount) VALUES (66, 4, '2024-10-21', 28801.15);

-- PO #67 on 2024-10-28
INSERT INTO purchase_lots (lot_id, po_id, sku, lot_number, quantity_purchased, quantity_remaining, unit_price_original, purchase_date) VALUES (163, 67, 'BOSCH-CM-1800', 'LOT-20241028-0163', 20, 20, 1214.36, '2024-10-28');
INSERT INTO purchase_lots (lot_id, po_id, sku, lot_number, quantity_purchased, quantity_remaining, unit_price_original, purchase_date) VALUES (164, 67, 'BOSCH-SM-8000', 'LOT-20241028-0164', 50, 50, 4805.16, '2024-10-28');
INSERT INTO purchase_orders (po_id, vendor_id, po_date, total_amount) VALUES (67, 4, '2024-10-28', 264545.20);

-- PO #68 on 2024-10-31
INSERT INTO purchase_lots (lot_id, po_id, sku, lot_number, quantity_purchased, quantity_remaining, unit_price_original, purchase_date) VALUES (165, 68, 'HW-EC-3500', 'LOT-20241031-0165', 20, 20, 423.70, '2024-10-31');
INSERT INTO purchase_lots (lot_id, po_id, sku, lot_number, quantity_purchased, quantity_remaining, unit_price_original, purchase_date) VALUES (166, 68, 'CARRIER-SM-9000', 'LOT-20241031-0166', 50, 50, 1351.05, '2024-10-31');
INSERT INTO purchase_lots (lot_id, po_id, sku, lot_number, quantity_purchased, quantity_remaining, unit_price_original, purchase_date) VALUES (167, 68, 'BOSCH-IP-15K', 'LOT-20241031-0167', 40, 40, 1848.77, '2024-10-31');
INSERT INTO purchase_lots (lot_id, po_id, sku, lot_number, quantity_purchased, quantity_remaining, unit_price_original, purchase_date) VALUES (168, 68, 'MITS-CM-1500', 'LOT-20241031-0168', 15, 15, 256.44, '2024-10-31');
INSERT INTO purchase_orders (po_id, vendor_id, po_date, total_amount) VALUES (68, 1, '2024-10-31', 153823.90);

-- PO #69 on 2024-11-14
INSERT INTO purchase_lots (lot_id, po_id, sku, lot_number, quantity_purchased, quantity_remaining, unit_price_original, purchase_date) VALUES (169, 69, 'MITS-EE-4000', 'LOT-20241114-0169', 50, 50, 707.41, '2024-11-14');
INSERT INTO purchase_lots (lot_id, po_id, sku, lot_number, quantity_purchased, quantity_remaining, unit_price_original, purchase_date) VALUES (170, 69, 'PG-ST-2000', 'LOT-20241114-0170', 50, 50, 248.79, '2024-11-14');
INSERT INTO purchase_lots (lot_id, po_id, sku, lot_number, quantity_purchased, quantity_remaining, unit_price_original, purchase_date) VALUES (171, 69, 'MITS-HE-5000', 'LOT-20241114-0171', 30, 30, 689.78, '2024-11-14');
INSERT INTO purchase_orders (po_id, vendor_id, po_date, total_amount) VALUES (69, 2, '2024-11-14', 68503.40);

-- PO #70 on 2024-11-23
INSERT INTO purchase_lots (lot_id, po_id, sku, lot_number, quantity_purchased, quantity_remaining, unit_price_original, purchase_date) VALUES (172, 70, 'HW-BS-2500', 'LOT-20241123-0172', 30, 30, 289.64, '2024-11-23');
INSERT INTO purchase_lots (lot_id, po_id, sku, lot_number, quantity_purchased, quantity_remaining, unit_price_original, purchase_date) VALUES (173, 70, 'MITS-EE-4000', 'LOT-20241123-0173', 50, 50, 694.65, '2024-11-23');
INSERT INTO purchase_orders (po_id, vendor_id, po_date, total_amount) VALUES (70, 2, '2024-11-23', 43421.70);

-- PO #71 on 2024-12-07
INSERT INTO purchase_lots (lot_id, po_id, sku, lot_number, quantity_purchased, quantity_remaining, unit_price_original, purchase_date) VALUES (174, 71, 'BOSCH-IP-15K', 'LOT-20241207-0174', 40, 40, 13400.32, '2024-12-07');
INSERT INTO purchase_lots (lot_id, po_id, sku, lot_number, quantity_purchased, quantity_remaining, unit_price_original, purchase_date) VALUES (175, 71, 'BOSCH-IH-10K', 'LOT-20241207-0175', 20, 20, 9523.21, '2024-12-07');
INSERT INTO purchase_orders (po_id, vendor_id, po_date, total_amount) VALUES (71, 3, '2024-12-07', 726477.00);

-- PO #72 on 2024-12-12
INSERT INTO purchase_lots (lot_id, po_id, sku, lot_number, quantity_purchased, quantity_remaining, unit_price_original, purchase_date) VALUES (176, 72, 'HW-EC-5000', 'LOT-20241212-0176', 50, 50, 2282.97, '2024-12-12');
INSERT INTO purchase_lots (lot_id, po_id, sku, lot_number, quantity_purchased, quantity_remaining, unit_price_original, purchase_date) VALUES (177, 72, 'MITS-HE-8000', 'LOT-20241212-0177', 10, 10, 4598.28, '2024-12-12');
INSERT INTO purchase_orders (po_id, vendor_id, po_date, total_amount) VALUES (72, 4, '2024-12-12', 160131.30);

-- PO #73 on 2024-12-17
INSERT INTO purchase_lots (lot_id, po_id, sku, lot_number, quantity_purchased, quantity_remaining, unit_price_original, purchase_date) VALUES (178, 73, 'CARRIER-EE-3500', 'LOT-20241217-0178', 25, 25, 5280.79, '2024-12-17');
INSERT INTO purchase_lots (lot_id, po_id, sku, lot_number, quantity_purchased, quantity_remaining, unit_price_original, purchase_date) VALUES (179, 73, 'BOSCH-IH-7500', 'LOT-20241217-0179', 20, 20, 6606.67, '2024-12-17');
INSERT INTO purchase_lots (lot_id, po_id, sku, lot_number, quantity_purchased, quantity_remaining, unit_price_original, purchase_date) VALUES (180, 73, 'MITS-HE-8000', 'LOT-20241217-0180', 25, 25, 7746.14, '2024-12-17');
INSERT INTO purchase_lots (lot_id, po_id, sku, lot_number, quantity_purchased, quantity_remaining, unit_price_original, purchase_date) VALUES (181, 73, 'HW-EC-3500', 'LOT-20241217-0181', 30, 30, 2616.61, '2024-12-17');
INSERT INTO purchase_orders (po_id, vendor_id, po_date, total_amount) VALUES (73, 3, '2024-12-17', 536304.95);

-- PO #74 on 2024-12-19
INSERT INTO purchase_lots (lot_id, po_id, sku, lot_number, quantity_purchased, quantity_remaining, unit_price_original, purchase_date) VALUES (182, 74, 'MITS-HE-8000', 'LOT-20241219-0182', 50, 50, 7773.78, '2024-12-19');
INSERT INTO purchase_lots (lot_id, po_id, sku, lot_number, quantity_purchased, quantity_remaining, unit_price_original, purchase_date) VALUES (183, 74, 'BOSCH-HD-20K', 'LOT-20241219-0183', 5, 5, 17777.39, '2024-12-19');
INSERT INTO purchase_lots (lot_id, po_id, sku, lot_number, quantity_purchased, quantity_remaining, unit_price_original, purchase_date) VALUES (184, 74, 'BOSCH-IH-5000', 'LOT-20241219-0184', 15, 15, 5239.88, '2024-12-19');
INSERT INTO purchase_orders (po_id, vendor_id, po_date, total_amount) VALUES (74, 3, '2024-12-19', 556174.15);

-- PO #75 on 2024-12-21
INSERT INTO purchase_lots (lot_id, po_id, sku, lot_number, quantity_purchased, quantity_remaining, unit_price_original, purchase_date) VALUES (185, 75, 'MITS-CM-1500', 'LOT-20241221-0185', 25, 25, 1989.55, '2024-12-21');
INSERT INTO purchase_orders (po_id, vendor_id, po_date, total_amount) VALUES (75, 3, '2024-12-21', 49738.75);

-- PO #76 on 2024-12-22
INSERT INTO purchase_lots (lot_id, po_id, sku, lot_number, quantity_purchased, quantity_remaining, unit_price_original, purchase_date) VALUES (186, 76, 'BOSCH-SM-8000', 'LOT-20241222-0186', 40, 40, 5186.54, '2024-12-22');
INSERT INTO purchase_lots (lot_id, po_id, sku, lot_number, quantity_purchased, quantity_remaining, unit_price_original, purchase_date) VALUES (187, 76, 'HW-EC-3500', 'LOT-20241222-0187', 30, 30, 1686.05, '2024-12-22');
INSERT INTO purchase_lots (lot_id, po_id, sku, lot_number, quantity_purchased, quantity_remaining, unit_price_original, purchase_date) VALUES (188, 76, 'BOSCH-IH-10K', 'LOT-20241222-0188', 20, 20, 4942.71, '2024-12-22');
INSERT INTO purchase_lots (lot_id, po_id, sku, lot_number, quantity_purchased, quantity_remaining, unit_price_original, purchase_date) VALUES (189, 76, 'BOSCH-IH-5000', 'LOT-20241222-0189', 15, 15, 2792.02, '2024-12-22');
INSERT INTO purchase_orders (po_id, vendor_id, po_date, total_amount) VALUES (76, 4, '2024-12-22', 398777.60);

-- PO #77 on 2024-12-24
INSERT INTO purchase_lots (lot_id, po_id, sku, lot_number, quantity_purchased, quantity_remaining, unit_price_original, purchase_date) VALUES (190, 77, 'HW-BS-2500', 'LOT-20241224-0190', 40, 40, 275.24, '2024-12-24');
INSERT INTO purchase_lots (lot_id, po_id, sku, lot_number, quantity_purchased, quantity_remaining, unit_price_original, purchase_date) VALUES (191, 77, 'HW-EC-5000', 'LOT-20241224-0191', 50, 50, 518.09, '2024-12-24');
INSERT INTO purchase_orders (po_id, vendor_id, po_date, total_amount) VALUES (77, 2, '2024-12-24', 36914.10);

-- PO #78 on 2024-12-24
INSERT INTO purchase_lots (lot_id, po_id, sku, lot_number, quantity_purchased, quantity_remaining, unit_price_original, purchase_date) VALUES (192, 78, 'BOSCH-IP-15K', 'LOT-20241224-0192', 25, 25, 6904.21, '2024-12-24');
INSERT INTO purchase_orders (po_id, vendor_id, po_date, total_amount) VALUES (78, 4, '2024-12-24', 172605.25);

-- PO #79 on 2024-12-25
INSERT INTO purchase_lots (lot_id, po_id, sku, lot_number, quantity_purchased, quantity_remaining, unit_price_original, purchase_date) VALUES (193, 79, 'MITS-HE-2500', 'LOT-20241225-0193', 30, 30, 367.96, '2024-12-25');
INSERT INTO purchase_lots (lot_id, po_id, sku, lot_number, quantity_purchased, quantity_remaining, unit_price_original, purchase_date) VALUES (194, 79, 'BOSCH-IH-7500', 'LOT-20241225-0194', 10, 10, 842.79, '2024-12-25');
INSERT INTO purchase_lots (lot_id, po_id, sku, lot_number, quantity_purchased, quantity_remaining, unit_price_original, purchase_date) VALUES (195, 79, 'CARRIER-SM-9000', 'LOT-20241225-0195', 5, 5, 1168.68, '2024-12-25');
INSERT INTO purchase_orders (po_id, vendor_id, po_date, total_amount) VALUES (79, 2, '2024-12-25', 25310.10);

-- PO #80 on 2024-12-28
INSERT INTO purchase_lots (lot_id, po_id, sku, lot_number, quantity_purchased, quantity_remaining, unit_price_original, purchase_date) VALUES (196, 80, 'HW-EC-2000', 'LOT-20241228-0196', 20, 20, 982.73, '2024-12-28');
INSERT INTO purchase_lots (lot_id, po_id, sku, lot_number, quantity_purchased, quantity_remaining, unit_price_original, purchase_date) VALUES (197, 80, 'BOSCH-IH-7500', 'LOT-20241228-0197', 25, 25, 3556.18, '2024-12-28');
INSERT INTO purchase_orders (po_id, vendor_id, po_date, total_amount) VALUES (80, 4, '2024-12-28', 108559.10);

-- Sales Invoices and Lines
INSERT INTO invoice_lines (invoice_line_id, invoice_id, sku, quantity_sold, unit_price_uah) VALUES (1, 1, 'BOSCH-CM-1800', 10, 13616.56);
INSERT INTO invoice_lines (invoice_line_id, invoice_id, sku, quantity_sold, unit_price_uah) VALUES (2, 1, 'BOSCH-SM-8000', 2, 44624.28);
INSERT INTO invoice_lines (invoice_line_id, invoice_id, sku, quantity_sold, unit_price_uah) VALUES (3, 1, 'MITS-HE-5000', 2, 28861.14);
INSERT INTO invoices (invoice_id, customer_id, invoice_date, total_amount) VALUES (1, 12, '2024-01-10', 283136.44);
INSERT INTO invoice_lines (invoice_line_id, invoice_id, sku, quantity_sold, unit_price_uah) VALUES (4, 2, 'CARRIER-HD-18K', 5, 80190.64);
INSERT INTO invoice_lines (invoice_line_id, invoice_id, sku, quantity_sold, unit_price_uah) VALUES (5, 2, 'CARRIER-CH-6000', 5, 36274.69);
INSERT INTO invoice_lines (invoice_line_id, invoice_id, sku, quantity_sold, unit_price_uah) VALUES (6, 2, 'HW-BS-2500', 5, 10209.86);
INSERT INTO invoices (invoice_id, customer_id, invoice_date, total_amount) VALUES (2, 15, '2024-01-10', 633375.95);
INSERT INTO invoice_lines (invoice_line_id, invoice_id, sku, quantity_sold, unit_price_uah) VALUES (7, 3, 'PG-ST-2000', 5, 14086.74);
INSERT INTO invoices (invoice_id, customer_id, invoice_date, total_amount) VALUES (3, 8, '2024-01-11', 70433.70);
INSERT INTO invoice_lines (invoice_line_id, invoice_id, sku, quantity_sold, unit_price_uah) VALUES (8, 4, 'CARRIER-HP-12K', 2, 59328.55);
INSERT INTO invoice_lines (invoice_line_id, invoice_id, sku, quantity_sold, unit_price_uah) VALUES (9, 4, 'CARRIER-EE-3500', 2, 30226.53);
INSERT INTO invoice_lines (invoice_line_id, invoice_id, sku, quantity_sold, unit_price_uah) VALUES (10, 4, 'MITS-HE-8000', 2, 46767.39);
INSERT INTO invoices (invoice_id, customer_id, invoice_date, total_amount) VALUES (4, 15, '2024-01-11', 272644.94);
INSERT INTO invoice_lines (invoice_line_id, invoice_id, sku, quantity_sold, unit_price_uah) VALUES (11, 5, 'BOSCH-IH-5000', 3, 27886.71);
INSERT INTO invoice_lines (invoice_line_id, invoice_id, sku, quantity_sold, unit_price_uah) VALUES (12, 5, 'CARRIER-CH-3000', 8, 19357.76);
INSERT INTO invoice_lines (invoice_line_id, invoice_id, sku, quantity_sold, unit_price_uah) VALUES (13, 5, 'CARRIER-EE-3500', 1, 26155.68);
INSERT INTO invoices (invoice_id, customer_id, invoice_date, total_amount) VALUES (5, 11, '2024-01-12', 264677.89);
INSERT INTO invoice_lines (invoice_line_id, invoice_id, sku, quantity_sold, unit_price_uah) VALUES (14, 6, 'MITS-SM-7000', 2, 39969.17);
INSERT INTO invoice_lines (invoice_line_id, invoice_id, sku, quantity_sold, unit_price_uah) VALUES (15, 6, 'HW-EC-2000', 3, 11763.20);
INSERT INTO invoices (invoice_id, customer_id, invoice_date, total_amount) VALUES (6, 8, '2024-01-13', 115227.94);
INSERT INTO invoice_lines (invoice_line_id, invoice_id, sku, quantity_sold, unit_price_uah) VALUES (16, 7, 'HW-BS-2500', 8, 12445.44);
INSERT INTO invoices (invoice_id, customer_id, invoice_date, total_amount) VALUES (7, 2, '2024-01-15', 99563.52);
INSERT INTO invoice_lines (invoice_line_id, invoice_id, sku, quantity_sold, unit_price_uah) VALUES (17, 8, 'CARRIER-CH-3000', 2, 20075.73);
INSERT INTO invoice_lines (invoice_line_id, invoice_id, sku, quantity_sold, unit_price_uah) VALUES (18, 8, 'CARRIER-SM-9000', 8, 51713.44);
INSERT INTO invoice_lines (invoice_line_id, invoice_id, sku, quantity_sold, unit_price_uah) VALUES (19, 8, 'PG-TH-4000', 8, 22755.52);
INSERT INTO invoices (invoice_id, customer_id, invoice_date, total_amount) VALUES (8, 7, '2024-01-16', 635903.14);
INSERT INTO invoice_lines (invoice_line_id, invoice_id, sku, quantity_sold, unit_price_uah) VALUES (20, 9, 'CARRIER-HP-12K', 1, 62270.12);
INSERT INTO invoices (invoice_id, customer_id, invoice_date, total_amount) VALUES (9, 9, '2024-01-19', 62270.12);
INSERT INTO invoice_lines (invoice_line_id, invoice_id, sku, quantity_sold, unit_price_uah) VALUES (21, 10, 'HW-EC-3500', 10, 16599.46);
INSERT INTO invoice_lines (invoice_line_id, invoice_id, sku, quantity_sold, unit_price_uah) VALUES (22, 10, 'MITS-SM-7000', 3, 38629.23);
INSERT INTO invoice_lines (invoice_line_id, invoice_id, sku, quantity_sold, unit_price_uah) VALUES (23, 10, 'MITS-HE-5000', 3, 30309.82);
INSERT INTO invoices (invoice_id, customer_id, invoice_date, total_amount) VALUES (10, 11, '2024-01-20', 372811.75);
INSERT INTO invoice_lines (invoice_line_id, invoice_id, sku, quantity_sold, unit_price_uah) VALUES (24, 11, 'CARRIER-EE-3500', 5, 27834.18);
INSERT INTO invoices (invoice_id, customer_id, invoice_date, total_amount) VALUES (11, 8, '2024-01-21', 139170.90);
INSERT INTO invoice_lines (invoice_line_id, invoice_id, sku, quantity_sold, unit_price_uah) VALUES (25, 12, 'CARRIER-CH-3000', 2, 18458.65);
INSERT INTO invoices (invoice_id, customer_id, invoice_date, total_amount) VALUES (12, 1, '2024-01-23', 36917.30);
INSERT INTO invoice_lines (invoice_line_id, invoice_id, sku, quantity_sold, unit_price_uah) VALUES (26, 13, 'CARRIER-SM-9000', 10, 49652.69);
INSERT INTO invoices (invoice_id, customer_id, invoice_date, total_amount) VALUES (13, 11, '2024-01-27', 496526.90);
INSERT INTO invoice_lines (invoice_line_id, invoice_id, sku, quantity_sold, unit_price_uah) VALUES (27, 14, 'PG-TH-4000', 8, 24792.78);
INSERT INTO invoice_lines (invoice_line_id, invoice_id, sku, quantity_sold, unit_price_uah) VALUES (28, 14, 'PG-TH-3000', 10, 18988.06);
INSERT INTO invoice_lines (invoice_line_id, invoice_id, sku, quantity_sold, unit_price_uah) VALUES (29, 14, 'MITS-HE-8000', 1, 42842.04);
INSERT INTO invoices (invoice_id, customer_id, invoice_date, total_amount) VALUES (14, 9, '2024-01-30', 431064.88);
INSERT INTO invoice_lines (invoice_line_id, invoice_id, sku, quantity_sold, unit_price_uah) VALUES (30, 15, 'CARRIER-HD-18K', 2, 77950.23);
INSERT INTO invoice_lines (invoice_line_id, invoice_id, sku, quantity_sold, unit_price_uah) VALUES (31, 15, 'CARRIER-CH-3000', 5, 19546.23);
INSERT INTO invoice_lines (invoice_line_id, invoice_id, sku, quantity_sold, unit_price_uah) VALUES (32, 15, 'BOSCH-CM-1800', 10, 12389.38);
INSERT INTO invoices (invoice_id, customer_id, invoice_date, total_amount) VALUES (15, 9, '2024-01-31', 377525.41);
INSERT INTO invoice_lines (invoice_line_id, invoice_id, sku, quantity_sold, unit_price_uah) VALUES (33, 16, 'MITS-EE-4000', 2, 31091.59);
INSERT INTO invoices (invoice_id, customer_id, invoice_date, total_amount) VALUES (16, 7, '2024-01-31', 62183.18);
INSERT INTO invoice_lines (invoice_line_id, invoice_id, sku, quantity_sold, unit_price_uah) VALUES (34, 17, 'CARRIER-HD-18K', 2, 87688.26);
INSERT INTO invoice_lines (invoice_line_id, invoice_id, sku, quantity_sold, unit_price_uah) VALUES (35, 17, 'BOSCH-CM-1800', 2, 13198.24);
INSERT INTO invoices (invoice_id, customer_id, invoice_date, total_amount) VALUES (17, 4, '2024-01-31', 201773.00);
INSERT INTO invoice_lines (invoice_line_id, invoice_id, sku, quantity_sold, unit_price_uah) VALUES (36, 18, 'HW-BS-2500', 8, 11264.92);
INSERT INTO invoice_lines (invoice_line_id, invoice_id, sku, quantity_sold, unit_price_uah) VALUES (37, 18, 'BOSCH-IP-15K', 10, 72856.86);
INSERT INTO invoice_lines (invoice_line_id, invoice_id, sku, quantity_sold, unit_price_uah) VALUES (38, 18, 'CARRIER-CH-4500', 5, 23913.98);
INSERT INTO invoices (invoice_id, customer_id, invoice_date, total_amount) VALUES (18, 15, '2024-01-31', 938257.86);
INSERT INTO invoice_lines (invoice_line_id, invoice_id, sku, quantity_sold, unit_price_uah) VALUES (39, 19, 'BOSCH-IP-15K', 3, 70165.28);
INSERT INTO invoices (invoice_id, customer_id, invoice_date, total_amount) VALUES (19, 15, '2024-02-01', 210495.84);

INSERT INTO invoice_lines (invoice_line_id, invoice_id, sku, quantity_sold, unit_price_uah) VALUES (40, 20, 'BOSCH-IP-15K', 3, 71950.74);
INSERT INTO invoices (invoice_id, customer_id, invoice_date, total_amount) VALUES (20, 6, '2024-02-02', 215852.22);
INSERT INTO invoice_lines (invoice_line_id, invoice_id, sku, quantity_sold, unit_price_uah) VALUES (41, 21, 'MITS-HE-8000', 2, 48658.75);
INSERT INTO invoices (invoice_id, customer_id, invoice_date, total_amount) VALUES (21, 2, '2024-02-02', 97317.50);
INSERT INTO invoice_lines (invoice_line_id, invoice_id, sku, quantity_sold, unit_price_uah) VALUES (42, 22, 'MITS-HE-5000', 3, 33564.47);
INSERT INTO invoice_lines (invoice_line_id, invoice_id, sku, quantity_sold, unit_price_uah) VALUES (43, 22, 'HW-BS-1500', 2, 7916.41);
INSERT INTO invoice_lines (invoice_line_id, invoice_id, sku, quantity_sold, unit_price_uah) VALUES (44, 22, 'MITS-HE-2500', 5, 17163.17);
INSERT INTO invoices (invoice_id, customer_id, invoice_date, total_amount) VALUES (22, 14, '2024-02-03', 202342.08);
INSERT INTO invoice_lines (invoice_line_id, invoice_id, sku, quantity_sold, unit_price_uah) VALUES (45, 23, 'CARRIER-SM-9000', 3, 52673.12);
INSERT INTO invoice_lines (invoice_line_id, invoice_id, sku, quantity_sold, unit_price_uah) VALUES (46, 23, 'MITS-HE-5000', 2, 30326.58);
INSERT INTO invoice_lines (invoice_line_id, invoice_id, sku, quantity_sold, unit_price_uah) VALUES (47, 23, 'BOSCH-IP-15K', 3, 78884.20);
INSERT INTO invoices (invoice_id, customer_id, invoice_date, total_amount) VALUES (23, 15, '2024-02-07', 455325.12);
INSERT INTO invoice_lines (invoice_line_id, invoice_id, sku, quantity_sold, unit_price_uah) VALUES (48, 24, 'CARRIER-SM-9000', 3, 46999.43);
INSERT INTO invoice_lines (invoice_line_id, invoice_id, sku, quantity_sold, unit_price_uah) VALUES (49, 24, 'MITS-CM-1500', 10, 11426.78);
INSERT INTO invoice_lines (invoice_line_id, invoice_id, sku, quantity_sold, unit_price_uah) VALUES (50, 24, 'CARRIER-CH-4500', 10, 26638.24);
INSERT INTO invoices (invoice_id, customer_id, invoice_date, total_amount) VALUES (24, 4, '2024-02-10', 521648.49);
INSERT INTO invoice_lines (invoice_line_id, invoice_id, sku, quantity_sold, unit_price_uah) VALUES (51, 25, 'CARRIER-HP-12K', 8, 61494.92);
INSERT INTO invoice_lines (invoice_line_id, invoice_id, sku, quantity_sold, unit_price_uah) VALUES (52, 25, 'PG-ST-2000', 1, 10711.89);
INSERT INTO invoices (invoice_id, customer_id, invoice_date, total_amount) VALUES (25, 15, '2024-02-13', 502671.25);
INSERT INTO invoice_lines (invoice_line_id, invoice_id, sku, quantity_sold, unit_price_uah) VALUES (53, 26, 'MITS-EE-4000', 10, 29409.71);
INSERT INTO invoice_lines (invoice_line_id, invoice_id, sku, quantity_sold, unit_price_uah) VALUES (54, 26, 'BOSCH-CM-1800', 10, 15701.95);
INSERT INTO invoices (invoice_id, customer_id, invoice_date, total_amount) VALUES (26, 2, '2024-02-14', 451116.60);
INSERT INTO invoice_lines (invoice_line_id, invoice_id, sku, quantity_sold, unit_price_uah) VALUES (55, 27, 'CARRIER-CH-4500', 2, 24779.72);
INSERT INTO invoice_lines (invoice_line_id, invoice_id, sku, quantity_sold, unit_price_uah) VALUES (56, 27, 'HW-BS-2500', 2, 13157.47);
INSERT INTO invoices (invoice_id, customer_id, invoice_date, total_amount) VALUES (27, 4, '2024-02-15', 75874.38);
INSERT INTO invoice_lines (invoice_line_id, invoice_id, sku, quantity_sold, unit_price_uah) VALUES (57, 28, 'MITS-CM-1500', 3, 10775.09);
INSERT INTO invoice_lines (invoice_line_id, invoice_id, sku, quantity_sold, unit_price_uah) VALUES (58, 28, 'BOSCH-CM-1800', 8, 14694.31);
INSERT INTO invoices (invoice_id, customer_id, invoice_date, total_amount) VALUES (28, 9, '2024-02-16', 149879.75);
INSERT INTO invoice_lines (invoice_line_id, invoice_id, sku, quantity_sold, unit_price_uah) VALUES (59, 29, 'MITS-HE-2500', 5, 16302.51);
INSERT INTO invoice_lines (invoice_line_id, invoice_id, sku, quantity_sold, unit_price_uah) VALUES (60, 29, 'CARRIER-CH-6000', 5, 36640.83);
INSERT INTO invoices (invoice_id, customer_id, invoice_date, total_amount) VALUES (29, 7, '2024-02-16', 264716.70);
INSERT INTO invoice_lines (invoice_line_id, invoice_id, sku, quantity_sold, unit_price_uah) VALUES (61, 30, 'PG-TH-4000', 5, 21236.41);
INSERT INTO invoice_lines (invoice_line_id, invoice_id, sku, quantity_sold, unit_price_uah) VALUES (62, 30, 'CARRIER-CH-6000', 2, 36678.55);
INSERT INTO invoice_lines (invoice_line_id, invoice_id, sku, quantity_sold, unit_price_uah) VALUES (63, 30, 'BOSCH-IH-7500', 5, 33984.21);
INSERT INTO invoices (invoice_id, customer_id, invoice_date, total_amount) VALUES (30, 15, '2024-02-16', 349460.20);
INSERT INTO invoice_lines (invoice_line_id, invoice_id, sku, quantity_sold, unit_price_uah) VALUES (64, 31, 'CARRIER-HP-12K', 10, 62935.41);
INSERT INTO invoice_lines (invoice_line_id, invoice_id, sku, quantity_sold, unit_price_uah) VALUES (65, 31, 'CARRIER-CH-4500', 1, 28544.49);
INSERT INTO invoices (invoice_id, customer_id, invoice_date, total_amount) VALUES (31, 13, '2024-02-16', 657898.59);
INSERT INTO invoice_lines (invoice_line_id, invoice_id, sku, quantity_sold, unit_price_uah) VALUES (66, 32, 'CARRIER-HD-18K', 2, 85837.36);
INSERT INTO invoices (invoice_id, customer_id, invoice_date, total_amount) VALUES (32, 4, '2024-02-17', 171674.72);
INSERT INTO invoice_lines (invoice_line_id, invoice_id, sku, quantity_sold, unit_price_uah) VALUES (67, 33, 'MITS-EE-4000', 5, 30693.60);
INSERT INTO invoices (invoice_id, customer_id, invoice_date, total_amount) VALUES (33, 1, '2024-02-17', 153468.00);
INSERT INTO invoice_lines (invoice_line_id, invoice_id, sku, quantity_sold, unit_price_uah) VALUES (68, 34, 'HW-EC-5000', 10, 21750.39);
INSERT INTO invoice_lines (invoice_line_id, invoice_id, sku, quantity_sold, unit_price_uah) VALUES (69, 34, 'PG-TH-4000', 10, 22987.09);
INSERT INTO invoice_lines (invoice_line_id, invoice_id, sku, quantity_sold, unit_price_uah) VALUES (70, 34, 'MITS-HE-2500', 3, 16578.29);
INSERT INTO invoices (invoice_id, customer_id, invoice_date, total_amount) VALUES (34, 13, '2024-02-18', 497109.67);
INSERT INTO invoice_lines (invoice_line_id, invoice_id, sku, quantity_sold, unit_price_uah) VALUES (71, 35, 'BOSCH-HD-20K', 8, 94959.49);
INSERT INTO invoice_lines (invoice_line_id, invoice_id, sku, quantity_sold, unit_price_uah) VALUES (72, 35, 'CARRIER-SM-9000', 8, 52395.25);
INSERT INTO invoices (invoice_id, customer_id, invoice_date, total_amount) VALUES (35, 15, '2024-02-18', 1178837.92);
INSERT INTO invoice_lines (invoice_line_id, invoice_id, sku, quantity_sold, unit_price_uah) VALUES (73, 36, 'BOSCH-IP-15K', 8, 72208.89);
INSERT INTO invoices (invoice_id, customer_id, invoice_date, total_amount) VALUES (36, 4, '2024-02-20', 577671.12);
INSERT INTO invoice_lines (invoice_line_id, invoice_id, sku, quantity_sold, unit_price_uah) VALUES (74, 37, 'HW-BS-2500', 2, 12273.65);
INSERT INTO invoice_lines (invoice_line_id, invoice_id, sku, quantity_sold, unit_price_uah) VALUES (75, 37, 'BOSCH-HD-20K', 8, 93697.20);
INSERT INTO invoices (invoice_id, customer_id, invoice_date, total_amount) VALUES (37, 9, '2024-02-22', 774124.90);
INSERT INTO invoice_lines (invoice_line_id, invoice_id, sku, quantity_sold, unit_price_uah) VALUES (76, 38, 'HW-EC-3500', 5, 14866.38);
INSERT INTO invoice_lines (invoice_line_id, invoice_id, sku, quantity_sold, unit_price_uah) VALUES (77, 38, 'CARRIER-CH-3000', 5, 20285.33);
INSERT INTO invoices (invoice_id, customer_id, invoice_date, total_amount) VALUES (38, 9, '2024-02-23', 175758.55);
INSERT INTO invoice_lines (invoice_line_id, invoice_id, sku, quantity_sold, unit_price_uah) VALUES (78, 39, 'PG-TH-4000', 5, 24547.83);
INSERT INTO invoices (invoice_id, customer_id, invoice_date, total_amount) VALUES (39, 13, '2024-02-25', 122739.15);

INSERT INTO invoice_lines (invoice_line_id, invoice_id, sku, quantity_sold, unit_price_uah) VALUES (79, 40, 'HW-EC-5000', 3, 22488.19);
INSERT INTO invoice_lines (invoice_line_id, invoice_id, sku, quantity_sold, unit_price_uah) VALUES (80, 40, 'PG-TH-4000', 5, 25649.53);
INSERT INTO invoice_lines (invoice_line_id, invoice_id, sku, quantity_sold, unit_price_uah) VALUES (81, 40, 'CARRIER-HP-12K', 2, 61339.34);
INSERT INTO invoices (invoice_id, customer_id, invoice_date, total_amount) VALUES (40, 6, '2024-02-26', 318390.90);
INSERT INTO invoice_lines (invoice_line_id, invoice_id, sku, quantity_sold, unit_price_uah) VALUES (82, 41, 'HW-EC-5000', 3, 21891.44);
INSERT INTO invoice_lines (invoice_line_id, invoice_id, sku, quantity_sold, unit_price_uah) VALUES (83, 41, 'MITS-CM-1500', 2, 12018.31);
INSERT INTO invoices (invoice_id, customer_id, invoice_date, total_amount) VALUES (41, 5, '2024-02-29', 89710.94);
INSERT INTO invoice_lines (invoice_line_id, invoice_id, sku, quantity_sold, unit_price_uah) VALUES (84, 42, 'HW-EC-2000', 3, 9607.35);
INSERT INTO invoice_lines (invoice_line_id, invoice_id, sku, quantity_sold, unit_price_uah) VALUES (85, 42, 'CARRIER-HP-12K', 2, 61848.99);
INSERT INTO invoice_lines (invoice_line_id, invoice_id, sku, quantity_sold, unit_price_uah) VALUES (86, 42, 'MITS-HE-8000', 5, 48696.20);
INSERT INTO invoices (invoice_id, customer_id, invoice_date, total_amount) VALUES (42, 14, '2024-03-02', 396001.03);
INSERT INTO invoice_lines (invoice_line_id, invoice_id, sku, quantity_sold, unit_price_uah) VALUES (87, 43, 'MITS-HE-5000', 5, 31488.19);
INSERT INTO invoice_lines (invoice_line_id, invoice_id, sku, quantity_sold, unit_price_uah) VALUES (88, 43, 'HW-BS-2500', 2, 10572.48);
INSERT INTO invoice_lines (invoice_line_id, invoice_id, sku, quantity_sold, unit_price_uah) VALUES (89, 43, 'CARRIER-HP-12K', 2, 63711.38);
INSERT INTO invoices (invoice_id, customer_id, invoice_date, total_amount) VALUES (43, 11, '2024-03-03', 306008.67);
INSERT INTO invoice_lines (invoice_line_id, invoice_id, sku, quantity_sold, unit_price_uah) VALUES (90, 44, 'HW-EC-2000', 2, 11261.31);
INSERT INTO invoice_lines (invoice_line_id, invoice_id, sku, quantity_sold, unit_price_uah) VALUES (91, 44, 'BOSCH-IP-15K', 3, 67667.25);
INSERT INTO invoice_lines (invoice_line_id, invoice_id, sku, quantity_sold, unit_price_uah) VALUES (92, 44, 'CARRIER-HP-12K', 2, 64973.93);
INSERT INTO invoices (invoice_id, customer_id, invoice_date, total_amount) VALUES (44, 2, '2024-03-04', 355472.23);
INSERT INTO invoice_lines (invoice_line_id, invoice_id, sku, quantity_sold, unit_price_uah) VALUES (93, 45, 'HW-BS-1500', 10, 6939.80);
INSERT INTO invoices (invoice_id, customer_id, invoice_date, total_amount) VALUES (45, 3, '2024-03-05', 69398.00);
INSERT INTO invoice_lines (invoice_line_id, invoice_id, sku, quantity_sold, unit_price_uah) VALUES (94, 46, 'HW-EC-5000', 8, 20473.80);
INSERT INTO invoice_lines (invoice_line_id, invoice_id, sku, quantity_sold, unit_price_uah) VALUES (95, 46, 'HW-EC-3500', 2, 18300.88);
INSERT INTO invoice_lines (invoice_line_id, invoice_id, sku, quantity_sold, unit_price_uah) VALUES (96, 46, 'BOSCH-SM-8000', 3, 50517.35);
INSERT INTO invoices (invoice_id, customer_id, invoice_date, total_amount) VALUES (46, 12, '2024-03-07', 351944.21);
INSERT INTO invoice_lines (invoice_line_id, invoice_id, sku, quantity_sold, unit_price_uah) VALUES (97, 47, 'CARRIER-CH-6000', 5, 37337.84);
INSERT INTO invoices (invoice_id, customer_id, invoice_date, total_amount) VALUES (47, 12, '2024-03-08', 186689.20);
INSERT INTO invoice_lines (invoice_line_id, invoice_id, sku, quantity_sold, unit_price_uah) VALUES (98, 48, 'CARRIER-EE-3500', 10, 27317.86);
INSERT INTO invoice_lines (invoice_line_id, invoice_id, sku, quantity_sold, unit_price_uah) VALUES (99, 48, 'BOSCH-CM-1800', 10, 12330.01);
INSERT INTO invoice_lines (invoice_line_id, invoice_id, sku, quantity_sold, unit_price_uah) VALUES (100, 48, 'BOSCH-IP-15K', 1, 68348.44);
INSERT INTO invoices (invoice_id, customer_id, invoice_date, total_amount) VALUES (48, 8, '2024-03-08', 464827.14);
INSERT INTO invoice_lines (invoice_line_id, invoice_id, sku, quantity_sold, unit_price_uah) VALUES (101, 49, 'BOSCH-IH-10K', 5, 51136.27);
INSERT INTO invoice_lines (invoice_line_id, invoice_id, sku, quantity_sold, unit_price_uah) VALUES (102, 49, 'CARRIER-HD-18K', 3, 82045.50);
INSERT INTO invoice_lines (invoice_line_id, invoice_id, sku, quantity_sold, unit_price_uah) VALUES (103, 49, 'BOSCH-CM-1800', 1, 14795.52);
INSERT INTO invoices (invoice_id, customer_id, invoice_date, total_amount) VALUES (49, 3, '2024-03-08', 516613.37);
INSERT INTO invoice_lines (invoice_line_id, invoice_id, sku, quantity_sold, unit_price_uah) VALUES (104, 50, 'PG-TH-3000', 5, 18424.97);
INSERT INTO invoices (invoice_id, customer_id, invoice_date, total_amount) VALUES (50, 14, '2024-03-11', 92124.85);
INSERT INTO invoice_lines (invoice_line_id, invoice_id, sku, quantity_sold, unit_price_uah) VALUES (105, 51, 'PG-ST-2000', 5, 13069.59);
INSERT INTO invoice_lines (invoice_line_id, invoice_id, sku, quantity_sold, unit_price_uah) VALUES (106, 51, 'CARRIER-HD-18K', 2, 83303.32);
INSERT INTO invoice_lines (invoice_line_id, invoice_id, sku, quantity_sold, unit_price_uah) VALUES (107, 51, 'MITS-HE-2500', 10, 15762.70);
INSERT INTO invoices (invoice_id, customer_id, invoice_date, total_amount) VALUES (51, 1, '2024-03-15', 389581.59);
INSERT INTO invoice_lines (invoice_line_id, invoice_id, sku, quantity_sold, unit_price_uah) VALUES (108, 52, 'BOSCH-CM-1800', 10, 13794.01);
INSERT INTO invoice_lines (invoice_line_id, invoice_id, sku, quantity_sold, unit_price_uah) VALUES (109, 52, 'BOSCH-IP-15K', 5, 71190.75);
INSERT INTO invoice_lines (invoice_line_id, invoice_id, sku, quantity_sold, unit_price_uah) VALUES (110, 52, 'HW-EC-3500', 10, 13738.86);
INSERT INTO invoices (invoice_id, customer_id, invoice_date, total_amount) VALUES (52, 15, '2024-03-15', 631282.45);
INSERT INTO invoice_lines (invoice_line_id, invoice_id, sku, quantity_sold, unit_price_uah) VALUES (111, 53, 'MITS-HE-5000', 1, 32514.24);
INSERT INTO invoices (invoice_id, customer_id, invoice_date, total_amount) VALUES (53, 8, '2024-03-15', 32514.24);
INSERT INTO invoice_lines (invoice_line_id, invoice_id, sku, quantity_sold, unit_price_uah) VALUES (112, 54, 'HW-EC-5000', 1, 23238.23);
INSERT INTO invoice_lines (invoice_line_id, invoice_id, sku, quantity_sold, unit_price_uah) VALUES (113, 54, 'PG-ST-2000', 5, 11816.63);
INSERT INTO invoice_lines (invoice_line_id, invoice_id, sku, quantity_sold, unit_price_uah) VALUES (114, 54, 'CARRIER-CH-3000', 10, 21730.37);
INSERT INTO invoices (invoice_id, customer_id, invoice_date, total_amount) VALUES (54, 7, '2024-03-18', 299625.08);
INSERT INTO invoice_lines (invoice_line_id, invoice_id, sku, quantity_sold, unit_price_uah) VALUES (115, 55, 'MITS-HE-5000', 2, 31135.79);
INSERT INTO invoice_lines (invoice_line_id, invoice_id, sku, quantity_sold, unit_price_uah) VALUES (116, 55, 'MITS-HE-8000', 3, 43101.34);
INSERT INTO invoice_lines (invoice_line_id, invoice_id, sku, quantity_sold, unit_price_uah) VALUES (117, 55, 'HW-EC-3500', 1, 15689.90);
INSERT INTO invoices (invoice_id, customer_id, invoice_date, total_amount) VALUES (55, 13, '2024-03-18', 207265.50);
INSERT INTO invoice_lines (invoice_line_id, invoice_id, sku, quantity_sold, unit_price_uah) VALUES (118, 56, 'BOSCH-IP-15K', 3, 77837.72);
INSERT INTO invoice_lines (invoice_line_id, invoice_id, sku, quantity_sold, unit_price_uah) VALUES (119, 56, 'CARRIER-CH-3000', 3, 17941.88);
INSERT INTO invoice_lines (invoice_line_id, invoice_id, sku, quantity_sold, unit_price_uah) VALUES (120, 56, 'PG-TH-4000', 10, 24221.28);
INSERT INTO invoices (invoice_id, customer_id, invoice_date, total_amount) VALUES (56, 5, '2024-03-19', 529551.60);
INSERT INTO invoice_lines (invoice_line_id, invoice_id, sku, quantity_sold, unit_price_uah) VALUES (121, 57, 'HW-EC-3500', 2, 15570.35);
INSERT INTO invoice_lines (invoice_line_id, invoice_id, sku, quantity_sold, unit_price_uah) VALUES (122, 57, 'MITS-CM-1500', 3, 11359.92);
INSERT INTO invoice_lines (invoice_line_id, invoice_id, sku, quantity_sold, unit_price_uah) VALUES (123, 57, 'MITS-EE-4000', 10, 29956.00);
INSERT INTO invoices (invoice_id, customer_id, invoice_date, total_amount) VALUES (57, 15, '2024-03-20', 364780.46);
INSERT INTO invoice_lines (invoice_line_id, invoice_id, sku, quantity_sold, unit_price_uah) VALUES (124, 58, 'BOSCH-HD-20K', 5, 98082.16);
INSERT INTO invoice_lines (invoice_line_id, invoice_id, sku, quantity_sold, unit_price_uah) VALUES (125, 58, 'CARRIER-CH-6000', 3, 35037.81);
INSERT INTO invoices (invoice_id, customer_id, invoice_date, total_amount) VALUES (58, 4, '2024-03-20', 595524.23);
INSERT INTO invoice_lines (invoice_line_id, invoice_id, sku, quantity_sold, unit_price_uah) VALUES (126, 59, 'HW-BS-2500', 10, 10220.36);
INSERT INTO invoice_lines (invoice_line_id, invoice_id, sku, quantity_sold, unit_price_uah) VALUES (127, 59, 'BOSCH-IH-7500', 2, 36768.60);
INSERT INTO invoices (invoice_id, customer_id, invoice_date, total_amount) VALUES (59, 1, '2024-03-20', 175740.80);

INSERT INTO invoice_lines (invoice_line_id, invoice_id, sku, quantity_sold, unit_price_uah) VALUES (128, 60, 'BOSCH-SM-8000', 2, 44967.08);
INSERT INTO invoices (invoice_id, customer_id, invoice_date, total_amount) VALUES (60, 13, '2024-03-21', 89934.16);
INSERT INTO invoice_lines (invoice_line_id, invoice_id, sku, quantity_sold, unit_price_uah) VALUES (129, 61, 'BOSCH-IH-10K', 1, 51694.85);
INSERT INTO invoice_lines (invoice_line_id, invoice_id, sku, quantity_sold, unit_price_uah) VALUES (130, 61, 'PG-TH-4000', 8, 25892.94);
INSERT INTO invoice_lines (invoice_line_id, invoice_id, sku, quantity_sold, unit_price_uah) VALUES (131, 61, 'HW-BS-1500', 10, 6665.32);
INSERT INTO invoices (invoice_id, customer_id, invoice_date, total_amount) VALUES (61, 11, '2024-03-22', 325491.57);
INSERT INTO invoice_lines (invoice_line_id, invoice_id, sku, quantity_sold, unit_price_uah) VALUES (132, 62, 'HW-EC-3500', 3, 13886.16);
INSERT INTO invoice_lines (invoice_line_id, invoice_id, sku, quantity_sold, unit_price_uah) VALUES (133, 62, 'BOSCH-HD-20K', 2, 99960.34);
INSERT INTO invoice_lines (invoice_line_id, invoice_id, sku, quantity_sold, unit_price_uah) VALUES (134, 62, 'BOSCH-IP-15K', 3, 71382.62);
INSERT INTO invoices (invoice_id, customer_id, invoice_date, total_amount) VALUES (62, 2, '2024-03-22', 455727.02);
INSERT INTO invoice_lines (invoice_line_id, invoice_id, sku, quantity_sold, unit_price_uah) VALUES (135, 63, 'BOSCH-IP-15K', 3, 69957.37);
INSERT INTO invoices (invoice_id, customer_id, invoice_date, total_amount) VALUES (63, 9, '2024-03-23', 209872.11);
INSERT INTO invoice_lines (invoice_line_id, invoice_id, sku, quantity_sold, unit_price_uah) VALUES (136, 64, 'HW-BS-1500', 1, 8607.93);
INSERT INTO invoice_lines (invoice_line_id, invoice_id, sku, quantity_sold, unit_price_uah) VALUES (137, 64, 'BOSCH-CM-1800', 8, 14051.52);
INSERT INTO invoices (invoice_id, customer_id, invoice_date, total_amount) VALUES (64, 10, '2024-03-23', 121020.09);
INSERT INTO invoice_lines (invoice_line_id, invoice_id, sku, quantity_sold, unit_price_uah) VALUES (138, 65, 'MITS-EE-4000', 3, 32279.37);
INSERT INTO invoice_lines (invoice_line_id, invoice_id, sku, quantity_sold, unit_price_uah) VALUES (139, 65, 'MITS-CM-1500', 10, 10246.85);
INSERT INTO invoice_lines (invoice_line_id, invoice_id, sku, quantity_sold, unit_price_uah) VALUES (140, 65, 'HW-BS-1500', 5, 5930.31);
INSERT INTO invoices (invoice_id, customer_id, invoice_date, total_amount) VALUES (65, 14, '2024-03-27', 228958.16);
INSERT INTO invoice_lines (invoice_line_id, invoice_id, sku, quantity_sold, unit_price_uah) VALUES (141, 66, 'BOSCH-IH-5000', 8, 25280.05);
INSERT INTO invoice_lines (invoice_line_id, invoice_id, sku, quantity_sold, unit_price_uah) VALUES (142, 66, 'PG-TH-3000', 5, 19595.40);
INSERT INTO invoices (invoice_id, customer_id, invoice_date, total_amount) VALUES (66, 12, '2024-03-28', 300217.40);
INSERT INTO invoice_lines (invoice_line_id, invoice_id, sku, quantity_sold, unit_price_uah) VALUES (143, 67, 'CARRIER-EE-3500', 2, 28098.13);
INSERT INTO invoice_lines (invoice_line_id, invoice_id, sku, quantity_sold, unit_price_uah) VALUES (144, 67, 'BOSCH-HD-20K', 10, 96819.40);
INSERT INTO invoices (invoice_id, customer_id, invoice_date, total_amount) VALUES (67, 7, '2024-03-28', 1024390.26);
INSERT INTO invoice_lines (invoice_line_id, invoice_id, sku, quantity_sold, unit_price_uah) VALUES (145, 68, 'MITS-HE-8000', 3, 45820.21);
INSERT INTO invoices (invoice_id, customer_id, invoice_date, total_amount) VALUES (68, 11, '2024-03-29', 137460.63);
INSERT INTO invoice_lines (invoice_line_id, invoice_id, sku, quantity_sold, unit_price_uah) VALUES (146, 69, 'MITS-HE-8000', 10, 42276.42);
INSERT INTO invoice_lines (invoice_line_id, invoice_id, sku, quantity_sold, unit_price_uah) VALUES (147, 69, 'BOSCH-IH-7500', 8, 42340.19);
INSERT INTO invoices (invoice_id, customer_id, invoice_date, total_amount) VALUES (69, 9, '2024-03-29', 761485.72);
INSERT INTO invoice_lines (invoice_line_id, invoice_id, sku, quantity_sold, unit_price_uah) VALUES (148, 70, 'CARRIER-HD-18K', 1, 82774.51);
INSERT INTO invoices (invoice_id, customer_id, invoice_date, total_amount) VALUES (70, 13, '2024-03-30', 82774.51);
INSERT INTO invoice_lines (invoice_line_id, invoice_id, sku, quantity_sold, unit_price_uah) VALUES (149, 71, 'CARRIER-HP-12K', 2, 57527.09);
INSERT INTO invoice_lines (invoice_line_id, invoice_id, sku, quantity_sold, unit_price_uah) VALUES (150, 71, 'BOSCH-IH-10K', 5, 53782.13);
INSERT INTO invoice_lines (invoice_line_id, invoice_id, sku, quantity_sold, unit_price_uah) VALUES (151, 71, 'HW-EC-2000', 10, 10957.53);
INSERT INTO invoices (invoice_id, customer_id, invoice_date, total_amount) VALUES (71, 6, '2024-03-31', 493540.13);
INSERT INTO invoice_lines (invoice_line_id, invoice_id, sku, quantity_sold, unit_price_uah) VALUES (152, 72, 'MITS-HE-2500', 1, 16946.76);
INSERT INTO invoices (invoice_id, customer_id, invoice_date, total_amount) VALUES (72, 1, '2024-03-31', 16946.76);
INSERT INTO invoice_lines (invoice_line_id, invoice_id, sku, quantity_sold, unit_price_uah) VALUES (153, 73, 'PG-ST-2000', 3, 13101.02);
INSERT INTO invoice_lines (invoice_line_id, invoice_id, sku, quantity_sold, unit_price_uah) VALUES (154, 73, 'BOSCH-SM-8000', 2, 45922.12);
INSERT INTO invoices (invoice_id, customer_id, invoice_date, total_amount) VALUES (73, 2, '2024-04-02', 131147.30);
INSERT INTO invoice_lines (invoice_line_id, invoice_id, sku, quantity_sold, unit_price_uah) VALUES (155, 74, 'MITS-HE-5000', 2, 30844.84);
INSERT INTO invoices (invoice_id, customer_id, invoice_date, total_amount) VALUES (74, 11, '2024-04-08', 61689.68);
INSERT INTO invoice_lines (invoice_line_id, invoice_id, sku, quantity_sold, unit_price_uah) VALUES (156, 75, 'BOSCH-SM-8000', 2, 49960.18);
INSERT INTO invoice_lines (invoice_line_id, invoice_id, sku, quantity_sold, unit_price_uah) VALUES (157, 75, 'HW-EC-3500', 2, 16694.87);
INSERT INTO invoices (invoice_id, customer_id, invoice_date, total_amount) VALUES (75, 6, '2024-04-08', 133310.10);
INSERT INTO invoice_lines (invoice_line_id, invoice_id, sku, quantity_sold, unit_price_uah) VALUES (158, 76, 'CARRIER-CH-6000', 5, 33283.36);
INSERT INTO invoice_lines (invoice_line_id, invoice_id, sku, quantity_sold, unit_price_uah) VALUES (159, 76, 'MITS-HE-8000', 10, 43882.84);
INSERT INTO invoice_lines (invoice_line_id, invoice_id, sku, quantity_sold, unit_price_uah) VALUES (160, 76, 'MITS-CM-1500', 3, 11924.95);
INSERT INTO invoices (invoice_id, customer_id, invoice_date, total_amount) VALUES (76, 13, '2024-04-08', 641020.05);
INSERT INTO invoice_lines (invoice_line_id, invoice_id, sku, quantity_sold, unit_price_uah) VALUES (161, 77, 'BOSCH-IP-15K', 10, 79669.94);
INSERT INTO invoice_lines (invoice_line_id, invoice_id, sku, quantity_sold, unit_price_uah) VALUES (162, 77, 'CARRIER-CH-3000', 2, 19808.20);
INSERT INTO invoice_lines (invoice_line_id, invoice_id, sku, quantity_sold, unit_price_uah) VALUES (163, 77, 'MITS-CM-1500', 2, 10625.86);
INSERT INTO invoices (invoice_id, customer_id, invoice_date, total_amount) VALUES (77, 8, '2024-04-12', 857567.52);
INSERT INTO invoice_lines (invoice_line_id, invoice_id, sku, quantity_sold, unit_price_uah) VALUES (164, 78, 'MITS-HE-5000', 8, 29437.94);
INSERT INTO invoices (invoice_id, customer_id, invoice_date, total_amount) VALUES (78, 12, '2024-04-12', 235503.52);
INSERT INTO invoice_lines (invoice_line_id, invoice_id, sku, quantity_sold, unit_price_uah) VALUES (165, 79, 'BOSCH-IH-7500', 3, 39913.58);
INSERT INTO invoice_lines (invoice_line_id, invoice_id, sku, quantity_sold, unit_price_uah) VALUES (166, 79, 'CARRIER-SM-9000', 3, 48014.26);
INSERT INTO invoice_lines (invoice_line_id, invoice_id, sku, quantity_sold, unit_price_uah) VALUES (167, 79, 'CARRIER-CH-3000', 2, 19682.43);
INSERT INTO invoices (invoice_id, customer_id, invoice_date, total_amount) VALUES (79, 1, '2024-04-13', 303148.38);

INSERT INTO invoice_lines (invoice_line_id, invoice_id, sku, quantity_sold, unit_price_uah) VALUES (168, 80, 'HW-EC-5000', 8, 21530.70);
INSERT INTO invoice_lines (invoice_line_id, invoice_id, sku, quantity_sold, unit_price_uah) VALUES (169, 80, 'BOSCH-IH-7500', 5, 40256.56);
INSERT INTO invoice_lines (invoice_line_id, invoice_id, sku, quantity_sold, unit_price_uah) VALUES (170, 80, 'BOSCH-HD-20K', 10, 96938.04);
INSERT INTO invoices (invoice_id, customer_id, invoice_date, total_amount) VALUES (80, 7, '2024-04-13', 1342908.80);
INSERT INTO invoice_lines (invoice_line_id, invoice_id, sku, quantity_sold, unit_price_uah) VALUES (171, 81, 'MITS-HE-5000', 2, 27773.07);
INSERT INTO invoices (invoice_id, customer_id, invoice_date, total_amount) VALUES (81, 7, '2024-04-13', 55546.14);
INSERT INTO invoice_lines (invoice_line_id, invoice_id, sku, quantity_sold, unit_price_uah) VALUES (172, 82, 'CARRIER-EE-3500', 1, 28530.03);
INSERT INTO invoice_lines (invoice_line_id, invoice_id, sku, quantity_sold, unit_price_uah) VALUES (173, 82, 'HW-BS-1500', 10, 7553.95);
INSERT INTO invoice_lines (invoice_line_id, invoice_id, sku, quantity_sold, unit_price_uah) VALUES (174, 82, 'HW-EC-5000', 2, 22820.23);
INSERT INTO invoices (invoice_id, customer_id, invoice_date, total_amount) VALUES (82, 8, '2024-04-15', 149709.99);
INSERT INTO invoice_lines (invoice_line_id, invoice_id, sku, quantity_sold, unit_price_uah) VALUES (175, 83, 'BOSCH-IH-7500', 5, 42069.50);
INSERT INTO invoices (invoice_id, customer_id, invoice_date, total_amount) VALUES (83, 11, '2024-04-16', 210347.50);
INSERT INTO invoice_lines (invoice_line_id, invoice_id, sku, quantity_sold, unit_price_uah) VALUES (176, 84, 'CARRIER-CH-4500', 2, 28128.18);
INSERT INTO invoices (invoice_id, customer_id, invoice_date, total_amount) VALUES (84, 2, '2024-04-17', 56256.36);
INSERT INTO invoice_lines (invoice_line_id, invoice_id, sku, quantity_sold, unit_price_uah) VALUES (177, 85, 'HW-BS-1500', 3, 8220.26);
INSERT INTO invoice_lines (invoice_line_id, invoice_id, sku, quantity_sold, unit_price_uah) VALUES (178, 85, 'BOSCH-CM-1800', 2, 12365.05);
INSERT INTO invoice_lines (invoice_line_id, invoice_id, sku, quantity_sold, unit_price_uah) VALUES (179, 85, 'HW-EC-5000', 3, 25663.25);
INSERT INTO invoices (invoice_id, customer_id, invoice_date, total_amount) VALUES (85, 13, '2024-04-18', 126380.63);
INSERT INTO invoice_lines (invoice_line_id, invoice_id, sku, quantity_sold, unit_price_uah) VALUES (180, 86, 'CARRIER-EE-3500', 3, 29307.85);
INSERT INTO invoice_lines (invoice_line_id, invoice_id, sku, quantity_sold, unit_price_uah) VALUES (181, 86, 'BOSCH-IH-10K', 8, 52844.53);
INSERT INTO invoices (invoice_id, customer_id, invoice_date, total_amount) VALUES (86, 7, '2024-04-19', 510679.79);
INSERT INTO invoice_lines (invoice_line_id, invoice_id, sku, quantity_sold, unit_price_uah) VALUES (182, 87, 'CARRIER-HD-18K', 8, 86396.25);
INSERT INTO invoices (invoice_id, customer_id, invoice_date, total_amount) VALUES (87, 8, '2024-04-19', 691170.00);
INSERT INTO invoice_lines (invoice_line_id, invoice_id, sku, quantity_sold, unit_price_uah) VALUES (183, 88, 'CARRIER-CH-3000', 2, 22342.51);
INSERT INTO invoice_lines (invoice_line_id, invoice_id, sku, quantity_sold, unit_price_uah) VALUES (184, 88, 'MITS-HE-8000', 3, 41763.68);
INSERT INTO invoice_lines (invoice_line_id, invoice_id, sku, quantity_sold, unit_price_uah) VALUES (185, 88, 'HW-BS-2500', 3, 13803.41);
INSERT INTO invoices (invoice_id, customer_id, invoice_date, total_amount) VALUES (88, 3, '2024-04-20', 211386.29);
INSERT INTO invoice_lines (invoice_line_id, invoice_id, sku, quantity_sold, unit_price_uah) VALUES (186, 89, 'CARRIER-SM-9000', 1, 54647.87);
INSERT INTO invoices (invoice_id, customer_id, invoice_date, total_amount) VALUES (89, 8, '2024-04-20', 54647.87);
INSERT INTO invoice_lines (invoice_line_id, invoice_id, sku, quantity_sold, unit_price_uah) VALUES (187, 90, 'MITS-CM-1500', 3, 10356.98);
INSERT INTO invoices (invoice_id, customer_id, invoice_date, total_amount) VALUES (90, 5, '2024-04-24', 31070.94);
INSERT INTO invoice_lines (invoice_line_id, invoice_id, sku, quantity_sold, unit_price_uah) VALUES (188, 91, 'BOSCH-IH-7500', 3, 36587.30);
INSERT INTO invoices (invoice_id, customer_id, invoice_date, total_amount) VALUES (91, 13, '2024-04-25', 109761.90);
INSERT INTO invoice_lines (invoice_line_id, invoice_id, sku, quantity_sold, unit_price_uah) VALUES (189, 92, 'CARRIER-HD-18K', 2, 74965.78);
INSERT INTO invoice_lines (invoice_line_id, invoice_id, sku, quantity_sold, unit_price_uah) VALUES (190, 92, 'HW-EC-3500', 2, 13497.83);
INSERT INTO invoice_lines (invoice_line_id, invoice_id, sku, quantity_sold, unit_price_uah) VALUES (191, 92, 'PG-TH-3000', 10, 19879.51);
INSERT INTO invoices (invoice_id, customer_id, invoice_date, total_amount) VALUES (92, 6, '2024-04-25', 375722.32);
INSERT INTO invoice_lines (invoice_line_id, invoice_id, sku, quantity_sold, unit_price_uah) VALUES (192, 93, 'BOSCH-IH-7500', 1, 35934.09);
INSERT INTO invoices (invoice_id, customer_id, invoice_date, total_amount) VALUES (93, 14, '2024-04-26', 35934.09);
INSERT INTO invoice_lines (invoice_line_id, invoice_id, sku, quantity_sold, unit_price_uah) VALUES (193, 94, 'HW-EC-3500', 2, 14647.20);
INSERT INTO invoice_lines (invoice_line_id, invoice_id, sku, quantity_sold, unit_price_uah) VALUES (194, 94, 'PG-ST-2000', 10, 13536.89);
INSERT INTO invoices (invoice_id, customer_id, invoice_date, total_amount) VALUES (94, 6, '2024-04-27', 164663.30);
INSERT INTO invoice_lines (invoice_line_id, invoice_id, sku, quantity_sold, unit_price_uah) VALUES (195, 95, 'MITS-HE-5000', 2, 31035.63);
INSERT INTO invoice_lines (invoice_line_id, invoice_id, sku, quantity_sold, unit_price_uah) VALUES (196, 95, 'HW-EC-3500', 2, 15186.14);
INSERT INTO invoices (invoice_id, customer_id, invoice_date, total_amount) VALUES (95, 6, '2024-04-28', 92443.54);
INSERT INTO invoice_lines (invoice_line_id, invoice_id, sku, quantity_sold, unit_price_uah) VALUES (197, 96, 'PG-TH-4000', 2, 24325.16);
INSERT INTO invoice_lines (invoice_line_id, invoice_id, sku, quantity_sold, unit_price_uah) VALUES (198, 96, 'BOSCH-SM-8000', 10, 51955.35);
INSERT INTO invoice_lines (invoice_line_id, invoice_id, sku, quantity_sold, unit_price_uah) VALUES (199, 96, 'MITS-CM-1500', 10, 10612.07);
INSERT INTO invoices (invoice_id, customer_id, invoice_date, total_amount) VALUES (96, 4, '2024-04-29', 674324.52);
INSERT INTO invoice_lines (invoice_line_id, invoice_id, sku, quantity_sold, unit_price_uah) VALUES (200, 97, 'BOSCH-IH-10K', 8, 50420.06);
INSERT INTO invoice_lines (invoice_line_id, invoice_id, sku, quantity_sold, unit_price_uah) VALUES (201, 97, 'PG-TH-3000', 3, 17607.31);
INSERT INTO invoice_lines (invoice_line_id, invoice_id, sku, quantity_sold, unit_price_uah) VALUES (202, 97, 'MITS-HE-2500', 2, 14849.11);
INSERT INTO invoices (invoice_id, customer_id, invoice_date, total_amount) VALUES (97, 9, '2024-05-01', 485880.63);
INSERT INTO invoice_lines (invoice_line_id, invoice_id, sku, quantity_sold, unit_price_uah) VALUES (203, 98, 'PG-TH-4000', 5, 23086.57);
INSERT INTO invoices (invoice_id, customer_id, invoice_date, total_amount) VALUES (98, 5, '2024-05-02', 115432.85);
INSERT INTO invoice_lines (invoice_line_id, invoice_id, sku, quantity_sold, unit_price_uah) VALUES (204, 99, 'HW-EC-5000', 3, 24324.64);
INSERT INTO invoice_lines (invoice_line_id, invoice_id, sku, quantity_sold, unit_price_uah) VALUES (205, 99, 'MITS-EE-4000', 5, 29446.69);
INSERT INTO invoices (invoice_id, customer_id, invoice_date, total_amount) VALUES (99, 10, '2024-05-03', 220207.37);

INSERT INTO invoice_lines (invoice_line_id, invoice_id, sku, quantity_sold, unit_price_uah) VALUES (206, 100, 'HW-EC-2000', 2, 10972.45);
INSERT INTO invoices (invoice_id, customer_id, invoice_date, total_amount) VALUES (100, 9, '2024-05-04', 21944.90);
INSERT INTO invoice_lines (invoice_line_id, invoice_id, sku, quantity_sold, unit_price_uah) VALUES (207, 101, 'BOSCH-IP-15K', 8, 69650.19);
INSERT INTO invoices (invoice_id, customer_id, invoice_date, total_amount) VALUES (101, 9, '2024-05-05', 557201.52);
INSERT INTO invoice_lines (invoice_line_id, invoice_id, sku, quantity_sold, unit_price_uah) VALUES (208, 102, 'BOSCH-IH-7500', 1, 38240.16);
INSERT INTO invoice_lines (invoice_line_id, invoice_id, sku, quantity_sold, unit_price_uah) VALUES (209, 102, 'CARRIER-CH-4500', 2, 25981.07);
INSERT INTO invoice_lines (invoice_line_id, invoice_id, sku, quantity_sold, unit_price_uah) VALUES (210, 102, 'BOSCH-IP-15K', 2, 73799.92);
INSERT INTO invoices (invoice_id, customer_id, invoice_date, total_amount) VALUES (102, 2, '2024-05-05', 237802.14);
INSERT INTO invoice_lines (invoice_line_id, invoice_id, sku, quantity_sold, unit_price_uah) VALUES (211, 103, 'MITS-EE-4000', 1, 32208.08);
INSERT INTO invoice_lines (invoice_line_id, invoice_id, sku, quantity_sold, unit_price_uah) VALUES (212, 103, 'HW-BS-2500', 1, 11592.20);
INSERT INTO invoices (invoice_id, customer_id, invoice_date, total_amount) VALUES (103, 1, '2024-05-06', 43800.28);
INSERT INTO invoice_lines (invoice_line_id, invoice_id, sku, quantity_sold, unit_price_uah) VALUES (213, 104, 'CARRIER-HD-18K', 2, 84090.71);
INSERT INTO invoice_lines (invoice_line_id, invoice_id, sku, quantity_sold, unit_price_uah) VALUES (214, 104, 'CARRIER-HP-12K', 5, 65118.20);
INSERT INTO invoices (invoice_id, customer_id, invoice_date, total_amount) VALUES (104, 8, '2024-05-08', 493772.42);
INSERT INTO invoice_lines (invoice_line_id, invoice_id, sku, quantity_sold, unit_price_uah) VALUES (215, 105, 'HW-BS-2500', 10, 11527.05);
INSERT INTO invoices (invoice_id, customer_id, invoice_date, total_amount) VALUES (105, 4, '2024-05-10', 115270.50);
INSERT INTO invoice_lines (invoice_line_id, invoice_id, sku, quantity_sold, unit_price_uah) VALUES (216, 106, 'CARRIER-CH-3000', 2, 19678.82);
INSERT INTO invoice_lines (invoice_line_id, invoice_id, sku, quantity_sold, unit_price_uah) VALUES (217, 106, 'BOSCH-IH-7500', 2, 38081.46);
INSERT INTO invoices (invoice_id, customer_id, invoice_date, total_amount) VALUES (106, 9, '2024-05-12', 115520.56);
INSERT INTO invoice_lines (invoice_line_id, invoice_id, sku, quantity_sold, unit_price_uah) VALUES (218, 107, 'CARRIER-EE-3500', 1, 29304.50);
INSERT INTO invoice_lines (invoice_line_id, invoice_id, sku, quantity_sold, unit_price_uah) VALUES (219, 107, 'BOSCH-IH-5000', 2, 25679.88);
INSERT INTO invoice_lines (invoice_line_id, invoice_id, sku, quantity_sold, unit_price_uah) VALUES (220, 107, 'BOSCH-IH-7500', 8, 42950.78);
INSERT INTO invoices (invoice_id, customer_id, invoice_date, total_amount) VALUES (107, 14, '2024-05-14', 424270.50);
INSERT INTO invoice_lines (invoice_line_id, invoice_id, sku, quantity_sold, unit_price_uah) VALUES (221, 108, 'PG-TH-4000', 1, 25506.58);
INSERT INTO invoice_lines (invoice_line_id, invoice_id, sku, quantity_sold, unit_price_uah) VALUES (222, 108, 'MITS-HE-8000', 10, 42397.21);
INSERT INTO invoices (invoice_id, customer_id, invoice_date, total_amount) VALUES (108, 15, '2024-05-19', 449478.68);
INSERT INTO invoice_lines (invoice_line_id, invoice_id, sku, quantity_sold, unit_price_uah) VALUES (223, 109, 'MITS-HE-5000', 10, 28579.69);
INSERT INTO invoices (invoice_id, customer_id, invoice_date, total_amount) VALUES (109, 5, '2024-05-24', 285796.90);
INSERT INTO invoice_lines (invoice_line_id, invoice_id, sku, quantity_sold, unit_price_uah) VALUES (224, 110, 'BOSCH-IH-7500', 3, 40559.29);
INSERT INTO invoices (invoice_id, customer_id, invoice_date, total_amount) VALUES (110, 12, '2024-05-24', 121677.87);
INSERT INTO invoice_lines (invoice_line_id, invoice_id, sku, quantity_sold, unit_price_uah) VALUES (225, 111, 'HW-EC-2000', 3, 8553.93);
INSERT INTO invoices (invoice_id, customer_id, invoice_date, total_amount) VALUES (111, 14, '2024-05-27', 25661.79);
INSERT INTO invoice_lines (invoice_line_id, invoice_id, sku, quantity_sold, unit_price_uah) VALUES (226, 112, 'CARRIER-HP-12K', 10, 65899.76);
INSERT INTO invoice_lines (invoice_line_id, invoice_id, sku, quantity_sold, unit_price_uah) VALUES (227, 112, 'PG-TH-4000', 8, 24503.81);
INSERT INTO invoices (invoice_id, customer_id, invoice_date, total_amount) VALUES (112, 6, '2024-05-27', 855028.08);
INSERT INTO invoice_lines (invoice_line_id, invoice_id, sku, quantity_sold, unit_price_uah) VALUES (228, 113, 'MITS-HE-5000', 2, 31460.95);
INSERT INTO invoice_lines (invoice_line_id, invoice_id, sku, quantity_sold, unit_price_uah) VALUES (229, 113, 'PG-TH-3000', 8, 19230.24);
INSERT INTO invoice_lines (invoice_line_id, invoice_id, sku, quantity_sold, unit_price_uah) VALUES (230, 113, 'CARRIER-CH-3000', 5, 21695.87);
INSERT INTO invoices (invoice_id, customer_id, invoice_date, total_amount) VALUES (113, 9, '2024-05-28', 325243.17);
INSERT INTO invoice_lines (invoice_line_id, invoice_id, sku, quantity_sold, unit_price_uah) VALUES (231, 114, 'CARRIER-EE-3500', 2, 27842.74);
INSERT INTO invoice_lines (invoice_line_id, invoice_id, sku, quantity_sold, unit_price_uah) VALUES (232, 114, 'CARRIER-HP-12K', 3, 60152.53);
INSERT INTO invoices (invoice_id, customer_id, invoice_date, total_amount) VALUES (114, 15, '2024-05-29', 236143.07);
INSERT INTO invoice_lines (invoice_line_id, invoice_id, sku, quantity_sold, unit_price_uah) VALUES (233, 115, 'HW-EC-5000', 10, 21558.04);
INSERT INTO invoice_lines (invoice_line_id, invoice_id, sku, quantity_sold, unit_price_uah) VALUES (234, 115, 'BOSCH-IP-15K', 8, 67027.78);
INSERT INTO invoices (invoice_id, customer_id, invoice_date, total_amount) VALUES (115, 9, '2024-06-02', 751802.64);
INSERT INTO invoice_lines (invoice_line_id, invoice_id, sku, quantity_sold, unit_price_uah) VALUES (235, 116, 'MITS-CM-1500', 8, 11321.26);
INSERT INTO invoice_lines (invoice_line_id, invoice_id, sku, quantity_sold, unit_price_uah) VALUES (236, 116, 'BOSCH-CM-1800', 8, 12529.40);
INSERT INTO invoices (invoice_id, customer_id, invoice_date, total_amount) VALUES (116, 5, '2024-06-05', 190805.28);
INSERT INTO invoice_lines (invoice_line_id, invoice_id, sku, quantity_sold, unit_price_uah) VALUES (237, 117, 'MITS-SM-7000', 10, 41937.01);
INSERT INTO invoice_lines (invoice_line_id, invoice_id, sku, quantity_sold, unit_price_uah) VALUES (238, 117, 'PG-TH-3000', 8, 16932.09);
INSERT INTO invoice_lines (invoice_line_id, invoice_id, sku, quantity_sold, unit_price_uah) VALUES (239, 117, 'CARRIER-HP-12K', 8, 63108.32);
INSERT INTO invoices (invoice_id, customer_id, invoice_date, total_amount) VALUES (117, 7, '2024-06-06', 1059693.38);
INSERT INTO invoice_lines (invoice_line_id, invoice_id, sku, quantity_sold, unit_price_uah) VALUES (240, 118, 'HW-EC-3500', 5, 14920.07);
INSERT INTO invoices (invoice_id, customer_id, invoice_date, total_amount) VALUES (118, 7, '2024-06-07', 74600.35);
INSERT INTO invoice_lines (invoice_line_id, invoice_id, sku, quantity_sold, unit_price_uah) VALUES (241, 119, 'BOSCH-SM-8000', 8, 47967.30);
INSERT INTO invoices (invoice_id, customer_id, invoice_date, total_amount) VALUES (119, 3, '2024-06-07', 383738.40);

INSERT INTO invoice_lines (invoice_line_id, invoice_id, sku, quantity_sold, unit_price_uah) VALUES (242, 120, 'CARRIER-CH-4500', 1, 27686.83);
INSERT INTO invoices (invoice_id, customer_id, invoice_date, total_amount) VALUES (120, 9, '2024-06-08', 27686.83);
INSERT INTO invoice_lines (invoice_line_id, invoice_id, sku, quantity_sold, unit_price_uah) VALUES (243, 121, 'BOSCH-SM-8000', 3, 44967.72);
INSERT INTO invoices (invoice_id, customer_id, invoice_date, total_amount) VALUES (121, 4, '2024-06-08', 134903.16);
INSERT INTO invoice_lines (invoice_line_id, invoice_id, sku, quantity_sold, unit_price_uah) VALUES (244, 122, 'MITS-CM-1500', 3, 11281.92);
INSERT INTO invoices (invoice_id, customer_id, invoice_date, total_amount) VALUES (122, 1, '2024-06-14', 33845.76);
INSERT INTO invoice_lines (invoice_line_id, invoice_id, sku, quantity_sold, unit_price_uah) VALUES (245, 123, 'BOSCH-CM-1800', 2, 13732.20);
INSERT INTO invoice_lines (invoice_line_id, invoice_id, sku, quantity_sold, unit_price_uah) VALUES (246, 123, 'MITS-SM-7000', 2, 36988.18);
INSERT INTO invoices (invoice_id, customer_id, invoice_date, total_amount) VALUES (123, 10, '2024-06-14', 101440.76);
INSERT INTO invoice_lines (invoice_line_id, invoice_id, sku, quantity_sold, unit_price_uah) VALUES (247, 124, 'BOSCH-IH-10K', 3, 55834.69);
INSERT INTO invoice_lines (invoice_line_id, invoice_id, sku, quantity_sold, unit_price_uah) VALUES (248, 124, 'HW-EC-5000', 8, 22762.54);
INSERT INTO invoices (invoice_id, customer_id, invoice_date, total_amount) VALUES (124, 6, '2024-06-15', 349604.39);
INSERT INTO invoice_lines (invoice_line_id, invoice_id, sku, quantity_sold, unit_price_uah) VALUES (249, 125, 'CARRIER-HP-12K', 8, 58211.99);
INSERT INTO invoice_lines (invoice_line_id, invoice_id, sku, quantity_sold, unit_price_uah) VALUES (250, 125, 'CARRIER-CH-4500', 3, 25802.29);
INSERT INTO invoices (invoice_id, customer_id, invoice_date, total_amount) VALUES (125, 3, '2024-06-17', 543102.79);
INSERT INTO invoice_lines (invoice_line_id, invoice_id, sku, quantity_sold, unit_price_uah) VALUES (251, 126, 'PG-TH-3000', 5, 18790.65);
INSERT INTO invoice_lines (invoice_line_id, invoice_id, sku, quantity_sold, unit_price_uah) VALUES (252, 126, 'BOSCH-IH-5000', 2, 30852.45);
INSERT INTO invoices (invoice_id, customer_id, invoice_date, total_amount) VALUES (126, 14, '2024-06-18', 155658.15);
INSERT INTO invoice_lines (invoice_line_id, invoice_id, sku, quantity_sold, unit_price_uah) VALUES (253, 127, 'BOSCH-IH-5000', 2, 27279.38);
INSERT INTO invoice_lines (invoice_line_id, invoice_id, sku, quantity_sold, unit_price_uah) VALUES (254, 127, 'CARRIER-CH-6000', 5, 36772.24);
INSERT INTO invoice_lines (invoice_line_id, invoice_id, sku, quantity_sold, unit_price_uah) VALUES (255, 127, 'PG-TH-4000', 5, 23823.43);
INSERT INTO invoices (invoice_id, customer_id, invoice_date, total_amount) VALUES (127, 14, '2024-06-18', 357537.11);
INSERT INTO invoice_lines (invoice_line_id, invoice_id, sku, quantity_sold, unit_price_uah) VALUES (256, 128, 'CARRIER-CH-3000', 1, 20057.58);
INSERT INTO invoices (invoice_id, customer_id, invoice_date, total_amount) VALUES (128, 10, '2024-06-19', 20057.58);
INSERT INTO invoice_lines (invoice_line_id, invoice_id, sku, quantity_sold, unit_price_uah) VALUES (257, 129, 'BOSCH-IH-7500', 1, 42387.42);
INSERT INTO invoice_lines (invoice_line_id, invoice_id, sku, quantity_sold, unit_price_uah) VALUES (258, 129, 'PG-TH-4000', 1, 23406.74);
INSERT INTO invoice_lines (invoice_line_id, invoice_id, sku, quantity_sold, unit_price_uah) VALUES (259, 129, 'HW-EC-3500', 10, 17606.60);
INSERT INTO invoices (invoice_id, customer_id, invoice_date, total_amount) VALUES (129, 11, '2024-06-23', 241860.16);
INSERT INTO invoice_lines (invoice_line_id, invoice_id, sku, quantity_sold, unit_price_uah) VALUES (260, 130, 'HW-EC-2000', 5, 10631.72);
INSERT INTO invoices (invoice_id, customer_id, invoice_date, total_amount) VALUES (130, 15, '2024-06-24', 53158.60);
INSERT INTO invoice_lines (invoice_line_id, invoice_id, sku, quantity_sold, unit_price_uah) VALUES (261, 131, 'HW-EC-2000', 1, 11067.02);
INSERT INTO invoice_lines (invoice_line_id, invoice_id, sku, quantity_sold, unit_price_uah) VALUES (262, 131, 'BOSCH-IH-10K', 8, 55958.93);
INSERT INTO invoice_lines (invoice_line_id, invoice_id, sku, quantity_sold, unit_price_uah) VALUES (263, 131, 'BOSCH-IH-7500', 5, 38399.69);
INSERT INTO invoices (invoice_id, customer_id, invoice_date, total_amount) VALUES (131, 7, '2024-06-25', 650736.91);
INSERT INTO invoice_lines (invoice_line_id, invoice_id, sku, quantity_sold, unit_price_uah) VALUES (264, 132, 'CARRIER-EE-3500', 5, 28395.15);
INSERT INTO invoice_lines (invoice_line_id, invoice_id, sku, quantity_sold, unit_price_uah) VALUES (265, 132, 'MITS-EE-4000', 1, 29380.31);
INSERT INTO invoices (invoice_id, customer_id, invoice_date, total_amount) VALUES (132, 9, '2024-06-26', 171356.06);
INSERT INTO invoice_lines (invoice_line_id, invoice_id, sku, quantity_sold, unit_price_uah) VALUES (266, 133, 'HW-BS-2500', 10, 11881.33);
INSERT INTO invoice_lines (invoice_line_id, invoice_id, sku, quantity_sold, unit_price_uah) VALUES (267, 133, 'CARRIER-HD-18K', 5, 88915.35);
INSERT INTO invoices (invoice_id, customer_id, invoice_date, total_amount) VALUES (133, 15, '2024-06-28', 563390.05);
INSERT INTO invoice_lines (invoice_line_id, invoice_id, sku, quantity_sold, unit_price_uah) VALUES (268, 134, 'BOSCH-IP-15K', 3, 66466.22);
INSERT INTO invoices (invoice_id, customer_id, invoice_date, total_amount) VALUES (134, 5, '2024-06-30', 199398.66);
INSERT INTO invoice_lines (invoice_line_id, invoice_id, sku, quantity_sold, unit_price_uah) VALUES (269, 135, 'BOSCH-IH-7500', 5, 41018.66);
INSERT INTO invoice_lines (invoice_line_id, invoice_id, sku, quantity_sold, unit_price_uah) VALUES (270, 135, 'HW-EC-2000', 10, 11007.93);
INSERT INTO invoice_lines (invoice_line_id, invoice_id, sku, quantity_sold, unit_price_uah) VALUES (271, 135, 'CARRIER-SM-9000', 3, 50270.31);
INSERT INTO invoices (invoice_id, customer_id, invoice_date, total_amount) VALUES (135, 9, '2024-07-02', 465983.53);
INSERT INTO invoice_lines (invoice_line_id, invoice_id, sku, quantity_sold, unit_price_uah) VALUES (272, 136, 'MITS-HE-5000', 10, 29133.95);
INSERT INTO invoices (invoice_id, customer_id, invoice_date, total_amount) VALUES (136, 7, '2024-07-02', 291339.50);
INSERT INTO invoice_lines (invoice_line_id, invoice_id, sku, quantity_sold, unit_price_uah) VALUES (273, 137, 'CARRIER-CH-4500', 2, 26966.59);
INSERT INTO invoice_lines (invoice_line_id, invoice_id, sku, quantity_sold, unit_price_uah) VALUES (274, 137, 'MITS-HE-2500', 10, 14654.48);
INSERT INTO invoices (invoice_id, customer_id, invoice_date, total_amount) VALUES (137, 8, '2024-07-02', 200477.98);
INSERT INTO invoice_lines (invoice_line_id, invoice_id, sku, quantity_sold, unit_price_uah) VALUES (275, 138, 'MITS-SM-7000', 2, 36722.77);
INSERT INTO invoices (invoice_id, customer_id, invoice_date, total_amount) VALUES (138, 10, '2024-07-02', 73445.54);
INSERT INTO invoice_lines (invoice_line_id, invoice_id, sku, quantity_sold, unit_price_uah) VALUES (276, 139, 'CARRIER-CH-4500', 8, 28479.09);
INSERT INTO invoice_lines (invoice_line_id, invoice_id, sku, quantity_sold, unit_price_uah) VALUES (277, 139, 'HW-BS-1500', 5, 8594.69);
INSERT INTO invoices (invoice_id, customer_id, invoice_date, total_amount) VALUES (139, 7, '2024-07-03', 270806.17);

INSERT INTO invoice_lines (invoice_line_id, invoice_id, sku, quantity_sold, unit_price_uah) VALUES (278, 140, 'PG-ST-2000', 10, 11332.78);
INSERT INTO invoice_lines (invoice_line_id, invoice_id, sku, quantity_sold, unit_price_uah) VALUES (279, 140, 'BOSCH-HD-20K', 1, 92054.90);
INSERT INTO invoice_lines (invoice_line_id, invoice_id, sku, quantity_sold, unit_price_uah) VALUES (280, 140, 'MITS-HE-2500', 8, 16652.85);
INSERT INTO invoices (invoice_id, customer_id, invoice_date, total_amount) VALUES (140, 15, '2024-07-03', 338605.50);
INSERT INTO invoice_lines (invoice_line_id, invoice_id, sku, quantity_sold, unit_price_uah) VALUES (281, 141, 'HW-BS-1500', 10, 6767.51);
INSERT INTO invoice_lines (invoice_line_id, invoice_id, sku, quantity_sold, unit_price_uah) VALUES (282, 141, 'HW-EC-3500', 3, 14816.65);
INSERT INTO invoice_lines (invoice_line_id, invoice_id, sku, quantity_sold, unit_price_uah) VALUES (283, 141, 'CARRIER-CH-6000', 8, 32787.12);
INSERT INTO invoices (invoice_id, customer_id, invoice_date, total_amount) VALUES (141, 9, '2024-07-04', 374422.01);
INSERT INTO invoice_lines (invoice_line_id, invoice_id, sku, quantity_sold, unit_price_uah) VALUES (284, 142, 'BOSCH-CM-1800', 8, 14429.53);
INSERT INTO invoice_lines (invoice_line_id, invoice_id, sku, quantity_sold, unit_price_uah) VALUES (285, 142, 'BOSCH-IP-15K', 3, 74524.79);
INSERT INTO invoice_lines (invoice_line_id, invoice_id, sku, quantity_sold, unit_price_uah) VALUES (286, 142, 'MITS-SM-7000', 10, 43423.51);
INSERT INTO invoices (invoice_id, customer_id, invoice_date, total_amount) VALUES (142, 14, '2024-07-04', 773245.71);
INSERT INTO invoice_lines (invoice_line_id, invoice_id, sku, quantity_sold, unit_price_uah) VALUES (287, 143, 'PG-ST-2000', 8, 12925.83);
INSERT INTO invoice_lines (invoice_line_id, invoice_id, sku, quantity_sold, unit_price_uah) VALUES (288, 143, 'CARRIER-HD-18K', 8, 81314.01);
INSERT INTO invoices (invoice_id, customer_id, invoice_date, total_amount) VALUES (143, 7, '2024-07-04', 753918.72);
INSERT INTO invoice_lines (invoice_line_id, invoice_id, sku, quantity_sold, unit_price_uah) VALUES (289, 144, 'MITS-SM-7000', 3, 42832.91);
INSERT INTO invoices (invoice_id, customer_id, invoice_date, total_amount) VALUES (144, 4, '2024-07-04', 128498.73);
INSERT INTO invoice_lines (invoice_line_id, invoice_id, sku, quantity_sold, unit_price_uah) VALUES (290, 145, 'PG-ST-2000', 5, 12725.24);
INSERT INTO invoice_lines (invoice_line_id, invoice_id, sku, quantity_sold, unit_price_uah) VALUES (291, 145, 'BOSCH-SM-8000', 1, 52979.63);
INSERT INTO invoice_lines (invoice_line_id, invoice_id, sku, quantity_sold, unit_price_uah) VALUES (292, 145, 'MITS-HE-2500', 8, 18025.80);
INSERT INTO invoices (invoice_id, customer_id, invoice_date, total_amount) VALUES (145, 3, '2024-07-09', 260812.23);
INSERT INTO invoice_lines (invoice_line_id, invoice_id, sku, quantity_sold, unit_price_uah) VALUES (293, 146, 'PG-TH-4000', 1, 23170.70);
INSERT INTO invoices (invoice_id, customer_id, invoice_date, total_amount) VALUES (146, 13, '2024-07-09', 23170.70);
INSERT INTO invoice_lines (invoice_line_id, invoice_id, sku, quantity_sold, unit_price_uah) VALUES (294, 147, 'HW-EC-3500', 2, 16439.90);
INSERT INTO invoice_lines (invoice_line_id, invoice_id, sku, quantity_sold, unit_price_uah) VALUES (295, 147, 'PG-TH-3000', 5, 18299.45);
INSERT INTO invoices (invoice_id, customer_id, invoice_date, total_amount) VALUES (147, 9, '2024-07-11', 124377.05);
INSERT INTO invoice_lines (invoice_line_id, invoice_id, sku, quantity_sold, unit_price_uah) VALUES (296, 148, 'BOSCH-IH-5000', 2, 27853.16);
INSERT INTO invoice_lines (invoice_line_id, invoice_id, sku, quantity_sold, unit_price_uah) VALUES (297, 148, 'BOSCH-IP-15K', 10, 72863.64);
INSERT INTO invoice_lines (invoice_line_id, invoice_id, sku, quantity_sold, unit_price_uah) VALUES (298, 148, 'HW-EC-2000', 8, 10604.08);
INSERT INTO invoices (invoice_id, customer_id, invoice_date, total_amount) VALUES (148, 1, '2024-07-12', 869175.36);
INSERT INTO invoice_lines (invoice_line_id, invoice_id, sku, quantity_sold, unit_price_uah) VALUES (299, 149, 'HW-BS-1500', 8, 8437.56);
INSERT INTO invoice_lines (invoice_line_id, invoice_id, sku, quantity_sold, unit_price_uah) VALUES (300, 149, 'MITS-SM-7000', 5, 42879.35);
INSERT INTO invoice_lines (invoice_line_id, invoice_id, sku, quantity_sold, unit_price_uah) VALUES (301, 149, 'BOSCH-IH-7500', 2, 39400.41);
INSERT INTO invoices (invoice_id, customer_id, invoice_date, total_amount) VALUES (149, 3, '2024-07-14', 360698.05);
INSERT INTO invoice_lines (invoice_line_id, invoice_id, sku, quantity_sold, unit_price_uah) VALUES (302, 150, 'BOSCH-CM-1800', 5, 12290.02);
INSERT INTO invoices (invoice_id, customer_id, invoice_date, total_amount) VALUES (150, 14, '2024-07-14', 61450.10);
INSERT INTO invoice_lines (invoice_line_id, invoice_id, sku, quantity_sold, unit_price_uah) VALUES (303, 151, 'BOSCH-CM-1800', 5, 13903.96);
INSERT INTO invoice_lines (invoice_line_id, invoice_id, sku, quantity_sold, unit_price_uah) VALUES (304, 151, 'PG-ST-2000', 2, 13542.28);
INSERT INTO invoices (invoice_id, customer_id, invoice_date, total_amount) VALUES (151, 3, '2024-07-14', 96604.36);
INSERT INTO invoice_lines (invoice_line_id, invoice_id, sku, quantity_sold, unit_price_uah) VALUES (305, 152, 'HW-BS-1500', 3, 6359.93);
INSERT INTO invoice_lines (invoice_line_id, invoice_id, sku, quantity_sold, unit_price_uah) VALUES (306, 152, 'CARRIER-EE-3500', 10, 26195.38);
INSERT INTO invoice_lines (invoice_line_id, invoice_id, sku, quantity_sold, unit_price_uah) VALUES (307, 152, 'BOSCH-SM-8000', 1, 50892.50);
INSERT INTO invoices (invoice_id, customer_id, invoice_date, total_amount) VALUES (152, 11, '2024-07-14', 331926.09);
INSERT INTO invoice_lines (invoice_line_id, invoice_id, sku, quantity_sold, unit_price_uah) VALUES (308, 153, 'BOSCH-CM-1800', 10, 13932.62);
INSERT INTO invoice_lines (invoice_line_id, invoice_id, sku, quantity_sold, unit_price_uah) VALUES (309, 153, 'BOSCH-SM-8000', 3, 47011.42);
INSERT INTO invoice_lines (invoice_line_id, invoice_id, sku, quantity_sold, unit_price_uah) VALUES (310, 153, 'BOSCH-IH-5000', 3, 29815.90);
INSERT INTO invoices (invoice_id, customer_id, invoice_date, total_amount) VALUES (153, 15, '2024-07-14', 369808.16);
INSERT INTO invoice_lines (invoice_line_id, invoice_id, sku, quantity_sold, unit_price_uah) VALUES (311, 154, 'HW-EC-2000', 5, 8518.64);
INSERT INTO invoices (invoice_id, customer_id, invoice_date, total_amount) VALUES (154, 5, '2024-07-16', 42593.20);
INSERT INTO invoice_lines (invoice_line_id, invoice_id, sku, quantity_sold, unit_price_uah) VALUES (312, 155, 'CARRIER-CH-6000', 1, 36980.85);
INSERT INTO invoice_lines (invoice_line_id, invoice_id, sku, quantity_sold, unit_price_uah) VALUES (313, 155, 'BOSCH-HD-20K', 5, 90759.23);
INSERT INTO invoices (invoice_id, customer_id, invoice_date, total_amount) VALUES (155, 12, '2024-07-16', 490777.00);
INSERT INTO invoice_lines (invoice_line_id, invoice_id, sku, quantity_sold, unit_price_uah) VALUES (314, 156, 'MITS-EE-4000', 5, 30692.28);
INSERT INTO invoice_lines (invoice_line_id, invoice_id, sku, quantity_sold, unit_price_uah) VALUES (315, 156, 'BOSCH-IH-5000', 1, 28497.90);
INSERT INTO invoices (invoice_id, customer_id, invoice_date, total_amount) VALUES (156, 12, '2024-07-17', 181959.30);
INSERT INTO invoice_lines (invoice_line_id, invoice_id, sku, quantity_sold, unit_price_uah) VALUES (316, 157, 'MITS-HE-5000', 1, 32342.82);
INSERT INTO invoice_lines (invoice_line_id, invoice_id, sku, quantity_sold, unit_price_uah) VALUES (317, 157, 'BOSCH-IH-10K', 8, 54914.24);
INSERT INTO invoices (invoice_id, customer_id, invoice_date, total_amount) VALUES (157, 10, '2024-07-19', 471656.74);
INSERT INTO invoice_lines (invoice_line_id, invoice_id, sku, quantity_sold, unit_price_uah) VALUES (318, 158, 'CARRIER-EE-3500', 2, 29266.32);
INSERT INTO invoice_lines (invoice_line_id, invoice_id, sku, quantity_sold, unit_price_uah) VALUES (319, 158, 'HW-BS-1500', 2, 8210.07);
INSERT INTO invoices (invoice_id, customer_id, invoice_date, total_amount) VALUES (158, 9, '2024-07-20', 74952.78);
INSERT INTO invoice_lines (invoice_line_id, invoice_id, sku, quantity_sold, unit_price_uah) VALUES (320, 159, 'CARRIER-CH-3000', 2, 18770.00);
INSERT INTO invoice_lines (invoice_line_id, invoice_id, sku, quantity_sold, unit_price_uah) VALUES (321, 159, 'CARRIER-CH-6000', 8, 35116.04);
INSERT INTO invoice_lines (invoice_line_id, invoice_id, sku, quantity_sold, unit_price_uah) VALUES (322, 159, 'CARRIER-EE-3500', 1, 28011.98);
INSERT INTO invoices (invoice_id, customer_id, invoice_date, total_amount) VALUES (159, 3, '2024-07-21', 346480.30);

INSERT INTO invoice_lines (invoice_line_id, invoice_id, sku, quantity_sold, unit_price_uah) VALUES (323, 160, 'CARRIER-EE-3500', 8, 28466.21);
INSERT INTO invoice_lines (invoice_line_id, invoice_id, sku, quantity_sold, unit_price_uah) VALUES (324, 160, 'PG-TH-3000', 10, 17536.72);
INSERT INTO invoices (invoice_id, customer_id, invoice_date, total_amount) VALUES (160, 8, '2024-07-21', 403096.88);
INSERT INTO invoice_lines (invoice_line_id, invoice_id, sku, quantity_sold, unit_price_uah) VALUES (325, 161, 'PG-ST-2000', 3, 12780.28);
INSERT INTO invoice_lines (invoice_line_id, invoice_id, sku, quantity_sold, unit_price_uah) VALUES (326, 161, 'MITS-CM-1500', 1, 10989.47);
INSERT INTO invoices (invoice_id, customer_id, invoice_date, total_amount) VALUES (161, 1, '2024-07-22', 49330.31);
INSERT INTO invoice_lines (invoice_line_id, invoice_id, sku, quantity_sold, unit_price_uah) VALUES (327, 162, 'CARRIER-CH-3000', 5, 22427.06);
INSERT INTO invoice_lines (invoice_line_id, invoice_id, sku, quantity_sold, unit_price_uah) VALUES (328, 162, 'CARRIER-EE-3500', 10, 26667.49);
INSERT INTO invoice_lines (invoice_line_id, invoice_id, sku, quantity_sold, unit_price_uah) VALUES (329, 162, 'BOSCH-IH-5000', 1, 30017.39);
INSERT INTO invoices (invoice_id, customer_id, invoice_date, total_amount) VALUES (162, 1, '2024-07-22', 408827.59);
INSERT INTO invoice_lines (invoice_line_id, invoice_id, sku, quantity_sold, unit_price_uah) VALUES (330, 163, 'MITS-SM-7000', 3, 38672.27);
INSERT INTO invoice_lines (invoice_line_id, invoice_id, sku, quantity_sold, unit_price_uah) VALUES (331, 163, 'PG-ST-2000', 2, 11858.45);
INSERT INTO invoice_lines (invoice_line_id, invoice_id, sku, quantity_sold, unit_price_uah) VALUES (332, 163, 'CARRIER-HP-12K', 2, 62766.20);
INSERT INTO invoices (invoice_id, customer_id, invoice_date, total_amount) VALUES (163, 5, '2024-07-22', 265266.11);
INSERT INTO invoice_lines (invoice_line_id, invoice_id, sku, quantity_sold, unit_price_uah) VALUES (333, 164, 'CARRIER-SM-9000', 1, 54089.11);
INSERT INTO invoice_lines (invoice_line_id, invoice_id, sku, quantity_sold, unit_price_uah) VALUES (334, 164, 'BOSCH-IH-10K', 10, 52861.84);
INSERT INTO invoices (invoice_id, customer_id, invoice_date, total_amount) VALUES (164, 7, '2024-07-28', 582707.51);
INSERT INTO invoice_lines (invoice_line_id, invoice_id, sku, quantity_sold, unit_price_uah) VALUES (335, 165, 'BOSCH-IH-7500', 8, 37948.50);
INSERT INTO invoice_lines (invoice_line_id, invoice_id, sku, quantity_sold, unit_price_uah) VALUES (336, 165, 'MITS-HE-2500', 8, 16802.95);
INSERT INTO invoices (invoice_id, customer_id, invoice_date, total_amount) VALUES (165, 11, '2024-07-29', 438011.60);
INSERT INTO invoice_lines (invoice_line_id, invoice_id, sku, quantity_sold, unit_price_uah) VALUES (337, 166, 'HW-BS-2500', 8, 10906.92);
INSERT INTO invoice_lines (invoice_line_id, invoice_id, sku, quantity_sold, unit_price_uah) VALUES (338, 166, 'PG-TH-3000', 8, 18314.77);
INSERT INTO invoice_lines (invoice_line_id, invoice_id, sku, quantity_sold, unit_price_uah) VALUES (339, 166, 'BOSCH-CM-1800', 3, 15048.08);
INSERT INTO invoices (invoice_id, customer_id, invoice_date, total_amount) VALUES (166, 13, '2024-08-01', 278917.76);
INSERT INTO invoice_lines (invoice_line_id, invoice_id, sku, quantity_sold, unit_price_uah) VALUES (340, 167, 'PG-ST-2000', 10, 11356.73);
INSERT INTO invoices (invoice_id, customer_id, invoice_date, total_amount) VALUES (167, 6, '2024-08-01', 113567.30);
INSERT INTO invoice_lines (invoice_line_id, invoice_id, sku, quantity_sold, unit_price_uah) VALUES (341, 168, 'CARRIER-CH-4500', 2, 25994.01);
INSERT INTO invoice_lines (invoice_line_id, invoice_id, sku, quantity_sold, unit_price_uah) VALUES (342, 168, 'BOSCH-HD-20K', 3, 91896.57);
INSERT INTO invoices (invoice_id, customer_id, invoice_date, total_amount) VALUES (168, 10, '2024-08-02', 327677.73);
INSERT INTO invoice_lines (invoice_line_id, invoice_id, sku, quantity_sold, unit_price_uah) VALUES (343, 169, 'PG-ST-2000', 8, 12229.70);
INSERT INTO invoice_lines (invoice_line_id, invoice_id, sku, quantity_sold, unit_price_uah) VALUES (344, 169, 'PG-TH-3000', 2, 17958.81);
INSERT INTO invoice_lines (invoice_line_id, invoice_id, sku, quantity_sold, unit_price_uah) VALUES (345, 169, 'MITS-HE-2500', 3, 15130.96);
INSERT INTO invoices (invoice_id, customer_id, invoice_date, total_amount) VALUES (169, 10, '2024-08-03', 179148.10);
INSERT INTO invoice_lines (invoice_line_id, invoice_id, sku, quantity_sold, unit_price_uah) VALUES (346, 170, 'PG-ST-2000', 3, 12217.38);
INSERT INTO invoices (invoice_id, customer_id, invoice_date, total_amount) VALUES (170, 1, '2024-08-03', 36652.14);
INSERT INTO invoice_lines (invoice_line_id, invoice_id, sku, quantity_sold, unit_price_uah) VALUES (347, 171, 'BOSCH-IP-15K', 2, 74734.04);
INSERT INTO invoices (invoice_id, customer_id, invoice_date, total_amount) VALUES (171, 2, '2024-08-04', 149468.08);
INSERT INTO invoice_lines (invoice_line_id, invoice_id, sku, quantity_sold, unit_price_uah) VALUES (348, 172, 'PG-TH-3000', 10, 19665.66);
INSERT INTO invoice_lines (invoice_line_id, invoice_id, sku, quantity_sold, unit_price_uah) VALUES (349, 172, 'BOSCH-IH-10K', 10, 49932.89);
INSERT INTO invoice_lines (invoice_line_id, invoice_id, sku, quantity_sold, unit_price_uah) VALUES (350, 172, 'MITS-SM-7000', 2, 44757.34);
INSERT INTO invoices (invoice_id, customer_id, invoice_date, total_amount) VALUES (172, 6, '2024-08-08', 785500.18);
INSERT INTO invoice_lines (invoice_line_id, invoice_id, sku, quantity_sold, unit_price_uah) VALUES (351, 173, 'HW-EC-3500', 8, 15909.82);
INSERT INTO invoice_lines (invoice_line_id, invoice_id, sku, quantity_sold, unit_price_uah) VALUES (352, 173, 'CARRIER-CH-3000', 2, 20072.32);
INSERT INTO invoices (invoice_id, customer_id, invoice_date, total_amount) VALUES (173, 15, '2024-08-12', 167423.20);
INSERT INTO invoice_lines (invoice_line_id, invoice_id, sku, quantity_sold, unit_price_uah) VALUES (353, 174, 'BOSCH-IP-15K', 2, 65046.22);
INSERT INTO invoices (invoice_id, customer_id, invoice_date, total_amount) VALUES (174, 2, '2024-08-13', 130092.44);
INSERT INTO invoice_lines (invoice_line_id, invoice_id, sku, quantity_sold, unit_price_uah) VALUES (354, 175, 'CARRIER-HP-12K', 1, 63113.31);
INSERT INTO invoice_lines (invoice_line_id, invoice_id, sku, quantity_sold, unit_price_uah) VALUES (355, 175, 'BOSCH-CM-1800', 8, 12818.02);
INSERT INTO invoice_lines (invoice_line_id, invoice_id, sku, quantity_sold, unit_price_uah) VALUES (356, 175, 'PG-TH-4000', 10, 24025.51);
INSERT INTO invoices (invoice_id, customer_id, invoice_date, total_amount) VALUES (175, 15, '2024-08-13', 405912.57);
INSERT INTO invoice_lines (invoice_line_id, invoice_id, sku, quantity_sold, unit_price_uah) VALUES (357, 176, 'PG-ST-2000', 3, 14455.38);
INSERT INTO invoice_lines (invoice_line_id, invoice_id, sku, quantity_sold, unit_price_uah) VALUES (358, 176, 'MITS-CM-1500', 10, 11250.62);
INSERT INTO invoice_lines (invoice_line_id, invoice_id, sku, quantity_sold, unit_price_uah) VALUES (359, 176, 'BOSCH-IH-10K', 5, 52539.70);
INSERT INTO invoices (invoice_id, customer_id, invoice_date, total_amount) VALUES (176, 7, '2024-08-13', 418570.84);
INSERT INTO invoice_lines (invoice_line_id, invoice_id, sku, quantity_sold, unit_price_uah) VALUES (360, 177, 'MITS-HE-5000', 2, 30442.83);
INSERT INTO invoices (invoice_id, customer_id, invoice_date, total_amount) VALUES (177, 4, '2024-08-17', 60885.66);
INSERT INTO invoice_lines (invoice_line_id, invoice_id, sku, quantity_sold, unit_price_uah) VALUES (361, 178, 'CARRIER-HP-12K', 8, 59245.27);
INSERT INTO invoice_lines (invoice_line_id, invoice_id, sku, quantity_sold, unit_price_uah) VALUES (362, 178, 'HW-BS-2500', 8, 11165.37);
INSERT INTO invoice_lines (invoice_line_id, invoice_id, sku, quantity_sold, unit_price_uah) VALUES (363, 178, 'MITS-SM-7000', 2, 37230.53);
INSERT INTO invoices (invoice_id, customer_id, invoice_date, total_amount) VALUES (178, 13, '2024-08-18', 637746.18);
INSERT INTO invoice_lines (invoice_line_id, invoice_id, sku, quantity_sold, unit_price_uah) VALUES (364, 179, 'CARRIER-HP-12K', 8, 59605.76);
INSERT INTO invoices (invoice_id, customer_id, invoice_date, total_amount) VALUES (179, 2, '2024-08-18', 476846.08);

INSERT INTO invoice_lines (invoice_line_id, invoice_id, sku, quantity_sold, unit_price_uah) VALUES (365, 180, 'HW-BS-2500', 5, 10833.06);
INSERT INTO invoice_lines (invoice_line_id, invoice_id, sku, quantity_sold, unit_price_uah) VALUES (366, 180, 'CARRIER-CH-4500', 3, 25099.63);
INSERT INTO invoices (invoice_id, customer_id, invoice_date, total_amount) VALUES (180, 7, '2024-08-20', 129464.19);
INSERT INTO invoice_lines (invoice_line_id, invoice_id, sku, quantity_sold, unit_price_uah) VALUES (367, 181, 'CARRIER-CH-6000', 3, 37210.08);
INSERT INTO invoice_lines (invoice_line_id, invoice_id, sku, quantity_sold, unit_price_uah) VALUES (368, 181, 'PG-TH-4000', 3, 23799.27);
INSERT INTO invoice_lines (invoice_line_id, invoice_id, sku, quantity_sold, unit_price_uah) VALUES (369, 181, 'BOSCH-IH-7500', 1, 40433.82);
INSERT INTO invoices (invoice_id, customer_id, invoice_date, total_amount) VALUES (181, 14, '2024-08-21', 223461.87);
INSERT INTO invoice_lines (invoice_line_id, invoice_id, sku, quantity_sold, unit_price_uah) VALUES (370, 182, 'MITS-SM-7000', 3, 42136.74);
INSERT INTO invoices (invoice_id, customer_id, invoice_date, total_amount) VALUES (182, 13, '2024-08-21', 126410.22);
INSERT INTO invoice_lines (invoice_line_id, invoice_id, sku, quantity_sold, unit_price_uah) VALUES (371, 183, 'HW-BS-2500', 3, 10841.74);
INSERT INTO invoice_lines (invoice_line_id, invoice_id, sku, quantity_sold, unit_price_uah) VALUES (372, 183, 'BOSCH-HD-20K', 8, 92694.30);
INSERT INTO invoices (invoice_id, customer_id, invoice_date, total_amount) VALUES (183, 15, '2024-08-23', 774079.62);
INSERT INTO invoice_lines (invoice_line_id, invoice_id, sku, quantity_sold, unit_price_uah) VALUES (373, 184, 'CARRIER-CH-3000', 2, 18196.04);
INSERT INTO invoices (invoice_id, customer_id, invoice_date, total_amount) VALUES (184, 4, '2024-08-24', 36392.08);
INSERT INTO invoice_lines (invoice_line_id, invoice_id, sku, quantity_sold, unit_price_uah) VALUES (374, 185, 'BOSCH-CM-1800', 1, 12255.17);
INSERT INTO invoice_lines (invoice_line_id, invoice_id, sku, quantity_sold, unit_price_uah) VALUES (375, 185, 'MITS-HE-5000', 3, 28682.55);
INSERT INTO invoice_lines (invoice_line_id, invoice_id, sku, quantity_sold, unit_price_uah) VALUES (376, 185, 'CARRIER-HD-18K', 8, 88740.48);
INSERT INTO invoices (invoice_id, customer_id, invoice_date, total_amount) VALUES (185, 11, '2024-08-24', 808226.66);
INSERT INTO invoice_lines (invoice_line_id, invoice_id, sku, quantity_sold, unit_price_uah) VALUES (377, 186, 'BOSCH-CM-1800', 10, 14482.30);
INSERT INTO invoice_lines (invoice_line_id, invoice_id, sku, quantity_sold, unit_price_uah) VALUES (378, 186, 'BOSCH-IH-10K', 10, 52203.55);
INSERT INTO invoices (invoice_id, customer_id, invoice_date, total_amount) VALUES (186, 4, '2024-08-25', 666858.50);
INSERT INTO invoice_lines (invoice_line_id, invoice_id, sku, quantity_sold, unit_price_uah) VALUES (379, 187, 'BOSCH-IH-7500', 3, 40844.87);
INSERT INTO invoices (invoice_id, customer_id, invoice_date, total_amount) VALUES (187, 15, '2024-08-25', 122534.61);
INSERT INTO invoice_lines (invoice_line_id, invoice_id, sku, quantity_sold, unit_price_uah) VALUES (380, 188, 'CARRIER-SM-9000', 8, 50920.79);
INSERT INTO invoice_lines (invoice_line_id, invoice_id, sku, quantity_sold, unit_price_uah) VALUES (381, 188, 'PG-TH-4000', 5, 24281.19);
INSERT INTO invoice_lines (invoice_line_id, invoice_id, sku, quantity_sold, unit_price_uah) VALUES (382, 188, 'CARRIER-EE-3500', 8, 29723.49);
INSERT INTO invoices (invoice_id, customer_id, invoice_date, total_amount) VALUES (188, 15, '2024-08-26', 766560.19);
INSERT INTO invoice_lines (invoice_line_id, invoice_id, sku, quantity_sold, unit_price_uah) VALUES (383, 189, 'BOSCH-HD-20K', 2, 90340.64);
INSERT INTO invoices (invoice_id, customer_id, invoice_date, total_amount) VALUES (189, 4, '2024-08-27', 180681.28);
INSERT INTO invoice_lines (invoice_line_id, invoice_id, sku, quantity_sold, unit_price_uah) VALUES (384, 190, 'PG-TH-4000', 8, 23509.73);
INSERT INTO invoices (invoice_id, customer_id, invoice_date, total_amount) VALUES (190, 12, '2024-08-30', 188077.84);
INSERT INTO invoice_lines (invoice_line_id, invoice_id, sku, quantity_sold, unit_price_uah) VALUES (385, 191, 'CARRIER-SM-9000', 8, 56255.55);
INSERT INTO invoice_lines (invoice_line_id, invoice_id, sku, quantity_sold, unit_price_uah) VALUES (386, 191, 'BOSCH-SM-8000', 5, 48354.16);
INSERT INTO invoices (invoice_id, customer_id, invoice_date, total_amount) VALUES (191, 3, '2024-08-30', 691815.20);
INSERT INTO invoice_lines (invoice_line_id, invoice_id, sku, quantity_sold, unit_price_uah) VALUES (387, 192, 'MITS-EE-4000', 8, 30356.35);
INSERT INTO invoice_lines (invoice_line_id, invoice_id, sku, quantity_sold, unit_price_uah) VALUES (388, 192, 'PG-ST-2000', 2, 11916.44);
INSERT INTO invoices (invoice_id, customer_id, invoice_date, total_amount) VALUES (192, 13, '2024-09-01', 266683.68);
INSERT INTO invoice_lines (invoice_line_id, invoice_id, sku, quantity_sold, unit_price_uah) VALUES (389, 193, 'CARRIER-CH-4500', 5, 26967.58);
INSERT INTO invoices (invoice_id, customer_id, invoice_date, total_amount) VALUES (193, 10, '2024-09-02', 134837.90);
INSERT INTO invoice_lines (invoice_line_id, invoice_id, sku, quantity_sold, unit_price_uah) VALUES (390, 194, 'PG-ST-2000', 8, 13337.25);
INSERT INTO invoices (invoice_id, customer_id, invoice_date, total_amount) VALUES (194, 3, '2024-09-04', 106698.00);
INSERT INTO invoice_lines (invoice_line_id, invoice_id, sku, quantity_sold, unit_price_uah) VALUES (391, 195, 'BOSCH-IH-5000', 5, 25686.58);
INSERT INTO invoices (invoice_id, customer_id, invoice_date, total_amount) VALUES (195, 3, '2024-09-06', 128432.90);
INSERT INTO invoice_lines (invoice_line_id, invoice_id, sku, quantity_sold, unit_price_uah) VALUES (392, 196, 'BOSCH-SM-8000', 5, 44485.71);
INSERT INTO invoice_lines (invoice_line_id, invoice_id, sku, quantity_sold, unit_price_uah) VALUES (393, 196, 'HW-BS-1500', 2, 8161.24);
INSERT INTO invoice_lines (invoice_line_id, invoice_id, sku, quantity_sold, unit_price_uah) VALUES (394, 196, 'CARRIER-HP-12K', 8, 58480.79);
INSERT INTO invoices (invoice_id, customer_id, invoice_date, total_amount) VALUES (196, 9, '2024-09-07', 706597.35);
INSERT INTO invoice_lines (invoice_line_id, invoice_id, sku, quantity_sold, unit_price_uah) VALUES (395, 197, 'CARRIER-CH-4500', 5, 27978.37);
INSERT INTO invoice_lines (invoice_line_id, invoice_id, sku, quantity_sold, unit_price_uah) VALUES (396, 197, 'BOSCH-IH-10K', 5, 53562.83);
INSERT INTO invoices (invoice_id, customer_id, invoice_date, total_amount) VALUES (197, 1, '2024-09-08', 407706.00);
INSERT INTO invoice_lines (invoice_line_id, invoice_id, sku, quantity_sold, unit_price_uah) VALUES (397, 198, 'BOSCH-IH-10K', 3, 51677.11);
INSERT INTO invoices (invoice_id, customer_id, invoice_date, total_amount) VALUES (198, 10, '2024-09-11', 155031.33);
INSERT INTO invoice_lines (invoice_line_id, invoice_id, sku, quantity_sold, unit_price_uah) VALUES (398, 199, 'MITS-CM-1500', 1, 11553.74);
INSERT INTO invoices (invoice_id, customer_id, invoice_date, total_amount) VALUES (199, 15, '2024-09-11', 11553.74);

INSERT INTO invoice_lines (invoice_line_id, invoice_id, sku, quantity_sold, unit_price_uah) VALUES (399, 200, 'HW-EC-3500', 2, 17894.25);
INSERT INTO invoice_lines (invoice_line_id, invoice_id, sku, quantity_sold, unit_price_uah) VALUES (400, 200, 'MITS-CM-1500', 2, 12669.18);
INSERT INTO invoice_lines (invoice_line_id, invoice_id, sku, quantity_sold, unit_price_uah) VALUES (401, 200, 'BOSCH-IH-7500', 2, 34741.22);
INSERT INTO invoices (invoice_id, customer_id, invoice_date, total_amount) VALUES (200, 10, '2024-09-11', 130609.30);
INSERT INTO invoice_lines (invoice_line_id, invoice_id, sku, quantity_sold, unit_price_uah) VALUES (402, 201, 'MITS-HE-2500', 8, 17991.55);
INSERT INTO invoice_lines (invoice_line_id, invoice_id, sku, quantity_sold, unit_price_uah) VALUES (403, 201, 'CARRIER-SM-9000', 2, 55239.77);
INSERT INTO invoice_lines (invoice_line_id, invoice_id, sku, quantity_sold, unit_price_uah) VALUES (404, 201, 'HW-BS-2500', 8, 14294.98);
INSERT INTO invoices (invoice_id, customer_id, invoice_date, total_amount) VALUES (201, 14, '2024-09-11', 368771.78);
INSERT INTO invoice_lines (invoice_line_id, invoice_id, sku, quantity_sold, unit_price_uah) VALUES (405, 202, 'MITS-HE-5000', 3, 31023.63);
INSERT INTO invoice_lines (invoice_line_id, invoice_id, sku, quantity_sold, unit_price_uah) VALUES (406, 202, 'CARRIER-HD-18K', 10, 76022.02);
INSERT INTO invoice_lines (invoice_line_id, invoice_id, sku, quantity_sold, unit_price_uah) VALUES (407, 202, 'CARRIER-CH-3000', 10, 19121.05);
INSERT INTO invoices (invoice_id, customer_id, invoice_date, total_amount) VALUES (202, 2, '2024-09-12', 1044501.59);
INSERT INTO invoice_lines (invoice_line_id, invoice_id, sku, quantity_sold, unit_price_uah) VALUES (408, 203, 'MITS-HE-5000', 10, 31044.29);
INSERT INTO invoice_lines (invoice_line_id, invoice_id, sku, quantity_sold, unit_price_uah) VALUES (409, 203, 'MITS-CM-1500', 3, 10073.23);
INSERT INTO invoice_lines (invoice_line_id, invoice_id, sku, quantity_sold, unit_price_uah) VALUES (410, 203, 'BOSCH-SM-8000', 8, 47729.38);
INSERT INTO invoices (invoice_id, customer_id, invoice_date, total_amount) VALUES (203, 10, '2024-09-12', 722497.63);
INSERT INTO invoice_lines (invoice_line_id, invoice_id, sku, quantity_sold, unit_price_uah) VALUES (411, 204, 'CARRIER-CH-4500', 10, 24619.46);
INSERT INTO invoice_lines (invoice_line_id, invoice_id, sku, quantity_sold, unit_price_uah) VALUES (412, 204, 'PG-TH-3000', 1, 15291.04);
INSERT INTO invoice_lines (invoice_line_id, invoice_id, sku, quantity_sold, unit_price_uah) VALUES (413, 204, 'CARRIER-CH-3000', 10, 19420.59);
INSERT INTO invoices (invoice_id, customer_id, invoice_date, total_amount) VALUES (204, 11, '2024-09-13', 455691.54);
INSERT INTO invoice_lines (invoice_line_id, invoice_id, sku, quantity_sold, unit_price_uah) VALUES (414, 205, 'BOSCH-SM-8000', 2, 49477.09);
INSERT INTO invoices (invoice_id, customer_id, invoice_date, total_amount) VALUES (205, 8, '2024-09-16', 98954.18);
INSERT INTO invoice_lines (invoice_line_id, invoice_id, sku, quantity_sold, unit_price_uah) VALUES (415, 206, 'PG-TH-3000', 3, 19023.64);
INSERT INTO invoices (invoice_id, customer_id, invoice_date, total_amount) VALUES (206, 15, '2024-09-17', 57070.92);
INSERT INTO invoice_lines (invoice_line_id, invoice_id, sku, quantity_sold, unit_price_uah) VALUES (416, 207, 'CARRIER-CH-3000', 10, 21882.48);
INSERT INTO invoices (invoice_id, customer_id, invoice_date, total_amount) VALUES (207, 3, '2024-09-17', 218824.80);
INSERT INTO invoice_lines (invoice_line_id, invoice_id, sku, quantity_sold, unit_price_uah) VALUES (417, 208, 'CARRIER-CH-6000', 3, 34599.79);
INSERT INTO invoice_lines (invoice_line_id, invoice_id, sku, quantity_sold, unit_price_uah) VALUES (418, 208, 'HW-BS-1500', 2, 6038.86);
INSERT INTO invoice_lines (invoice_line_id, invoice_id, sku, quantity_sold, unit_price_uah) VALUES (419, 208, 'HW-EC-3500', 10, 17519.11);
INSERT INTO invoices (invoice_id, customer_id, invoice_date, total_amount) VALUES (208, 15, '2024-09-18', 291068.19);
INSERT INTO invoice_lines (invoice_line_id, invoice_id, sku, quantity_sold, unit_price_uah) VALUES (420, 209, 'MITS-HE-5000', 8, 30059.39);
INSERT INTO invoice_lines (invoice_line_id, invoice_id, sku, quantity_sold, unit_price_uah) VALUES (421, 209, 'PG-TH-3000', 2, 17967.77);
INSERT INTO invoices (invoice_id, customer_id, invoice_date, total_amount) VALUES (209, 10, '2024-09-19', 276410.66);
INSERT INTO invoice_lines (invoice_line_id, invoice_id, sku, quantity_sold, unit_price_uah) VALUES (422, 210, 'HW-BS-1500', 5, 8027.01);
INSERT INTO invoices (invoice_id, customer_id, invoice_date, total_amount) VALUES (210, 4, '2024-09-20', 40135.05);
INSERT INTO invoice_lines (invoice_line_id, invoice_id, sku, quantity_sold, unit_price_uah) VALUES (423, 211, 'CARRIER-CH-4500', 8, 26798.50);
INSERT INTO invoices (invoice_id, customer_id, invoice_date, total_amount) VALUES (211, 8, '2024-09-20', 214388.00);
INSERT INTO invoice_lines (invoice_line_id, invoice_id, sku, quantity_sold, unit_price_uah) VALUES (424, 212, 'BOSCH-CM-1800', 2, 12706.11);
INSERT INTO invoices (invoice_id, customer_id, invoice_date, total_amount) VALUES (212, 15, '2024-09-23', 25412.22);
INSERT INTO invoice_lines (invoice_line_id, invoice_id, sku, quantity_sold, unit_price_uah) VALUES (425, 213, 'CARRIER-CH-3000', 3, 20469.50);
INSERT INTO invoices (invoice_id, customer_id, invoice_date, total_amount) VALUES (213, 13, '2024-09-23', 61408.50);
INSERT INTO invoice_lines (invoice_line_id, invoice_id, sku, quantity_sold, unit_price_uah) VALUES (426, 214, 'CARRIER-CH-3000', 2, 19588.64);
INSERT INTO invoice_lines (invoice_line_id, invoice_id, sku, quantity_sold, unit_price_uah) VALUES (427, 214, 'CARRIER-SM-9000', 1, 54143.24);
INSERT INTO invoices (invoice_id, customer_id, invoice_date, total_amount) VALUES (214, 9, '2024-09-25', 93320.52);
INSERT INTO invoice_lines (invoice_line_id, invoice_id, sku, quantity_sold, unit_price_uah) VALUES (428, 215, 'PG-TH-4000', 5, 22451.53);
INSERT INTO invoice_lines (invoice_line_id, invoice_id, sku, quantity_sold, unit_price_uah) VALUES (429, 215, 'BOSCH-IH-7500', 5, 39092.14);
INSERT INTO invoices (invoice_id, customer_id, invoice_date, total_amount) VALUES (215, 5, '2024-09-25', 307718.35);
INSERT INTO invoice_lines (invoice_line_id, invoice_id, sku, quantity_sold, unit_price_uah) VALUES (430, 216, 'CARRIER-CH-6000', 3, 38448.78);
INSERT INTO invoices (invoice_id, customer_id, invoice_date, total_amount) VALUES (216, 6, '2024-09-27', 115346.34);
INSERT INTO invoice_lines (invoice_line_id, invoice_id, sku, quantity_sold, unit_price_uah) VALUES (431, 217, 'PG-TH-3000', 8, 18497.52);
INSERT INTO invoices (invoice_id, customer_id, invoice_date, total_amount) VALUES (217, 14, '2024-09-27', 147980.16);
INSERT INTO invoice_lines (invoice_line_id, invoice_id, sku, quantity_sold, unit_price_uah) VALUES (432, 218, 'CARRIER-SM-9000', 5, 49516.02);
INSERT INTO invoices (invoice_id, customer_id, invoice_date, total_amount) VALUES (218, 4, '2024-09-29', 247580.10);
INSERT INTO invoice_lines (invoice_line_id, invoice_id, sku, quantity_sold, unit_price_uah) VALUES (433, 219, 'CARRIER-HP-12K', 10, 60783.05);
INSERT INTO invoice_lines (invoice_line_id, invoice_id, sku, quantity_sold, unit_price_uah) VALUES (434, 219, 'BOSCH-IP-15K', 3, 69384.20);
INSERT INTO invoice_lines (invoice_line_id, invoice_id, sku, quantity_sold, unit_price_uah) VALUES (435, 219, 'HW-EC-2000', 5, 10165.71);
INSERT INTO invoices (invoice_id, customer_id, invoice_date, total_amount) VALUES (219, 13, '2024-09-29', 866811.65);

INSERT INTO invoice_lines (invoice_line_id, invoice_id, sku, quantity_sold, unit_price_uah) VALUES (436, 220, 'MITS-HE-2500', 10, 16530.95);
INSERT INTO invoice_lines (invoice_line_id, invoice_id, sku, quantity_sold, unit_price_uah) VALUES (437, 220, 'MITS-EE-4000', 3, 28860.47);
INSERT INTO invoices (invoice_id, customer_id, invoice_date, total_amount) VALUES (220, 8, '2024-09-29', 251890.91);
INSERT INTO invoice_lines (invoice_line_id, invoice_id, sku, quantity_sold, unit_price_uah) VALUES (438, 221, 'BOSCH-SM-8000', 10, 52003.35);
INSERT INTO invoice_lines (invoice_line_id, invoice_id, sku, quantity_sold, unit_price_uah) VALUES (439, 221, 'BOSCH-HD-20K', 8, 89647.64);
INSERT INTO invoices (invoice_id, customer_id, invoice_date, total_amount) VALUES (221, 2, '2024-09-29', 1237214.62);
INSERT INTO invoice_lines (invoice_line_id, invoice_id, sku, quantity_sold, unit_price_uah) VALUES (440, 222, 'CARRIER-CH-3000', 1, 17292.35);
INSERT INTO invoices (invoice_id, customer_id, invoice_date, total_amount) VALUES (222, 10, '2024-09-30', 17292.35);
INSERT INTO invoice_lines (invoice_line_id, invoice_id, sku, quantity_sold, unit_price_uah) VALUES (441, 223, 'CARRIER-EE-3500', 1, 28544.86);
INSERT INTO invoices (invoice_id, customer_id, invoice_date, total_amount) VALUES (223, 9, '2024-10-02', 28544.86);
INSERT INTO invoice_lines (invoice_line_id, invoice_id, sku, quantity_sold, unit_price_uah) VALUES (442, 224, 'MITS-HE-5000', 3, 31645.55);
INSERT INTO invoice_lines (invoice_line_id, invoice_id, sku, quantity_sold, unit_price_uah) VALUES (443, 224, 'CARRIER-CH-6000', 10, 36787.47);
INSERT INTO invoices (invoice_id, customer_id, invoice_date, total_amount) VALUES (224, 14, '2024-10-03', 462811.35);
INSERT INTO invoice_lines (invoice_line_id, invoice_id, sku, quantity_sold, unit_price_uah) VALUES (444, 225, 'CARRIER-EE-3500', 10, 29458.05);
INSERT INTO invoices (invoice_id, customer_id, invoice_date, total_amount) VALUES (225, 6, '2024-10-03', 294580.50);
INSERT INTO invoice_lines (invoice_line_id, invoice_id, sku, quantity_sold, unit_price_uah) VALUES (445, 226, 'BOSCH-CM-1800', 2, 14749.66);
INSERT INTO invoice_lines (invoice_line_id, invoice_id, sku, quantity_sold, unit_price_uah) VALUES (446, 226, 'BOSCH-HD-20K', 5, 96693.73);
INSERT INTO invoices (invoice_id, customer_id, invoice_date, total_amount) VALUES (226, 8, '2024-10-05', 512967.97);
INSERT INTO invoice_lines (invoice_line_id, invoice_id, sku, quantity_sold, unit_price_uah) VALUES (447, 227, 'BOSCH-IH-5000', 3, 28961.16);
INSERT INTO invoices (invoice_id, customer_id, invoice_date, total_amount) VALUES (227, 15, '2024-10-06', 86883.48);
INSERT INTO invoice_lines (invoice_line_id, invoice_id, sku, quantity_sold, unit_price_uah) VALUES (448, 228, 'CARRIER-EE-3500', 1, 29169.84);
INSERT INTO invoice_lines (invoice_line_id, invoice_id, sku, quantity_sold, unit_price_uah) VALUES (449, 228, 'BOSCH-SM-8000', 3, 46100.34);
INSERT INTO invoices (invoice_id, customer_id, invoice_date, total_amount) VALUES (228, 2, '2024-10-06', 167470.86);
INSERT INTO invoice_lines (invoice_line_id, invoice_id, sku, quantity_sold, unit_price_uah) VALUES (450, 229, 'HW-EC-2000', 1, 8869.95);
INSERT INTO invoice_lines (invoice_line_id, invoice_id, sku, quantity_sold, unit_price_uah) VALUES (451, 229, 'HW-BS-2500', 3, 12226.31);
INSERT INTO invoice_lines (invoice_line_id, invoice_id, sku, quantity_sold, unit_price_uah) VALUES (452, 229, 'BOSCH-IP-15K', 10, 72157.64);
INSERT INTO invoices (invoice_id, customer_id, invoice_date, total_amount) VALUES (229, 4, '2024-10-11', 767125.28);
INSERT INTO invoice_lines (invoice_line_id, invoice_id, sku, quantity_sold, unit_price_uah) VALUES (453, 230, 'MITS-SM-7000', 2, 41210.86);
INSERT INTO invoice_lines (invoice_line_id, invoice_id, sku, quantity_sold, unit_price_uah) VALUES (454, 230, 'HW-BS-2500', 8, 12343.29);
INSERT INTO invoices (invoice_id, customer_id, invoice_date, total_amount) VALUES (230, 7, '2024-10-13', 181168.04);
INSERT INTO invoice_lines (invoice_line_id, invoice_id, sku, quantity_sold, unit_price_uah) VALUES (455, 231, 'MITS-EE-4000', 5, 30121.92);
INSERT INTO invoices (invoice_id, customer_id, invoice_date, total_amount) VALUES (231, 15, '2024-10-14', 150609.60);
INSERT INTO invoice_lines (invoice_line_id, invoice_id, sku, quantity_sold, unit_price_uah) VALUES (456, 232, 'HW-BS-2500', 1, 12877.33);
INSERT INTO invoice_lines (invoice_line_id, invoice_id, sku, quantity_sold, unit_price_uah) VALUES (457, 232, 'MITS-CM-1500', 5, 12690.86);
INSERT INTO invoice_lines (invoice_line_id, invoice_id, sku, quantity_sold, unit_price_uah) VALUES (458, 232, 'MITS-SM-7000', 8, 40120.03);
INSERT INTO invoices (invoice_id, customer_id, invoice_date, total_amount) VALUES (232, 3, '2024-10-14', 397291.87);
INSERT INTO invoice_lines (invoice_line_id, invoice_id, sku, quantity_sold, unit_price_uah) VALUES (459, 233, 'CARRIER-HP-12K', 8, 66540.08);
INSERT INTO invoices (invoice_id, customer_id, invoice_date, total_amount) VALUES (233, 4, '2024-10-15', 532320.64);
INSERT INTO invoice_lines (invoice_line_id, invoice_id, sku, quantity_sold, unit_price_uah) VALUES (460, 234, 'BOSCH-IH-7500', 8, 36842.05);
INSERT INTO invoice_lines (invoice_line_id, invoice_id, sku, quantity_sold, unit_price_uah) VALUES (461, 234, 'CARRIER-HD-18K', 3, 87377.23);
INSERT INTO invoices (invoice_id, customer_id, invoice_date, total_amount) VALUES (234, 10, '2024-10-20', 556868.09);
INSERT INTO invoice_lines (invoice_line_id, invoice_id, sku, quantity_sold, unit_price_uah) VALUES (462, 235, 'MITS-EE-4000', 3, 30296.59);
INSERT INTO invoice_lines (invoice_line_id, invoice_id, sku, quantity_sold, unit_price_uah) VALUES (463, 235, 'CARRIER-CH-6000', 10, 32343.13);
INSERT INTO invoices (invoice_id, customer_id, invoice_date, total_amount) VALUES (235, 6, '2024-10-21', 414321.07);
INSERT INTO invoice_lines (invoice_line_id, invoice_id, sku, quantity_sold, unit_price_uah) VALUES (464, 236, 'CARRIER-HD-18K', 1, 76897.71);
INSERT INTO invoices (invoice_id, customer_id, invoice_date, total_amount) VALUES (236, 2, '2024-10-22', 76897.71);
INSERT INTO invoice_lines (invoice_line_id, invoice_id, sku, quantity_sold, unit_price_uah) VALUES (465, 237, 'CARRIER-HP-12K', 3, 62475.54);
INSERT INTO invoice_lines (invoice_line_id, invoice_id, sku, quantity_sold, unit_price_uah) VALUES (466, 237, 'CARRIER-EE-3500', 3, 27121.48);
INSERT INTO invoice_lines (invoice_line_id, invoice_id, sku, quantity_sold, unit_price_uah) VALUES (467, 237, 'BOSCH-IH-7500', 2, 40786.44);
INSERT INTO invoices (invoice_id, customer_id, invoice_date, total_amount) VALUES (237, 5, '2024-10-22', 350363.94);
INSERT INTO invoice_lines (invoice_line_id, invoice_id, sku, quantity_sold, unit_price_uah) VALUES (468, 238, 'BOSCH-IH-10K', 5, 54019.96);
INSERT INTO invoice_lines (invoice_line_id, invoice_id, sku, quantity_sold, unit_price_uah) VALUES (469, 238, 'CARRIER-CH-3000', 1, 21847.37);
INSERT INTO invoice_lines (invoice_line_id, invoice_id, sku, quantity_sold, unit_price_uah) VALUES (470, 238, 'MITS-SM-7000', 2, 40861.00);
INSERT INTO invoices (invoice_id, customer_id, invoice_date, total_amount) VALUES (238, 15, '2024-10-24', 373669.17);
INSERT INTO invoice_lines (invoice_line_id, invoice_id, sku, quantity_sold, unit_price_uah) VALUES (471, 239, 'MITS-EE-4000', 5, 28855.15);
INSERT INTO invoices (invoice_id, customer_id, invoice_date, total_amount) VALUES (239, 11, '2024-10-24', 144275.75);

INSERT INTO invoice_lines (invoice_line_id, invoice_id, sku, quantity_sold, unit_price_uah) VALUES (472, 240, 'HW-BS-2500', 8, 11681.12);
INSERT INTO invoices (invoice_id, customer_id, invoice_date, total_amount) VALUES (240, 14, '2024-10-24', 93448.96);
INSERT INTO invoice_lines (invoice_line_id, invoice_id, sku, quantity_sold, unit_price_uah) VALUES (473, 241, 'MITS-EE-4000', 10, 27350.28);
INSERT INTO invoice_lines (invoice_line_id, invoice_id, sku, quantity_sold, unit_price_uah) VALUES (474, 241, 'CARRIER-EE-3500', 5, 27635.34);
INSERT INTO invoices (invoice_id, customer_id, invoice_date, total_amount) VALUES (241, 14, '2024-10-24', 411679.50);
INSERT INTO invoice_lines (invoice_line_id, invoice_id, sku, quantity_sold, unit_price_uah) VALUES (475, 242, 'MITS-HE-8000', 8, 47936.36);
INSERT INTO invoice_lines (invoice_line_id, invoice_id, sku, quantity_sold, unit_price_uah) VALUES (476, 242, 'PG-TH-4000', 10, 23377.25);
INSERT INTO invoice_lines (invoice_line_id, invoice_id, sku, quantity_sold, unit_price_uah) VALUES (477, 242, 'CARRIER-CH-4500', 5, 24696.71);
INSERT INTO invoices (invoice_id, customer_id, invoice_date, total_amount) VALUES (242, 1, '2024-10-26', 740746.93);
INSERT INTO invoice_lines (invoice_line_id, invoice_id, sku, quantity_sold, unit_price_uah) VALUES (478, 243, 'HW-EC-3500', 1, 16350.36);
INSERT INTO invoice_lines (invoice_line_id, invoice_id, sku, quantity_sold, unit_price_uah) VALUES (479, 243, 'MITS-HE-5000', 2, 33901.62);
INSERT INTO invoice_lines (invoice_line_id, invoice_id, sku, quantity_sold, unit_price_uah) VALUES (480, 243, 'MITS-CM-1500', 2, 12387.83);
INSERT INTO invoices (invoice_id, customer_id, invoice_date, total_amount) VALUES (243, 5, '2024-10-28', 108929.26);
INSERT INTO invoice_lines (invoice_line_id, invoice_id, sku, quantity_sold, unit_price_uah) VALUES (481, 244, 'HW-EC-5000', 8, 21828.88);
INSERT INTO invoice_lines (invoice_line_id, invoice_id, sku, quantity_sold, unit_price_uah) VALUES (482, 244, 'MITS-HE-8000', 2, 42460.75);
INSERT INTO invoice_lines (invoice_line_id, invoice_id, sku, quantity_sold, unit_price_uah) VALUES (483, 244, 'BOSCH-IH-10K', 2, 50218.06);
INSERT INTO invoices (invoice_id, customer_id, invoice_date, total_amount) VALUES (244, 12, '2024-10-29', 359988.66);
INSERT INTO invoice_lines (invoice_line_id, invoice_id, sku, quantity_sold, unit_price_uah) VALUES (484, 245, 'HW-EC-5000', 5, 21045.83);
INSERT INTO invoices (invoice_id, customer_id, invoice_date, total_amount) VALUES (245, 7, '2024-11-01', 105229.15);
INSERT INTO invoice_lines (invoice_line_id, invoice_id, sku, quantity_sold, unit_price_uah) VALUES (485, 246, 'BOSCH-CM-1800', 3, 14923.91);
INSERT INTO invoices (invoice_id, customer_id, invoice_date, total_amount) VALUES (246, 6, '2024-11-02', 44771.73);
INSERT INTO invoice_lines (invoice_line_id, invoice_id, sku, quantity_sold, unit_price_uah) VALUES (486, 247, 'BOSCH-SM-8000', 10, 47320.07);
INSERT INTO invoices (invoice_id, customer_id, invoice_date, total_amount) VALUES (247, 13, '2024-11-03', 473200.70);
INSERT INTO invoice_lines (invoice_line_id, invoice_id, sku, quantity_sold, unit_price_uah) VALUES (487, 248, 'HW-BS-1500', 8, 6437.97);
INSERT INTO invoice_lines (invoice_line_id, invoice_id, sku, quantity_sold, unit_price_uah) VALUES (488, 248, 'CARRIER-CH-4500', 8, 24636.19);
INSERT INTO invoices (invoice_id, customer_id, invoice_date, total_amount) VALUES (248, 12, '2024-11-03', 248593.28);
INSERT INTO invoice_lines (invoice_line_id, invoice_id, sku, quantity_sold, unit_price_uah) VALUES (489, 249, 'BOSCH-IH-10K', 8, 50771.49);
INSERT INTO invoices (invoice_id, customer_id, invoice_date, total_amount) VALUES (249, 11, '2024-11-03', 406171.92);
INSERT INTO invoice_lines (invoice_line_id, invoice_id, sku, quantity_sold, unit_price_uah) VALUES (490, 250, 'MITS-HE-2500', 8, 17757.03);
INSERT INTO invoices (invoice_id, customer_id, invoice_date, total_amount) VALUES (250, 10, '2024-11-04', 142056.24);
INSERT INTO invoice_lines (invoice_line_id, invoice_id, sku, quantity_sold, unit_price_uah) VALUES (491, 251, 'MITS-HE-5000', 8, 27939.49);
INSERT INTO invoice_lines (invoice_line_id, invoice_id, sku, quantity_sold, unit_price_uah) VALUES (492, 251, 'HW-EC-3500', 2, 17044.35);
INSERT INTO invoice_lines (invoice_line_id, invoice_id, sku, quantity_sold, unit_price_uah) VALUES (493, 251, 'HW-BS-1500', 5, 7820.29);
INSERT INTO invoices (invoice_id, customer_id, invoice_date, total_amount) VALUES (251, 1, '2024-11-04', 296706.07);
INSERT INTO invoice_lines (invoice_line_id, invoice_id, sku, quantity_sold, unit_price_uah) VALUES (494, 252, 'CARRIER-EE-3500', 2, 27402.19);
INSERT INTO invoice_lines (invoice_line_id, invoice_id, sku, quantity_sold, unit_price_uah) VALUES (495, 252, 'CARRIER-SM-9000', 3, 52791.00);
INSERT INTO invoices (invoice_id, customer_id, invoice_date, total_amount) VALUES (252, 8, '2024-11-05', 213177.38);
INSERT INTO invoice_lines (invoice_line_id, invoice_id, sku, quantity_sold, unit_price_uah) VALUES (496, 253, 'HW-EC-3500', 3, 17018.80);
INSERT INTO invoice_lines (invoice_line_id, invoice_id, sku, quantity_sold, unit_price_uah) VALUES (497, 253, 'PG-TH-4000', 8, 22609.88);
INSERT INTO invoice_lines (invoice_line_id, invoice_id, sku, quantity_sold, unit_price_uah) VALUES (498, 253, 'MITS-SM-7000', 5, 42392.65);
INSERT INTO invoices (invoice_id, customer_id, invoice_date, total_amount) VALUES (253, 11, '2024-11-06', 443898.69);
INSERT INTO invoice_lines (invoice_line_id, invoice_id, sku, quantity_sold, unit_price_uah) VALUES (499, 254, 'MITS-EE-4000', 8, 33044.24);
INSERT INTO invoice_lines (invoice_line_id, invoice_id, sku, quantity_sold, unit_price_uah) VALUES (500, 254, 'BOSCH-SM-8000', 5, 47054.81);
INSERT INTO invoice_lines (invoice_line_id, invoice_id, sku, quantity_sold, unit_price_uah) VALUES (501, 254, 'PG-TH-4000', 2, 22636.68);
INSERT INTO invoices (invoice_id, customer_id, invoice_date, total_amount) VALUES (254, 2, '2024-11-06', 544901.33);
INSERT INTO invoice_lines (invoice_line_id, invoice_id, sku, quantity_sold, unit_price_uah) VALUES (502, 255, 'PG-ST-2000', 3, 12374.33);
INSERT INTO invoice_lines (invoice_line_id, invoice_id, sku, quantity_sold, unit_price_uah) VALUES (503, 255, 'HW-BS-2500', 5, 11369.21);
INSERT INTO invoices (invoice_id, customer_id, invoice_date, total_amount) VALUES (255, 8, '2024-11-08', 93969.04);
INSERT INTO invoice_lines (invoice_line_id, invoice_id, sku, quantity_sold, unit_price_uah) VALUES (504, 256, 'BOSCH-SM-8000', 1, 49606.57);
INSERT INTO invoice_lines (invoice_line_id, invoice_id, sku, quantity_sold, unit_price_uah) VALUES (505, 256, 'PG-TH-3000', 8, 16038.58);
INSERT INTO invoices (invoice_id, customer_id, invoice_date, total_amount) VALUES (256, 6, '2024-11-11', 177915.21);
INSERT INTO invoice_lines (invoice_line_id, invoice_id, sku, quantity_sold, unit_price_uah) VALUES (506, 257, 'CARRIER-SM-9000', 10, 47396.28);
INSERT INTO invoice_lines (invoice_line_id, invoice_id, sku, quantity_sold, unit_price_uah) VALUES (507, 257, 'PG-TH-4000', 8, 23179.03);
INSERT INTO invoices (invoice_id, customer_id, invoice_date, total_amount) VALUES (257, 8, '2024-11-12', 659395.04);
INSERT INTO invoice_lines (invoice_line_id, invoice_id, sku, quantity_sold, unit_price_uah) VALUES (508, 258, 'CARRIER-EE-3500', 1, 26437.95);
INSERT INTO invoices (invoice_id, customer_id, invoice_date, total_amount) VALUES (258, 14, '2024-11-12', 26437.95);
INSERT INTO invoice_lines (invoice_line_id, invoice_id, sku, quantity_sold, unit_price_uah) VALUES (509, 259, 'MITS-EE-4000', 10, 32344.84);
INSERT INTO invoice_lines (invoice_line_id, invoice_id, sku, quantity_sold, unit_price_uah) VALUES (510, 259, 'HW-BS-2500', 5, 11293.30);
INSERT INTO invoice_lines (invoice_line_id, invoice_id, sku, quantity_sold, unit_price_uah) VALUES (511, 259, 'MITS-CM-1500', 1, 12186.80);
INSERT INTO invoices (invoice_id, customer_id, invoice_date, total_amount) VALUES (259, 5, '2024-11-12', 392101.70);

INSERT INTO invoice_lines (invoice_line_id, invoice_id, sku, quantity_sold, unit_price_uah) VALUES (512, 260, 'CARRIER-EE-3500', 1, 27429.47);
INSERT INTO invoice_lines (invoice_line_id, invoice_id, sku, quantity_sold, unit_price_uah) VALUES (513, 260, 'MITS-CM-1500', 8, 12901.91);
INSERT INTO invoice_lines (invoice_line_id, invoice_id, sku, quantity_sold, unit_price_uah) VALUES (514, 260, 'HW-EC-5000', 5, 23153.14);
INSERT INTO invoices (invoice_id, customer_id, invoice_date, total_amount) VALUES (260, 6, '2024-11-16', 246410.45);
INSERT INTO invoice_lines (invoice_line_id, invoice_id, sku, quantity_sold, unit_price_uah) VALUES (515, 261, 'BOSCH-CM-1800', 10, 14863.29);
INSERT INTO invoice_lines (invoice_line_id, invoice_id, sku, quantity_sold, unit_price_uah) VALUES (516, 261, 'CARRIER-HP-12K', 3, 63888.24);
INSERT INTO invoice_lines (invoice_line_id, invoice_id, sku, quantity_sold, unit_price_uah) VALUES (517, 261, 'CARRIER-EE-3500', 3, 29043.96);
INSERT INTO invoices (invoice_id, customer_id, invoice_date, total_amount) VALUES (261, 2, '2024-11-17', 427429.50);
INSERT INTO invoice_lines (invoice_line_id, invoice_id, sku, quantity_sold, unit_price_uah) VALUES (518, 262, 'HW-EC-2000', 8, 9123.04);
INSERT INTO invoices (invoice_id, customer_id, invoice_date, total_amount) VALUES (262, 7, '2024-11-17', 72984.32);
INSERT INTO invoice_lines (invoice_line_id, invoice_id, sku, quantity_sold, unit_price_uah) VALUES (519, 263, 'MITS-HE-2500', 3, 17680.17);
INSERT INTO invoice_lines (invoice_line_id, invoice_id, sku, quantity_sold, unit_price_uah) VALUES (520, 263, 'HW-EC-2000', 3, 9709.89);
INSERT INTO invoice_lines (invoice_line_id, invoice_id, sku, quantity_sold, unit_price_uah) VALUES (521, 263, 'CARRIER-SM-9000', 1, 49679.97);
INSERT INTO invoices (invoice_id, customer_id, invoice_date, total_amount) VALUES (263, 13, '2024-11-19', 131850.15);
INSERT INTO invoice_lines (invoice_line_id, invoice_id, sku, quantity_sold, unit_price_uah) VALUES (522, 264, 'BOSCH-IH-5000', 8, 23879.41);
INSERT INTO invoice_lines (invoice_line_id, invoice_id, sku, quantity_sold, unit_price_uah) VALUES (523, 264, 'HW-EC-3500', 2, 15738.24);
INSERT INTO invoice_lines (invoice_line_id, invoice_id, sku, quantity_sold, unit_price_uah) VALUES (524, 264, 'BOSCH-CM-1800', 5, 14450.99);
INSERT INTO invoices (invoice_id, customer_id, invoice_date, total_amount) VALUES (264, 5, '2024-11-19', 294766.71);
INSERT INTO invoice_lines (invoice_line_id, invoice_id, sku, quantity_sold, unit_price_uah) VALUES (525, 265, 'CARRIER-HD-18K', 3, 82927.48);
INSERT INTO invoice_lines (invoice_line_id, invoice_id, sku, quantity_sold, unit_price_uah) VALUES (526, 265, 'BOSCH-IH-7500', 3, 39730.35);
INSERT INTO invoices (invoice_id, customer_id, invoice_date, total_amount) VALUES (265, 7, '2024-11-24', 367973.49);
INSERT INTO invoice_lines (invoice_line_id, invoice_id, sku, quantity_sold, unit_price_uah) VALUES (527, 266, 'CARRIER-HP-12K', 1, 59851.98);
INSERT INTO invoices (invoice_id, customer_id, invoice_date, total_amount) VALUES (266, 9, '2024-11-24', 59851.98);
INSERT INTO invoice_lines (invoice_line_id, invoice_id, sku, quantity_sold, unit_price_uah) VALUES (528, 267, 'HW-BS-2500', 5, 12851.13);
INSERT INTO invoice_lines (invoice_line_id, invoice_id, sku, quantity_sold, unit_price_uah) VALUES (529, 267, 'BOSCH-SM-8000', 8, 47316.20);
INSERT INTO invoice_lines (invoice_line_id, invoice_id, sku, quantity_sold, unit_price_uah) VALUES (530, 267, 'BOSCH-IP-15K', 2, 76320.80);
INSERT INTO invoices (invoice_id, customer_id, invoice_date, total_amount) VALUES (267, 2, '2024-11-27', 595426.85);
INSERT INTO invoice_lines (invoice_line_id, invoice_id, sku, quantity_sold, unit_price_uah) VALUES (531, 268, 'PG-TH-3000', 3, 18507.78);
INSERT INTO invoice_lines (invoice_line_id, invoice_id, sku, quantity_sold, unit_price_uah) VALUES (532, 268, 'BOSCH-HD-20K', 2, 88492.27);
INSERT INTO invoices (invoice_id, customer_id, invoice_date, total_amount) VALUES (268, 15, '2024-11-27', 232507.88);
INSERT INTO invoice_lines (invoice_line_id, invoice_id, sku, quantity_sold, unit_price_uah) VALUES (533, 269, 'CARRIER-CH-3000', 10, 18546.48);
INSERT INTO invoice_lines (invoice_line_id, invoice_id, sku, quantity_sold, unit_price_uah) VALUES (534, 269, 'MITS-CM-1500', 1, 11648.80);
INSERT INTO invoices (invoice_id, customer_id, invoice_date, total_amount) VALUES (269, 14, '2024-11-28', 197113.60);
INSERT INTO invoice_lines (invoice_line_id, invoice_id, sku, quantity_sold, unit_price_uah) VALUES (535, 270, 'PG-ST-2000', 10, 13053.74);
INSERT INTO invoice_lines (invoice_line_id, invoice_id, sku, quantity_sold, unit_price_uah) VALUES (536, 270, 'CARRIER-CH-4500', 5, 27352.09);
INSERT INTO invoice_lines (invoice_line_id, invoice_id, sku, quantity_sold, unit_price_uah) VALUES (537, 270, 'HW-EC-5000', 10, 20722.76);
INSERT INTO invoices (invoice_id, customer_id, invoice_date, total_amount) VALUES (270, 7, '2024-11-28', 474525.45);
INSERT INTO invoice_lines (invoice_line_id, invoice_id, sku, quantity_sold, unit_price_uah) VALUES (538, 271, 'HW-BS-1500', 1, 7429.89);
INSERT INTO invoices (invoice_id, customer_id, invoice_date, total_amount) VALUES (271, 6, '2024-11-28', 7429.89);
INSERT INTO invoice_lines (invoice_line_id, invoice_id, sku, quantity_sold, unit_price_uah) VALUES (539, 272, 'BOSCH-IH-7500', 8, 35670.46);
INSERT INTO invoice_lines (invoice_line_id, invoice_id, sku, quantity_sold, unit_price_uah) VALUES (540, 272, 'CARRIER-HP-12K', 5, 64231.38);
INSERT INTO invoice_lines (invoice_line_id, invoice_id, sku, quantity_sold, unit_price_uah) VALUES (541, 272, 'CARRIER-SM-9000', 1, 50578.23);
INSERT INTO invoices (invoice_id, customer_id, invoice_date, total_amount) VALUES (272, 3, '2024-11-29', 657098.81);
INSERT INTO invoice_lines (invoice_line_id, invoice_id, sku, quantity_sold, unit_price_uah) VALUES (542, 273, 'BOSCH-IP-15K', 2, 74904.82);
INSERT INTO invoices (invoice_id, customer_id, invoice_date, total_amount) VALUES (273, 9, '2024-12-02', 149809.64);
INSERT INTO invoice_lines (invoice_line_id, invoice_id, sku, quantity_sold, unit_price_uah) VALUES (543, 274, 'MITS-HE-8000', 3, 46144.56);
INSERT INTO invoice_lines (invoice_line_id, invoice_id, sku, quantity_sold, unit_price_uah) VALUES (544, 274, 'CARRIER-HD-18K', 3, 82508.54);
INSERT INTO invoices (invoice_id, customer_id, invoice_date, total_amount) VALUES (274, 14, '2024-12-02', 385959.30);
INSERT INTO invoice_lines (invoice_line_id, invoice_id, sku, quantity_sold, unit_price_uah) VALUES (545, 275, 'BOSCH-IP-15K', 1, 71263.55);
INSERT INTO invoice_lines (invoice_line_id, invoice_id, sku, quantity_sold, unit_price_uah) VALUES (546, 275, 'HW-EC-2000', 10, 7929.41);
INSERT INTO invoice_lines (invoice_line_id, invoice_id, sku, quantity_sold, unit_price_uah) VALUES (547, 275, 'MITS-EE-4000', 8, 29339.33);
INSERT INTO invoices (invoice_id, customer_id, invoice_date, total_amount) VALUES (275, 4, '2024-12-02', 385272.29);
INSERT INTO invoice_lines (invoice_line_id, invoice_id, sku, quantity_sold, unit_price_uah) VALUES (548, 276, 'PG-TH-4000', 3, 24347.02);
INSERT INTO invoice_lines (invoice_line_id, invoice_id, sku, quantity_sold, unit_price_uah) VALUES (549, 276, 'MITS-EE-4000', 8, 27960.54);
INSERT INTO invoices (invoice_id, customer_id, invoice_date, total_amount) VALUES (276, 2, '2024-12-04', 296725.38);
INSERT INTO invoice_lines (invoice_line_id, invoice_id, sku, quantity_sold, unit_price_uah) VALUES (550, 277, 'BOSCH-IP-15K', 10, 69701.53);
INSERT INTO invoice_lines (invoice_line_id, invoice_id, sku, quantity_sold, unit_price_uah) VALUES (551, 277, 'PG-TH-3000', 3, 18373.00);
INSERT INTO invoice_lines (invoice_line_id, invoice_id, sku, quantity_sold, unit_price_uah) VALUES (552, 277, 'HW-BS-1500', 5, 7337.71);
INSERT INTO invoices (invoice_id, customer_id, invoice_date, total_amount) VALUES (277, 3, '2024-12-05', 788822.85);
INSERT INTO invoice_lines (invoice_line_id, invoice_id, sku, quantity_sold, unit_price_uah) VALUES (553, 278, 'CARRIER-HP-12K', 8, 63375.40);
INSERT INTO invoice_lines (invoice_line_id, invoice_id, sku, quantity_sold, unit_price_uah) VALUES (554, 278, 'BOSCH-SM-8000', 8, 51151.29);
INSERT INTO invoice_lines (invoice_line_id, invoice_id, sku, quantity_sold, unit_price_uah) VALUES (555, 278, 'MITS-CM-1500', 5, 11707.10);
INSERT INTO invoices (invoice_id, customer_id, invoice_date, total_amount) VALUES (278, 7, '2024-12-06', 974749.02);
INSERT INTO invoice_lines (invoice_line_id, invoice_id, sku, quantity_sold, unit_price_uah) VALUES (556, 279, 'HW-EC-5000', 10, 25532.22);
INSERT INTO invoices (invoice_id, customer_id, invoice_date, total_amount) VALUES (279, 2, '2024-12-06', 255322.20);

INSERT INTO invoice_lines (invoice_line_id, invoice_id, sku, quantity_sold, unit_price_uah) VALUES (557, 280, 'BOSCH-IH-7500', 2, 39687.16);
INSERT INTO invoices (invoice_id, customer_id, invoice_date, total_amount) VALUES (280, 15, '2024-12-06', 79374.32);
INSERT INTO invoice_lines (invoice_line_id, invoice_id, sku, quantity_sold, unit_price_uah) VALUES (558, 281, 'CARRIER-HP-12K', 3, 59994.71);
INSERT INTO invoice_lines (invoice_line_id, invoice_id, sku, quantity_sold, unit_price_uah) VALUES (559, 281, 'BOSCH-HD-20K', 8, 95520.53);
INSERT INTO invoice_lines (invoice_line_id, invoice_id, sku, quantity_sold, unit_price_uah) VALUES (560, 281, 'BOSCH-IH-7500', 5, 39517.77);
INSERT INTO invoices (invoice_id, customer_id, invoice_date, total_amount) VALUES (281, 7, '2024-12-08', 1141737.22);
INSERT INTO invoice_lines (invoice_line_id, invoice_id, sku, quantity_sold, unit_price_uah) VALUES (561, 282, 'CARRIER-SM-9000', 1, 54265.99);
INSERT INTO invoices (invoice_id, customer_id, invoice_date, total_amount) VALUES (282, 10, '2024-12-09', 54265.99);
INSERT INTO invoice_lines (invoice_line_id, invoice_id, sku, quantity_sold, unit_price_uah) VALUES (562, 283, 'BOSCH-IH-7500', 1, 39955.60);
INSERT INTO invoices (invoice_id, customer_id, invoice_date, total_amount) VALUES (283, 8, '2024-12-10', 39955.60);
INSERT INTO invoice_lines (invoice_line_id, invoice_id, sku, quantity_sold, unit_price_uah) VALUES (563, 284, 'PG-TH-3000', 1, 16609.69);
INSERT INTO invoice_lines (invoice_line_id, invoice_id, sku, quantity_sold, unit_price_uah) VALUES (564, 284, 'MITS-HE-8000', 10, 42975.35);
INSERT INTO invoices (invoice_id, customer_id, invoice_date, total_amount) VALUES (284, 15, '2024-12-10', 446363.19);
INSERT INTO invoice_lines (invoice_line_id, invoice_id, sku, quantity_sold, unit_price_uah) VALUES (565, 285, 'CARRIER-SM-9000', 2, 47747.56);
INSERT INTO invoice_lines (invoice_line_id, invoice_id, sku, quantity_sold, unit_price_uah) VALUES (566, 285, 'BOSCH-IH-7500', 3, 36556.24);
INSERT INTO invoice_lines (invoice_line_id, invoice_id, sku, quantity_sold, unit_price_uah) VALUES (567, 285, 'CARRIER-HP-12K', 1, 60527.24);
INSERT INTO invoices (invoice_id, customer_id, invoice_date, total_amount) VALUES (285, 14, '2024-12-13', 265691.08);
INSERT INTO invoice_lines (invoice_line_id, invoice_id, sku, quantity_sold, unit_price_uah) VALUES (568, 286, 'BOSCH-IH-10K', 2, 52541.60);
INSERT INTO invoice_lines (invoice_line_id, invoice_id, sku, quantity_sold, unit_price_uah) VALUES (569, 286, 'MITS-SM-7000', 3, 42762.91);
INSERT INTO invoices (invoice_id, customer_id, invoice_date, total_amount) VALUES (286, 1, '2024-12-15', 233371.93);
INSERT INTO invoice_lines (invoice_line_id, invoice_id, sku, quantity_sold, unit_price_uah) VALUES (570, 287, 'HW-EC-2000', 8, 10398.37);
INSERT INTO invoice_lines (invoice_line_id, invoice_id, sku, quantity_sold, unit_price_uah) VALUES (571, 287, 'CARRIER-CH-4500', 1, 25574.56);
INSERT INTO invoice_lines (invoice_line_id, invoice_id, sku, quantity_sold, unit_price_uah) VALUES (572, 287, 'BOSCH-IH-5000', 10, 26107.04);
INSERT INTO invoices (invoice_id, customer_id, invoice_date, total_amount) VALUES (287, 1, '2024-12-19', 369831.92);
INSERT INTO invoice_lines (invoice_line_id, invoice_id, sku, quantity_sold, unit_price_uah) VALUES (573, 288, 'CARRIER-HD-18K', 8, 77307.89);
INSERT INTO invoice_lines (invoice_line_id, invoice_id, sku, quantity_sold, unit_price_uah) VALUES (574, 288, 'PG-TH-4000', 2, 26427.65);
INSERT INTO invoice_lines (invoice_line_id, invoice_id, sku, quantity_sold, unit_price_uah) VALUES (575, 288, 'MITS-CM-1500', 10, 12387.98);
INSERT INTO invoices (invoice_id, customer_id, invoice_date, total_amount) VALUES (288, 5, '2024-12-21', 795198.22);
INSERT INTO invoice_lines (invoice_line_id, invoice_id, sku, quantity_sold, unit_price_uah) VALUES (576, 289, 'HW-EC-5000', 5, 21837.16);
INSERT INTO invoices (invoice_id, customer_id, invoice_date, total_amount) VALUES (289, 8, '2024-12-21', 109185.80);
INSERT INTO invoice_lines (invoice_line_id, invoice_id, sku, quantity_sold, unit_price_uah) VALUES (577, 290, 'MITS-HE-5000', 8, 32826.82);
INSERT INTO invoices (invoice_id, customer_id, invoice_date, total_amount) VALUES (290, 12, '2024-12-24', 262614.56);
INSERT INTO invoice_lines (invoice_line_id, invoice_id, sku, quantity_sold, unit_price_uah) VALUES (578, 291, 'CARRIER-SM-9000', 5, 51596.19);
INSERT INTO invoice_lines (invoice_line_id, invoice_id, sku, quantity_sold, unit_price_uah) VALUES (579, 291, 'BOSCH-CM-1800', 3, 13383.75);
INSERT INTO invoice_lines (invoice_line_id, invoice_id, sku, quantity_sold, unit_price_uah) VALUES (580, 291, 'HW-EC-5000', 8, 22096.27);
INSERT INTO invoices (invoice_id, customer_id, invoice_date, total_amount) VALUES (291, 8, '2024-12-24', 474902.36);
INSERT INTO invoice_lines (invoice_line_id, invoice_id, sku, quantity_sold, unit_price_uah) VALUES (581, 292, 'CARRIER-CH-3000', 1, 20842.63);
INSERT INTO invoice_lines (invoice_line_id, invoice_id, sku, quantity_sold, unit_price_uah) VALUES (582, 292, 'HW-EC-5000', 8, 20598.07);
INSERT INTO invoice_lines (invoice_line_id, invoice_id, sku, quantity_sold, unit_price_uah) VALUES (583, 292, 'CARRIER-CH-6000', 5, 37265.27);
INSERT INTO invoices (invoice_id, customer_id, invoice_date, total_amount) VALUES (292, 11, '2024-12-25', 371953.54);
INSERT INTO invoice_lines (invoice_line_id, invoice_id, sku, quantity_sold, unit_price_uah) VALUES (584, 293, 'MITS-HE-2500', 8, 15408.21);
INSERT INTO invoices (invoice_id, customer_id, invoice_date, total_amount) VALUES (293, 8, '2024-12-26', 123265.68);
INSERT INTO invoice_lines (invoice_line_id, invoice_id, sku, quantity_sold, unit_price_uah) VALUES (585, 294, 'CARRIER-HD-18K', 8, 80674.65);
INSERT INTO invoices (invoice_id, customer_id, invoice_date, total_amount) VALUES (294, 8, '2024-12-26', 645397.20);
INSERT INTO invoice_lines (invoice_line_id, invoice_id, sku, quantity_sold, unit_price_uah) VALUES (586, 295, 'BOSCH-CM-1800', 5, 15553.91);
INSERT INTO invoices (invoice_id, customer_id, invoice_date, total_amount) VALUES (295, 2, '2024-12-26', 77769.55);
INSERT INTO invoice_lines (invoice_line_id, invoice_id, sku, quantity_sold, unit_price_uah) VALUES (587, 296, 'HW-EC-3500', 10, 17923.12);
INSERT INTO invoice_lines (invoice_line_id, invoice_id, sku, quantity_sold, unit_price_uah) VALUES (588, 296, 'CARRIER-HP-12K', 2, 63959.00);
INSERT INTO invoice_lines (invoice_line_id, invoice_id, sku, quantity_sold, unit_price_uah) VALUES (589, 296, 'BOSCH-IH-10K', 2, 52956.90);
INSERT INTO invoices (invoice_id, customer_id, invoice_date, total_amount) VALUES (296, 2, '2024-12-27', 413063.00);
INSERT INTO invoice_lines (invoice_line_id, invoice_id, sku, quantity_sold, unit_price_uah) VALUES (590, 297, 'BOSCH-IH-7500', 8, 40982.45);
INSERT INTO invoices (invoice_id, customer_id, invoice_date, total_amount) VALUES (297, 12, '2024-12-27', 327859.60);
INSERT INTO invoice_lines (invoice_line_id, invoice_id, sku, quantity_sold, unit_price_uah) VALUES (591, 298, 'HW-EC-5000', 5, 24721.48);
INSERT INTO invoice_lines (invoice_line_id, invoice_id, sku, quantity_sold, unit_price_uah) VALUES (592, 298, 'CARRIER-CH-4500', 1, 26431.31);
INSERT INTO invoice_lines (invoice_line_id, invoice_id, sku, quantity_sold, unit_price_uah) VALUES (593, 298, 'CARRIER-HP-12K', 8, 62418.79);
INSERT INTO invoices (invoice_id, customer_id, invoice_date, total_amount) VALUES (298, 13, '2024-12-29', 649389.03);
INSERT INTO invoice_lines (invoice_line_id, invoice_id, sku, quantity_sold, unit_price_uah) VALUES (594, 299, 'CARRIER-HD-18K', 3, 85603.39);
INSERT INTO invoice_lines (invoice_line_id, invoice_id, sku, quantity_sold, unit_price_uah) VALUES (595, 299, 'HW-EC-5000', 3, 24379.73);
INSERT INTO invoice_lines (invoice_line_id, invoice_id, sku, quantity_sold, unit_price_uah) VALUES (596, 299, 'CARRIER-HP-12K', 3, 63875.18);
INSERT INTO invoices (invoice_id, customer_id, invoice_date, total_amount) VALUES (299, 3, '2024-12-30', 521574.90);

INSERT INTO invoice_lines (invoice_line_id, invoice_id, sku, quantity_sold, unit_price_uah) VALUES (597, 300, 'HW-EC-2000', 3, 8927.07);
INSERT INTO invoice_lines (invoice_line_id, invoice_id, sku, quantity_sold, unit_price_uah) VALUES (598, 300, 'CARRIER-CH-4500', 5, 25694.26);
INSERT INTO invoices (invoice_id, customer_id, invoice_date, total_amount) VALUES (300, 1, '2024-12-31', 155252.51);

-- Update sequences to current values
SELECT setval('vendors_vendor_id_seq', 4);
SELECT setval('customers_customer_id_seq', 15);
SELECT setval('purchase_orders_po_id_seq', 80);
SELECT setval('purchase_lots_lot_id_seq', 197);
SELECT setval('invoices_invoice_id_seq', 300);
SELECT setval('invoice_lines_invoice_line_id_seq', 598);

COMMIT;

-- Analyze tables for query optimization
ANALYZE;
