-- HotWind Seed Data
-- Generated: 2025-10-28T15:15:31.135577
-- Period: 2024-01-01 to 2024-12-31

BEGIN;

-- Countries
INSERT INTO countries (country_code, country_name) VALUES ('US', 'United States');
INSERT INTO countries (country_code, country_name) VALUES ('DE', 'Germany');
INSERT INTO countries (country_code, country_name) VALUES ('CN', 'China');
INSERT INTO countries (country_code, country_name) VALUES ('PL', 'Poland');
INSERT INTO countries (country_code, country_name) VALUES ('UA', 'Ukraine');

-- Currencies
INSERT INTO currencies (currency_code, currency_name, symbol) VALUES ('UAH', 'Ukrainian Hryvnia', '₴');
INSERT INTO currencies (currency_code, currency_name, symbol) VALUES ('USD', 'US Dollar', '$');
INSERT INTO currencies (currency_code, currency_name, symbol) VALUES ('EUR', 'Euro', '€');
INSERT INTO currencies (currency_code, currency_name, symbol) VALUES ('CNY', 'Chinese Yuan', '¥');
INSERT INTO currencies (currency_code, currency_name, symbol) VALUES ('PLN', 'Polish Zloty', 'zł');

-- Exchange Rates (1 year, daily)
INSERT INTO exchange_rates (from_currency, to_currency, rate_date, exchange_rate) VALUES ('USD', 'UAH', '2024-01-01', 38.500000);
INSERT INTO exchange_rates (from_currency, to_currency, rate_date, exchange_rate) VALUES ('USD', 'UAH', '2024-01-02', 37.899951);
INSERT INTO exchange_rates (from_currency, to_currency, rate_date, exchange_rate) VALUES ('USD', 'UAH', '2024-01-03', 38.117382);
INSERT INTO exchange_rates (from_currency, to_currency, rate_date, exchange_rate) VALUES ('USD', 'UAH', '2024-01-04', 37.174988);
INSERT INTO exchange_rates (from_currency, to_currency, rate_date, exchange_rate) VALUES ('USD', 'UAH', '2024-01-05', 36.847907);
INSERT INTO exchange_rates (from_currency, to_currency, rate_date, exchange_rate) VALUES ('USD', 'UAH', '2024-01-06', 37.095208);
INSERT INTO exchange_rates (from_currency, to_currency, rate_date, exchange_rate) VALUES ('USD', 'UAH', '2024-01-07', 37.965119);
INSERT INTO exchange_rates (from_currency, to_currency, rate_date, exchange_rate) VALUES ('USD', 'UAH', '2024-01-08', 37.557814);
INSERT INTO exchange_rates (from_currency, to_currency, rate_date, exchange_rate) VALUES ('USD', 'UAH', '2024-01-09', 38.015665);
INSERT INTO exchange_rates (from_currency, to_currency, rate_date, exchange_rate) VALUES ('USD', 'UAH', '2024-01-10', 37.791711);
INSERT INTO exchange_rates (from_currency, to_currency, rate_date, exchange_rate) VALUES ('USD', 'UAH', '2024-01-11', 37.348045);
INSERT INTO exchange_rates (from_currency, to_currency, rate_date, exchange_rate) VALUES ('USD', 'UAH', '2024-01-12', 37.654062);
INSERT INTO exchange_rates (from_currency, to_currency, rate_date, exchange_rate) VALUES ('USD', 'UAH', '2024-01-13', 37.920648);
INSERT INTO exchange_rates (from_currency, to_currency, rate_date, exchange_rate) VALUES ('USD', 'UAH', '2024-01-14', 37.377857);
INSERT INTO exchange_rates (from_currency, to_currency, rate_date, exchange_rate) VALUES ('USD', 'UAH', '2024-01-15', 37.045205);
INSERT INTO exchange_rates (from_currency, to_currency, rate_date, exchange_rate) VALUES ('USD', 'UAH', '2024-01-16', 37.920748);
INSERT INTO exchange_rates (from_currency, to_currency, rate_date, exchange_rate) VALUES ('USD', 'UAH', '2024-01-17', 37.492818);
INSERT INTO exchange_rates (from_currency, to_currency, rate_date, exchange_rate) VALUES ('USD', 'UAH', '2024-01-18', 37.587366);
INSERT INTO exchange_rates (from_currency, to_currency, rate_date, exchange_rate) VALUES ('USD', 'UAH', '2024-01-19', 37.864209);
INSERT INTO exchange_rates (from_currency, to_currency, rate_date, exchange_rate) VALUES ('USD', 'UAH', '2024-01-20', 37.514631);
INSERT INTO exchange_rates (from_currency, to_currency, rate_date, exchange_rate) VALUES ('USD', 'UAH', '2024-01-21', 37.486762);
INSERT INTO exchange_rates (from_currency, to_currency, rate_date, exchange_rate) VALUES ('USD', 'UAH', '2024-01-22', 37.442383);
INSERT INTO exchange_rates (from_currency, to_currency, rate_date, exchange_rate) VALUES ('USD', 'UAH', '2024-01-23', 37.402386);
INSERT INTO exchange_rates (from_currency, to_currency, rate_date, exchange_rate) VALUES ('USD', 'UAH', '2024-01-24', 37.652442);
INSERT INTO exchange_rates (from_currency, to_currency, rate_date, exchange_rate) VALUES ('USD', 'UAH', '2024-01-25', 38.173708);
INSERT INTO exchange_rates (from_currency, to_currency, rate_date, exchange_rate) VALUES ('USD', 'UAH', '2024-01-26', 38.126200);
INSERT INTO exchange_rates (from_currency, to_currency, rate_date, exchange_rate) VALUES ('USD', 'UAH', '2024-01-27', 38.476086);
INSERT INTO exchange_rates (from_currency, to_currency, rate_date, exchange_rate) VALUES ('USD', 'UAH', '2024-01-28', 39.040149);
INSERT INTO exchange_rates (from_currency, to_currency, rate_date, exchange_rate) VALUES ('USD', 'UAH', '2024-01-29', 39.102420);
INSERT INTO exchange_rates (from_currency, to_currency, rate_date, exchange_rate) VALUES ('USD', 'UAH', '2024-01-30', 39.338388);
INSERT INTO exchange_rates (from_currency, to_currency, rate_date, exchange_rate) VALUES ('USD', 'UAH', '2024-01-31', 39.361197);
INSERT INTO exchange_rates (from_currency, to_currency, rate_date, exchange_rate) VALUES ('USD', 'UAH', '2024-02-01', 39.679797);
INSERT INTO exchange_rates (from_currency, to_currency, rate_date, exchange_rate) VALUES ('USD', 'UAH', '2024-02-02', 39.768355);
INSERT INTO exchange_rates (from_currency, to_currency, rate_date, exchange_rate) VALUES ('USD', 'UAH', '2024-02-03', 39.380888);
INSERT INTO exchange_rates (from_currency, to_currency, rate_date, exchange_rate) VALUES ('USD', 'UAH', '2024-02-04', 38.717788);
INSERT INTO exchange_rates (from_currency, to_currency, rate_date, exchange_rate) VALUES ('USD', 'UAH', '2024-02-05', 38.003492);
INSERT INTO exchange_rates (from_currency, to_currency, rate_date, exchange_rate) VALUES ('USD', 'UAH', '2024-02-06', 38.174334);
INSERT INTO exchange_rates (from_currency, to_currency, rate_date, exchange_rate) VALUES ('USD', 'UAH', '2024-02-07', 38.841830);
INSERT INTO exchange_rates (from_currency, to_currency, rate_date, exchange_rate) VALUES ('USD', 'UAH', '2024-02-08', 39.182549);
INSERT INTO exchange_rates (from_currency, to_currency, rate_date, exchange_rate) VALUES ('USD', 'UAH', '2024-02-09', 39.261660);
INSERT INTO exchange_rates (from_currency, to_currency, rate_date, exchange_rate) VALUES ('USD', 'UAH', '2024-02-10', 39.087125);
INSERT INTO exchange_rates (from_currency, to_currency, rate_date, exchange_rate) VALUES ('USD', 'UAH', '2024-02-11', 37.900422);
INSERT INTO exchange_rates (from_currency, to_currency, rate_date, exchange_rate) VALUES ('USD', 'UAH', '2024-02-12', 37.334331);
INSERT INTO exchange_rates (from_currency, to_currency, rate_date, exchange_rate) VALUES ('USD', 'UAH', '2024-02-13', 37.145090);
INSERT INTO exchange_rates (from_currency, to_currency, rate_date, exchange_rate) VALUES ('USD', 'UAH', '2024-02-14', 37.118140);
INSERT INTO exchange_rates (from_currency, to_currency, rate_date, exchange_rate) VALUES ('USD', 'UAH', '2024-02-15', 37.199336);
INSERT INTO exchange_rates (from_currency, to_currency, rate_date, exchange_rate) VALUES ('USD', 'UAH', '2024-02-16', 37.402763);
INSERT INTO exchange_rates (from_currency, to_currency, rate_date, exchange_rate) VALUES ('USD', 'UAH', '2024-02-17', 37.944726);
INSERT INTO exchange_rates (from_currency, to_currency, rate_date, exchange_rate) VALUES ('USD', 'UAH', '2024-02-18', 38.212987);
INSERT INTO exchange_rates (from_currency, to_currency, rate_date, exchange_rate) VALUES ('USD', 'UAH', '2024-02-19', 38.062320);
INSERT INTO exchange_rates (from_currency, to_currency, rate_date, exchange_rate) VALUES ('USD', 'UAH', '2024-02-20', 38.141019);
INSERT INTO exchange_rates (from_currency, to_currency, rate_date, exchange_rate) VALUES ('USD', 'UAH', '2024-02-21', 37.243112);
INSERT INTO exchange_rates (from_currency, to_currency, rate_date, exchange_rate) VALUES ('USD', 'UAH', '2024-02-22', 37.349939);
INSERT INTO exchange_rates (from_currency, to_currency, rate_date, exchange_rate) VALUES ('USD', 'UAH', '2024-02-23', 37.933893);
INSERT INTO exchange_rates (from_currency, to_currency, rate_date, exchange_rate) VALUES ('USD', 'UAH', '2024-02-24', 37.385667);
INSERT INTO exchange_rates (from_currency, to_currency, rate_date, exchange_rate) VALUES ('USD', 'UAH', '2024-02-25', 37.004996);
INSERT INTO exchange_rates (from_currency, to_currency, rate_date, exchange_rate) VALUES ('USD', 'UAH', '2024-02-26', 36.903232);
INSERT INTO exchange_rates (from_currency, to_currency, rate_date, exchange_rate) VALUES ('USD', 'UAH', '2024-02-27', 36.654156);
INSERT INTO exchange_rates (from_currency, to_currency, rate_date, exchange_rate) VALUES ('USD', 'UAH', '2024-02-28', 37.020028);
INSERT INTO exchange_rates (from_currency, to_currency, rate_date, exchange_rate) VALUES ('USD', 'UAH', '2024-02-29', 38.049744);
INSERT INTO exchange_rates (from_currency, to_currency, rate_date, exchange_rate) VALUES ('USD', 'UAH', '2024-03-01', 37.599129);
INSERT INTO exchange_rates (from_currency, to_currency, rate_date, exchange_rate) VALUES ('USD', 'UAH', '2024-03-02', 37.313293);
INSERT INTO exchange_rates (from_currency, to_currency, rate_date, exchange_rate) VALUES ('USD', 'UAH', '2024-03-03', 37.810559);
INSERT INTO exchange_rates (from_currency, to_currency, rate_date, exchange_rate) VALUES ('USD', 'UAH', '2024-03-04', 37.686705);
INSERT INTO exchange_rates (from_currency, to_currency, rate_date, exchange_rate) VALUES ('USD', 'UAH', '2024-03-05', 38.538252);
INSERT INTO exchange_rates (from_currency, to_currency, rate_date, exchange_rate) VALUES ('USD', 'UAH', '2024-03-06', 38.575220);
INSERT INTO exchange_rates (from_currency, to_currency, rate_date, exchange_rate) VALUES ('USD', 'UAH', '2024-03-07', 38.935317);
INSERT INTO exchange_rates (from_currency, to_currency, rate_date, exchange_rate) VALUES ('USD', 'UAH', '2024-03-08', 37.981256);
INSERT INTO exchange_rates (from_currency, to_currency, rate_date, exchange_rate) VALUES ('USD', 'UAH', '2024-03-09', 38.042859);
INSERT INTO exchange_rates (from_currency, to_currency, rate_date, exchange_rate) VALUES ('USD', 'UAH', '2024-03-10', 37.990394);
INSERT INTO exchange_rates (from_currency, to_currency, rate_date, exchange_rate) VALUES ('USD', 'UAH', '2024-03-11', 37.486113);
INSERT INTO exchange_rates (from_currency, to_currency, rate_date, exchange_rate) VALUES ('USD', 'UAH', '2024-03-12', 37.767209);
INSERT INTO exchange_rates (from_currency, to_currency, rate_date, exchange_rate) VALUES ('USD', 'UAH', '2024-03-13', 37.547673);
INSERT INTO exchange_rates (from_currency, to_currency, rate_date, exchange_rate) VALUES ('USD', 'UAH', '2024-03-14', 38.106477);
INSERT INTO exchange_rates (from_currency, to_currency, rate_date, exchange_rate) VALUES ('USD', 'UAH', '2024-03-15', 38.836990);
INSERT INTO exchange_rates (from_currency, to_currency, rate_date, exchange_rate) VALUES ('USD', 'UAH', '2024-03-16', 37.201402);
INSERT INTO exchange_rates (from_currency, to_currency, rate_date, exchange_rate) VALUES ('USD', 'UAH', '2024-03-17', 37.421623);
INSERT INTO exchange_rates (from_currency, to_currency, rate_date, exchange_rate) VALUES ('USD', 'UAH', '2024-03-18', 37.886001);
INSERT INTO exchange_rates (from_currency, to_currency, rate_date, exchange_rate) VALUES ('USD', 'UAH', '2024-03-19', 37.728799);
INSERT INTO exchange_rates (from_currency, to_currency, rate_date, exchange_rate) VALUES ('USD', 'UAH', '2024-03-20', 37.396592);
INSERT INTO exchange_rates (from_currency, to_currency, rate_date, exchange_rate) VALUES ('USD', 'UAH', '2024-03-21', 36.928259);
INSERT INTO exchange_rates (from_currency, to_currency, rate_date, exchange_rate) VALUES ('USD', 'UAH', '2024-03-22', 37.994735);
INSERT INTO exchange_rates (from_currency, to_currency, rate_date, exchange_rate) VALUES ('USD', 'UAH', '2024-03-23', 38.707523);
INSERT INTO exchange_rates (from_currency, to_currency, rate_date, exchange_rate) VALUES ('USD', 'UAH', '2024-03-24', 37.878828);
INSERT INTO exchange_rates (from_currency, to_currency, rate_date, exchange_rate) VALUES ('USD', 'UAH', '2024-03-25', 37.230296);
INSERT INTO exchange_rates (from_currency, to_currency, rate_date, exchange_rate) VALUES ('USD', 'UAH', '2024-03-26', 37.337140);
INSERT INTO exchange_rates (from_currency, to_currency, rate_date, exchange_rate) VALUES ('USD', 'UAH', '2024-03-27', 36.759390);
INSERT INTO exchange_rates (from_currency, to_currency, rate_date, exchange_rate) VALUES ('USD', 'UAH', '2024-03-28', 35.837033);
INSERT INTO exchange_rates (from_currency, to_currency, rate_date, exchange_rate) VALUES ('USD', 'UAH', '2024-03-29', 35.954773);
INSERT INTO exchange_rates (from_currency, to_currency, rate_date, exchange_rate) VALUES ('USD', 'UAH', '2024-03-30', 35.936942);
INSERT INTO exchange_rates (from_currency, to_currency, rate_date, exchange_rate) VALUES ('USD', 'UAH', '2024-03-31', 36.390072);
INSERT INTO exchange_rates (from_currency, to_currency, rate_date, exchange_rate) VALUES ('USD', 'UAH', '2024-04-01', 36.375090);
INSERT INTO exchange_rates (from_currency, to_currency, rate_date, exchange_rate) VALUES ('USD', 'UAH', '2024-04-02', 36.567330);
INSERT INTO exchange_rates (from_currency, to_currency, rate_date, exchange_rate) VALUES ('USD', 'UAH', '2024-04-03', 36.430249);
INSERT INTO exchange_rates (from_currency, to_currency, rate_date, exchange_rate) VALUES ('USD', 'UAH', '2024-04-04', 36.736125);
INSERT INTO exchange_rates (from_currency, to_currency, rate_date, exchange_rate) VALUES ('USD', 'UAH', '2024-04-05', 36.944640);
INSERT INTO exchange_rates (from_currency, to_currency, rate_date, exchange_rate) VALUES ('USD', 'UAH', '2024-04-06', 35.338270);
INSERT INTO exchange_rates (from_currency, to_currency, rate_date, exchange_rate) VALUES ('USD', 'UAH', '2024-04-07', 35.516823);
INSERT INTO exchange_rates (from_currency, to_currency, rate_date, exchange_rate) VALUES ('USD', 'UAH', '2024-04-08', 36.049016);
INSERT INTO exchange_rates (from_currency, to_currency, rate_date, exchange_rate) VALUES ('USD', 'UAH', '2024-04-09', 37.113132);
INSERT INTO exchange_rates (from_currency, to_currency, rate_date, exchange_rate) VALUES ('USD', 'UAH', '2024-04-10', 36.469894);
INSERT INTO exchange_rates (from_currency, to_currency, rate_date, exchange_rate) VALUES ('USD', 'UAH', '2024-04-11', 36.097280);
INSERT INTO exchange_rates (from_currency, to_currency, rate_date, exchange_rate) VALUES ('USD', 'UAH', '2024-04-12', 36.680212);
INSERT INTO exchange_rates (from_currency, to_currency, rate_date, exchange_rate) VALUES ('USD', 'UAH', '2024-04-13', 36.704314);
INSERT INTO exchange_rates (from_currency, to_currency, rate_date, exchange_rate) VALUES ('USD', 'UAH', '2024-04-14', 36.091578);
INSERT INTO exchange_rates (from_currency, to_currency, rate_date, exchange_rate) VALUES ('USD', 'UAH', '2024-04-15', 35.984077);
INSERT INTO exchange_rates (from_currency, to_currency, rate_date, exchange_rate) VALUES ('USD', 'UAH', '2024-04-16', 36.904716);
INSERT INTO exchange_rates (from_currency, to_currency, rate_date, exchange_rate) VALUES ('USD', 'UAH', '2024-04-17', 37.108974);
INSERT INTO exchange_rates (from_currency, to_currency, rate_date, exchange_rate) VALUES ('USD', 'UAH', '2024-04-18', 36.751574);
INSERT INTO exchange_rates (from_currency, to_currency, rate_date, exchange_rate) VALUES ('USD', 'UAH', '2024-04-19', 36.400270);
INSERT INTO exchange_rates (from_currency, to_currency, rate_date, exchange_rate) VALUES ('USD', 'UAH', '2024-04-20', 35.734030);
INSERT INTO exchange_rates (from_currency, to_currency, rate_date, exchange_rate) VALUES ('USD', 'UAH', '2024-04-21', 35.559291);
INSERT INTO exchange_rates (from_currency, to_currency, rate_date, exchange_rate) VALUES ('USD', 'UAH', '2024-04-22', 36.608936);
INSERT INTO exchange_rates (from_currency, to_currency, rate_date, exchange_rate) VALUES ('USD', 'UAH', '2024-04-23', 36.440009);
INSERT INTO exchange_rates (from_currency, to_currency, rate_date, exchange_rate) VALUES ('USD', 'UAH', '2024-04-24', 36.886693);
INSERT INTO exchange_rates (from_currency, to_currency, rate_date, exchange_rate) VALUES ('USD', 'UAH', '2024-04-25', 36.101234);
INSERT INTO exchange_rates (from_currency, to_currency, rate_date, exchange_rate) VALUES ('USD', 'UAH', '2024-04-26', 36.606225);
INSERT INTO exchange_rates (from_currency, to_currency, rate_date, exchange_rate) VALUES ('USD', 'UAH', '2024-04-27', 37.345559);
INSERT INTO exchange_rates (from_currency, to_currency, rate_date, exchange_rate) VALUES ('USD', 'UAH', '2024-04-28', 37.409100);
INSERT INTO exchange_rates (from_currency, to_currency, rate_date, exchange_rate) VALUES ('USD', 'UAH', '2024-04-29', 38.284648);
INSERT INTO exchange_rates (from_currency, to_currency, rate_date, exchange_rate) VALUES ('USD', 'UAH', '2024-04-30', 37.470955);
INSERT INTO exchange_rates (from_currency, to_currency, rate_date, exchange_rate) VALUES ('USD', 'UAH', '2024-05-01', 37.652188);
INSERT INTO exchange_rates (from_currency, to_currency, rate_date, exchange_rate) VALUES ('USD', 'UAH', '2024-05-02', 37.624320);
INSERT INTO exchange_rates (from_currency, to_currency, rate_date, exchange_rate) VALUES ('USD', 'UAH', '2024-05-03', 37.300685);
INSERT INTO exchange_rates (from_currency, to_currency, rate_date, exchange_rate) VALUES ('USD', 'UAH', '2024-05-04', 36.778547);
INSERT INTO exchange_rates (from_currency, to_currency, rate_date, exchange_rate) VALUES ('USD', 'UAH', '2024-05-05', 36.638286);
INSERT INTO exchange_rates (from_currency, to_currency, rate_date, exchange_rate) VALUES ('USD', 'UAH', '2024-05-06', 35.828217);
INSERT INTO exchange_rates (from_currency, to_currency, rate_date, exchange_rate) VALUES ('USD', 'UAH', '2024-05-07', 35.582854);
INSERT INTO exchange_rates (from_currency, to_currency, rate_date, exchange_rate) VALUES ('USD', 'UAH', '2024-05-08', 35.957649);
INSERT INTO exchange_rates (from_currency, to_currency, rate_date, exchange_rate) VALUES ('USD', 'UAH', '2024-05-09', 35.316245);
INSERT INTO exchange_rates (from_currency, to_currency, rate_date, exchange_rate) VALUES ('USD', 'UAH', '2024-05-10', 36.685461);
INSERT INTO exchange_rates (from_currency, to_currency, rate_date, exchange_rate) VALUES ('USD', 'UAH', '2024-05-11', 37.453376);
INSERT INTO exchange_rates (from_currency, to_currency, rate_date, exchange_rate) VALUES ('USD', 'UAH', '2024-05-12', 38.246067);
INSERT INTO exchange_rates (from_currency, to_currency, rate_date, exchange_rate) VALUES ('USD', 'UAH', '2024-05-13', 38.669129);
INSERT INTO exchange_rates (from_currency, to_currency, rate_date, exchange_rate) VALUES ('USD', 'UAH', '2024-05-14', 39.646991);
INSERT INTO exchange_rates (from_currency, to_currency, rate_date, exchange_rate) VALUES ('USD', 'UAH', '2024-05-15', 39.917961);
INSERT INTO exchange_rates (from_currency, to_currency, rate_date, exchange_rate) VALUES ('USD', 'UAH', '2024-05-16', 39.449190);
INSERT INTO exchange_rates (from_currency, to_currency, rate_date, exchange_rate) VALUES ('USD', 'UAH', '2024-05-17', 39.924627);
INSERT INTO exchange_rates (from_currency, to_currency, rate_date, exchange_rate) VALUES ('USD', 'UAH', '2024-05-18', 38.920629);
INSERT INTO exchange_rates (from_currency, to_currency, rate_date, exchange_rate) VALUES ('USD', 'UAH', '2024-05-19', 38.833457);
INSERT INTO exchange_rates (from_currency, to_currency, rate_date, exchange_rate) VALUES ('USD', 'UAH', '2024-05-20', 38.987911);
INSERT INTO exchange_rates (from_currency, to_currency, rate_date, exchange_rate) VALUES ('USD', 'UAH', '2024-05-21', 40.258694);
INSERT INTO exchange_rates (from_currency, to_currency, rate_date, exchange_rate) VALUES ('USD', 'UAH', '2024-05-22', 39.370111);
INSERT INTO exchange_rates (from_currency, to_currency, rate_date, exchange_rate) VALUES ('USD', 'UAH', '2024-05-23', 39.088827);
INSERT INTO exchange_rates (from_currency, to_currency, rate_date, exchange_rate) VALUES ('USD', 'UAH', '2024-05-24', 39.007193);
INSERT INTO exchange_rates (from_currency, to_currency, rate_date, exchange_rate) VALUES ('USD', 'UAH', '2024-05-25', 38.655018);
INSERT INTO exchange_rates (from_currency, to_currency, rate_date, exchange_rate) VALUES ('USD', 'UAH', '2024-05-26', 38.274843);
INSERT INTO exchange_rates (from_currency, to_currency, rate_date, exchange_rate) VALUES ('USD', 'UAH', '2024-05-27', 38.862542);
INSERT INTO exchange_rates (from_currency, to_currency, rate_date, exchange_rate) VALUES ('USD', 'UAH', '2024-05-28', 39.209796);
INSERT INTO exchange_rates (from_currency, to_currency, rate_date, exchange_rate) VALUES ('USD', 'UAH', '2024-05-29', 38.198010);
INSERT INTO exchange_rates (from_currency, to_currency, rate_date, exchange_rate) VALUES ('USD', 'UAH', '2024-05-30', 39.036963);
INSERT INTO exchange_rates (from_currency, to_currency, rate_date, exchange_rate) VALUES ('USD', 'UAH', '2024-05-31', 38.424010);
INSERT INTO exchange_rates (from_currency, to_currency, rate_date, exchange_rate) VALUES ('USD', 'UAH', '2024-06-01', 39.310979);
INSERT INTO exchange_rates (from_currency, to_currency, rate_date, exchange_rate) VALUES ('USD', 'UAH', '2024-06-02', 38.583125);
INSERT INTO exchange_rates (from_currency, to_currency, rate_date, exchange_rate) VALUES ('USD', 'UAH', '2024-06-03', 37.884883);
INSERT INTO exchange_rates (from_currency, to_currency, rate_date, exchange_rate) VALUES ('USD', 'UAH', '2024-06-04', 38.585813);
INSERT INTO exchange_rates (from_currency, to_currency, rate_date, exchange_rate) VALUES ('USD', 'UAH', '2024-06-05', 38.931805);
INSERT INTO exchange_rates (from_currency, to_currency, rate_date, exchange_rate) VALUES ('USD', 'UAH', '2024-06-06', 38.929175);
INSERT INTO exchange_rates (from_currency, to_currency, rate_date, exchange_rate) VALUES ('USD', 'UAH', '2024-06-07', 40.069035);
INSERT INTO exchange_rates (from_currency, to_currency, rate_date, exchange_rate) VALUES ('USD', 'UAH', '2024-06-08', 40.132064);
INSERT INTO exchange_rates (from_currency, to_currency, rate_date, exchange_rate) VALUES ('USD', 'UAH', '2024-06-09', 40.314739);
INSERT INTO exchange_rates (from_currency, to_currency, rate_date, exchange_rate) VALUES ('USD', 'UAH', '2024-06-10', 39.960830);
INSERT INTO exchange_rates (from_currency, to_currency, rate_date, exchange_rate) VALUES ('USD', 'UAH', '2024-06-11', 39.554034);
INSERT INTO exchange_rates (from_currency, to_currency, rate_date, exchange_rate) VALUES ('USD', 'UAH', '2024-06-12', 39.770256);
INSERT INTO exchange_rates (from_currency, to_currency, rate_date, exchange_rate) VALUES ('USD', 'UAH', '2024-06-13', 39.107034);
INSERT INTO exchange_rates (from_currency, to_currency, rate_date, exchange_rate) VALUES ('USD', 'UAH', '2024-06-14', 38.883130);
INSERT INTO exchange_rates (from_currency, to_currency, rate_date, exchange_rate) VALUES ('USD', 'UAH', '2024-06-15', 39.074973);
INSERT INTO exchange_rates (from_currency, to_currency, rate_date, exchange_rate) VALUES ('USD', 'UAH', '2024-06-16', 38.879640);
INSERT INTO exchange_rates (from_currency, to_currency, rate_date, exchange_rate) VALUES ('USD', 'UAH', '2024-06-17', 39.342765);
INSERT INTO exchange_rates (from_currency, to_currency, rate_date, exchange_rate) VALUES ('USD', 'UAH', '2024-06-18', 39.450826);
INSERT INTO exchange_rates (from_currency, to_currency, rate_date, exchange_rate) VALUES ('USD', 'UAH', '2024-06-19', 39.192824);
INSERT INTO exchange_rates (from_currency, to_currency, rate_date, exchange_rate) VALUES ('USD', 'UAH', '2024-06-20', 39.726141);
INSERT INTO exchange_rates (from_currency, to_currency, rate_date, exchange_rate) VALUES ('USD', 'UAH', '2024-06-21', 38.973353);
INSERT INTO exchange_rates (from_currency, to_currency, rate_date, exchange_rate) VALUES ('USD', 'UAH', '2024-06-22', 38.971592);
INSERT INTO exchange_rates (from_currency, to_currency, rate_date, exchange_rate) VALUES ('USD', 'UAH', '2024-06-23', 38.915819);
INSERT INTO exchange_rates (from_currency, to_currency, rate_date, exchange_rate) VALUES ('USD', 'UAH', '2024-06-24', 38.905647);
INSERT INTO exchange_rates (from_currency, to_currency, rate_date, exchange_rate) VALUES ('USD', 'UAH', '2024-06-25', 38.543718);
INSERT INTO exchange_rates (from_currency, to_currency, rate_date, exchange_rate) VALUES ('USD', 'UAH', '2024-06-26', 38.925313);
INSERT INTO exchange_rates (from_currency, to_currency, rate_date, exchange_rate) VALUES ('USD', 'UAH', '2024-06-27', 39.035071);
INSERT INTO exchange_rates (from_currency, to_currency, rate_date, exchange_rate) VALUES ('USD', 'UAH', '2024-06-28', 38.875613);
INSERT INTO exchange_rates (from_currency, to_currency, rate_date, exchange_rate) VALUES ('USD', 'UAH', '2024-06-29', 40.006126);
INSERT INTO exchange_rates (from_currency, to_currency, rate_date, exchange_rate) VALUES ('USD', 'UAH', '2024-06-30', 39.501216);
INSERT INTO exchange_rates (from_currency, to_currency, rate_date, exchange_rate) VALUES ('USD', 'UAH', '2024-07-01', 38.834003);
INSERT INTO exchange_rates (from_currency, to_currency, rate_date, exchange_rate) VALUES ('USD', 'UAH', '2024-07-02', 38.775561);
INSERT INTO exchange_rates (from_currency, to_currency, rate_date, exchange_rate) VALUES ('USD', 'UAH', '2024-07-03', 38.674671);
INSERT INTO exchange_rates (from_currency, to_currency, rate_date, exchange_rate) VALUES ('USD', 'UAH', '2024-07-04', 38.635829);
INSERT INTO exchange_rates (from_currency, to_currency, rate_date, exchange_rate) VALUES ('USD', 'UAH', '2024-07-05', 38.514187);
INSERT INTO exchange_rates (from_currency, to_currency, rate_date, exchange_rate) VALUES ('USD', 'UAH', '2024-07-06', 38.185061);
INSERT INTO exchange_rates (from_currency, to_currency, rate_date, exchange_rate) VALUES ('USD', 'UAH', '2024-07-07', 37.553241);
INSERT INTO exchange_rates (from_currency, to_currency, rate_date, exchange_rate) VALUES ('USD', 'UAH', '2024-07-08', 37.093719);
INSERT INTO exchange_rates (from_currency, to_currency, rate_date, exchange_rate) VALUES ('USD', 'UAH', '2024-07-09', 37.178810);
INSERT INTO exchange_rates (from_currency, to_currency, rate_date, exchange_rate) VALUES ('USD', 'UAH', '2024-07-10', 36.812334);
INSERT INTO exchange_rates (from_currency, to_currency, rate_date, exchange_rate) VALUES ('USD', 'UAH', '2024-07-11', 36.160549);
INSERT INTO exchange_rates (from_currency, to_currency, rate_date, exchange_rate) VALUES ('USD', 'UAH', '2024-07-12', 36.595598);
INSERT INTO exchange_rates (from_currency, to_currency, rate_date, exchange_rate) VALUES ('USD', 'UAH', '2024-07-13', 36.658162);
INSERT INTO exchange_rates (from_currency, to_currency, rate_date, exchange_rate) VALUES ('USD', 'UAH', '2024-07-14', 36.970045);
INSERT INTO exchange_rates (from_currency, to_currency, rate_date, exchange_rate) VALUES ('USD', 'UAH', '2024-07-15', 37.483602);
INSERT INTO exchange_rates (from_currency, to_currency, rate_date, exchange_rate) VALUES ('USD', 'UAH', '2024-07-16', 37.522028);
INSERT INTO exchange_rates (from_currency, to_currency, rate_date, exchange_rate) VALUES ('USD', 'UAH', '2024-07-17', 36.826542);
INSERT INTO exchange_rates (from_currency, to_currency, rate_date, exchange_rate) VALUES ('USD', 'UAH', '2024-07-18', 36.566936);
INSERT INTO exchange_rates (from_currency, to_currency, rate_date, exchange_rate) VALUES ('USD', 'UAH', '2024-07-19', 36.360551);
INSERT INTO exchange_rates (from_currency, to_currency, rate_date, exchange_rate) VALUES ('USD', 'UAH', '2024-07-20', 36.033840);
INSERT INTO exchange_rates (from_currency, to_currency, rate_date, exchange_rate) VALUES ('USD', 'UAH', '2024-07-21', 36.615454);
INSERT INTO exchange_rates (from_currency, to_currency, rate_date, exchange_rate) VALUES ('USD', 'UAH', '2024-07-22', 36.798715);
INSERT INTO exchange_rates (from_currency, to_currency, rate_date, exchange_rate) VALUES ('USD', 'UAH', '2024-07-23', 36.656782);
INSERT INTO exchange_rates (from_currency, to_currency, rate_date, exchange_rate) VALUES ('USD', 'UAH', '2024-07-24', 36.935045);
INSERT INTO exchange_rates (from_currency, to_currency, rate_date, exchange_rate) VALUES ('USD', 'UAH', '2024-07-25', 36.339147);
INSERT INTO exchange_rates (from_currency, to_currency, rate_date, exchange_rate) VALUES ('USD', 'UAH', '2024-07-26', 36.642645);
INSERT INTO exchange_rates (from_currency, to_currency, rate_date, exchange_rate) VALUES ('USD', 'UAH', '2024-07-27', 36.228925);
INSERT INTO exchange_rates (from_currency, to_currency, rate_date, exchange_rate) VALUES ('USD', 'UAH', '2024-07-28', 36.646453);
INSERT INTO exchange_rates (from_currency, to_currency, rate_date, exchange_rate) VALUES ('USD', 'UAH', '2024-07-29', 36.620976);
INSERT INTO exchange_rates (from_currency, to_currency, rate_date, exchange_rate) VALUES ('USD', 'UAH', '2024-07-30', 37.532133);
INSERT INTO exchange_rates (from_currency, to_currency, rate_date, exchange_rate) VALUES ('USD', 'UAH', '2024-07-31', 38.475369);
INSERT INTO exchange_rates (from_currency, to_currency, rate_date, exchange_rate) VALUES ('USD', 'UAH', '2024-08-01', 37.626706);
INSERT INTO exchange_rates (from_currency, to_currency, rate_date, exchange_rate) VALUES ('USD', 'UAH', '2024-08-02', 37.185324);
INSERT INTO exchange_rates (from_currency, to_currency, rate_date, exchange_rate) VALUES ('USD', 'UAH', '2024-08-03', 37.364205);
INSERT INTO exchange_rates (from_currency, to_currency, rate_date, exchange_rate) VALUES ('USD', 'UAH', '2024-08-04', 37.633993);
INSERT INTO exchange_rates (from_currency, to_currency, rate_date, exchange_rate) VALUES ('USD', 'UAH', '2024-08-05', 37.697251);
INSERT INTO exchange_rates (from_currency, to_currency, rate_date, exchange_rate) VALUES ('USD', 'UAH', '2024-08-06', 38.218147);
INSERT INTO exchange_rates (from_currency, to_currency, rate_date, exchange_rate) VALUES ('USD', 'UAH', '2024-08-07', 38.818145);
INSERT INTO exchange_rates (from_currency, to_currency, rate_date, exchange_rate) VALUES ('USD', 'UAH', '2024-08-08', 39.102126);
INSERT INTO exchange_rates (from_currency, to_currency, rate_date, exchange_rate) VALUES ('USD', 'UAH', '2024-08-09', 38.547205);
INSERT INTO exchange_rates (from_currency, to_currency, rate_date, exchange_rate) VALUES ('USD', 'UAH', '2024-08-10', 39.777737);
INSERT INTO exchange_rates (from_currency, to_currency, rate_date, exchange_rate) VALUES ('USD', 'UAH', '2024-08-11', 39.971621);
INSERT INTO exchange_rates (from_currency, to_currency, rate_date, exchange_rate) VALUES ('USD', 'UAH', '2024-08-12', 40.157510);
INSERT INTO exchange_rates (from_currency, to_currency, rate_date, exchange_rate) VALUES ('USD', 'UAH', '2024-08-13', 40.633593);
INSERT INTO exchange_rates (from_currency, to_currency, rate_date, exchange_rate) VALUES ('USD', 'UAH', '2024-08-14', 40.702245);
INSERT INTO exchange_rates (from_currency, to_currency, rate_date, exchange_rate) VALUES ('USD', 'UAH', '2024-08-15', 40.975107);
INSERT INTO exchange_rates (from_currency, to_currency, rate_date, exchange_rate) VALUES ('USD', 'UAH', '2024-08-16', 40.674594);
INSERT INTO exchange_rates (from_currency, to_currency, rate_date, exchange_rate) VALUES ('USD', 'UAH', '2024-08-17', 40.528220);
INSERT INTO exchange_rates (from_currency, to_currency, rate_date, exchange_rate) VALUES ('USD', 'UAH', '2024-08-18', 40.808863);
INSERT INTO exchange_rates (from_currency, to_currency, rate_date, exchange_rate) VALUES ('USD', 'UAH', '2024-08-19', 41.269922);
INSERT INTO exchange_rates (from_currency, to_currency, rate_date, exchange_rate) VALUES ('USD', 'UAH', '2024-08-20', 40.927457);
INSERT INTO exchange_rates (from_currency, to_currency, rate_date, exchange_rate) VALUES ('USD', 'UAH', '2024-08-21', 41.387717);
INSERT INTO exchange_rates (from_currency, to_currency, rate_date, exchange_rate) VALUES ('USD', 'UAH', '2024-08-22', 41.830439);
INSERT INTO exchange_rates (from_currency, to_currency, rate_date, exchange_rate) VALUES ('USD', 'UAH', '2024-08-23', 40.791713);
INSERT INTO exchange_rates (from_currency, to_currency, rate_date, exchange_rate) VALUES ('USD', 'UAH', '2024-08-24', 40.219950);
INSERT INTO exchange_rates (from_currency, to_currency, rate_date, exchange_rate) VALUES ('USD', 'UAH', '2024-08-25', 40.010242);
INSERT INTO exchange_rates (from_currency, to_currency, rate_date, exchange_rate) VALUES ('USD', 'UAH', '2024-08-26', 39.885543);
INSERT INTO exchange_rates (from_currency, to_currency, rate_date, exchange_rate) VALUES ('USD', 'UAH', '2024-08-27', 38.603032);
INSERT INTO exchange_rates (from_currency, to_currency, rate_date, exchange_rate) VALUES ('USD', 'UAH', '2024-08-28', 37.743643);
INSERT INTO exchange_rates (from_currency, to_currency, rate_date, exchange_rate) VALUES ('USD', 'UAH', '2024-08-29', 37.541356);
INSERT INTO exchange_rates (from_currency, to_currency, rate_date, exchange_rate) VALUES ('USD', 'UAH', '2024-08-30', 38.646485);
INSERT INTO exchange_rates (from_currency, to_currency, rate_date, exchange_rate) VALUES ('USD', 'UAH', '2024-08-31', 39.589108);
INSERT INTO exchange_rates (from_currency, to_currency, rate_date, exchange_rate) VALUES ('USD', 'UAH', '2024-09-01', 38.837428);
INSERT INTO exchange_rates (from_currency, to_currency, rate_date, exchange_rate) VALUES ('USD', 'UAH', '2024-09-02', 40.085571);
INSERT INTO exchange_rates (from_currency, to_currency, rate_date, exchange_rate) VALUES ('USD', 'UAH', '2024-09-03', 38.862402);
INSERT INTO exchange_rates (from_currency, to_currency, rate_date, exchange_rate) VALUES ('USD', 'UAH', '2024-09-04', 39.052471);
INSERT INTO exchange_rates (from_currency, to_currency, rate_date, exchange_rate) VALUES ('USD', 'UAH', '2024-09-05', 39.647103);
INSERT INTO exchange_rates (from_currency, to_currency, rate_date, exchange_rate) VALUES ('USD', 'UAH', '2024-09-06', 39.471891);
INSERT INTO exchange_rates (from_currency, to_currency, rate_date, exchange_rate) VALUES ('USD', 'UAH', '2024-09-07', 39.496984);
INSERT INTO exchange_rates (from_currency, to_currency, rate_date, exchange_rate) VALUES ('USD', 'UAH', '2024-09-08', 38.399114);
INSERT INTO exchange_rates (from_currency, to_currency, rate_date, exchange_rate) VALUES ('USD', 'UAH', '2024-09-09', 39.364124);
INSERT INTO exchange_rates (from_currency, to_currency, rate_date, exchange_rate) VALUES ('USD', 'UAH', '2024-09-10', 39.229504);
INSERT INTO exchange_rates (from_currency, to_currency, rate_date, exchange_rate) VALUES ('USD', 'UAH', '2024-09-11', 40.580739);
INSERT INTO exchange_rates (from_currency, to_currency, rate_date, exchange_rate) VALUES ('USD', 'UAH', '2024-09-12', 40.824236);
INSERT INTO exchange_rates (from_currency, to_currency, rate_date, exchange_rate) VALUES ('USD', 'UAH', '2024-09-13', 39.261379);
INSERT INTO exchange_rates (from_currency, to_currency, rate_date, exchange_rate) VALUES ('USD', 'UAH', '2024-09-14', 39.405746);
INSERT INTO exchange_rates (from_currency, to_currency, rate_date, exchange_rate) VALUES ('USD', 'UAH', '2024-09-15', 38.956215);
INSERT INTO exchange_rates (from_currency, to_currency, rate_date, exchange_rate) VALUES ('USD', 'UAH', '2024-09-16', 38.805390);
INSERT INTO exchange_rates (from_currency, to_currency, rate_date, exchange_rate) VALUES ('USD', 'UAH', '2024-09-17', 38.553942);
INSERT INTO exchange_rates (from_currency, to_currency, rate_date, exchange_rate) VALUES ('USD', 'UAH', '2024-09-18', 37.890161);
INSERT INTO exchange_rates (from_currency, to_currency, rate_date, exchange_rate) VALUES ('USD', 'UAH', '2024-09-19', 37.492571);
INSERT INTO exchange_rates (from_currency, to_currency, rate_date, exchange_rate) VALUES ('USD', 'UAH', '2024-09-20', 37.964271);
INSERT INTO exchange_rates (from_currency, to_currency, rate_date, exchange_rate) VALUES ('USD', 'UAH', '2024-09-21', 37.873480);
INSERT INTO exchange_rates (from_currency, to_currency, rate_date, exchange_rate) VALUES ('USD', 'UAH', '2024-09-22', 37.821243);
INSERT INTO exchange_rates (from_currency, to_currency, rate_date, exchange_rate) VALUES ('USD', 'UAH', '2024-09-23', 37.729082);
INSERT INTO exchange_rates (from_currency, to_currency, rate_date, exchange_rate) VALUES ('USD', 'UAH', '2024-09-24', 37.468753);
INSERT INTO exchange_rates (from_currency, to_currency, rate_date, exchange_rate) VALUES ('USD', 'UAH', '2024-09-25', 38.128919);
INSERT INTO exchange_rates (from_currency, to_currency, rate_date, exchange_rate) VALUES ('USD', 'UAH', '2024-09-26', 38.160730);
INSERT INTO exchange_rates (from_currency, to_currency, rate_date, exchange_rate) VALUES ('USD', 'UAH', '2024-09-27', 36.435868);
INSERT INTO exchange_rates (from_currency, to_currency, rate_date, exchange_rate) VALUES ('USD', 'UAH', '2024-09-28', 36.455103);
INSERT INTO exchange_rates (from_currency, to_currency, rate_date, exchange_rate) VALUES ('USD', 'UAH', '2024-09-29', 36.735414);
INSERT INTO exchange_rates (from_currency, to_currency, rate_date, exchange_rate) VALUES ('USD', 'UAH', '2024-09-30', 36.789406);
INSERT INTO exchange_rates (from_currency, to_currency, rate_date, exchange_rate) VALUES ('USD', 'UAH', '2024-10-01', 37.447560);
INSERT INTO exchange_rates (from_currency, to_currency, rate_date, exchange_rate) VALUES ('USD', 'UAH', '2024-10-02', 38.101605);
INSERT INTO exchange_rates (from_currency, to_currency, rate_date, exchange_rate) VALUES ('USD', 'UAH', '2024-10-03', 37.594290);
INSERT INTO exchange_rates (from_currency, to_currency, rate_date, exchange_rate) VALUES ('USD', 'UAH', '2024-10-04', 36.583961);
INSERT INTO exchange_rates (from_currency, to_currency, rate_date, exchange_rate) VALUES ('USD', 'UAH', '2024-10-05', 36.486778);
INSERT INTO exchange_rates (from_currency, to_currency, rate_date, exchange_rate) VALUES ('USD', 'UAH', '2024-10-06', 36.569204);
INSERT INTO exchange_rates (from_currency, to_currency, rate_date, exchange_rate) VALUES ('USD', 'UAH', '2024-10-07', 36.273404);
INSERT INTO exchange_rates (from_currency, to_currency, rate_date, exchange_rate) VALUES ('USD', 'UAH', '2024-10-08', 36.267989);
INSERT INTO exchange_rates (from_currency, to_currency, rate_date, exchange_rate) VALUES ('USD', 'UAH', '2024-10-09', 35.999063);
INSERT INTO exchange_rates (from_currency, to_currency, rate_date, exchange_rate) VALUES ('USD', 'UAH', '2024-10-10', 36.215208);
INSERT INTO exchange_rates (from_currency, to_currency, rate_date, exchange_rate) VALUES ('USD', 'UAH', '2024-10-11', 36.542128);
INSERT INTO exchange_rates (from_currency, to_currency, rate_date, exchange_rate) VALUES ('USD', 'UAH', '2024-10-12', 35.568993);
INSERT INTO exchange_rates (from_currency, to_currency, rate_date, exchange_rate) VALUES ('USD', 'UAH', '2024-10-13', 36.008294);
INSERT INTO exchange_rates (from_currency, to_currency, rate_date, exchange_rate) VALUES ('USD', 'UAH', '2024-10-14', 35.638107);
INSERT INTO exchange_rates (from_currency, to_currency, rate_date, exchange_rate) VALUES ('USD', 'UAH', '2024-10-15', 35.679301);
INSERT INTO exchange_rates (from_currency, to_currency, rate_date, exchange_rate) VALUES ('USD', 'UAH', '2024-10-16', 35.265950);
INSERT INTO exchange_rates (from_currency, to_currency, rate_date, exchange_rate) VALUES ('USD', 'UAH', '2024-10-17', 35.891137);
INSERT INTO exchange_rates (from_currency, to_currency, rate_date, exchange_rate) VALUES ('USD', 'UAH', '2024-10-18', 34.940739);
INSERT INTO exchange_rates (from_currency, to_currency, rate_date, exchange_rate) VALUES ('USD', 'UAH', '2024-10-19', 35.740553);
INSERT INTO exchange_rates (from_currency, to_currency, rate_date, exchange_rate) VALUES ('USD', 'UAH', '2024-10-20', 35.945385);
INSERT INTO exchange_rates (from_currency, to_currency, rate_date, exchange_rate) VALUES ('USD', 'UAH', '2024-10-21', 36.067692);
INSERT INTO exchange_rates (from_currency, to_currency, rate_date, exchange_rate) VALUES ('USD', 'UAH', '2024-10-22', 36.193192);
INSERT INTO exchange_rates (from_currency, to_currency, rate_date, exchange_rate) VALUES ('USD', 'UAH', '2024-10-23', 36.206146);
INSERT INTO exchange_rates (from_currency, to_currency, rate_date, exchange_rate) VALUES ('USD', 'UAH', '2024-10-24', 36.055718);
INSERT INTO exchange_rates (from_currency, to_currency, rate_date, exchange_rate) VALUES ('USD', 'UAH', '2024-10-25', 35.408230);
INSERT INTO exchange_rates (from_currency, to_currency, rate_date, exchange_rate) VALUES ('USD', 'UAH', '2024-10-26', 35.553872);
INSERT INTO exchange_rates (from_currency, to_currency, rate_date, exchange_rate) VALUES ('USD', 'UAH', '2024-10-27', 35.462981);
INSERT INTO exchange_rates (from_currency, to_currency, rate_date, exchange_rate) VALUES ('USD', 'UAH', '2024-10-28', 35.375214);
INSERT INTO exchange_rates (from_currency, to_currency, rate_date, exchange_rate) VALUES ('USD', 'UAH', '2024-10-29', 36.054636);
INSERT INTO exchange_rates (from_currency, to_currency, rate_date, exchange_rate) VALUES ('USD', 'UAH', '2024-10-30', 36.687049);
INSERT INTO exchange_rates (from_currency, to_currency, rate_date, exchange_rate) VALUES ('USD', 'UAH', '2024-10-31', 37.200654);
INSERT INTO exchange_rates (from_currency, to_currency, rate_date, exchange_rate) VALUES ('USD', 'UAH', '2024-11-01', 37.444744);
INSERT INTO exchange_rates (from_currency, to_currency, rate_date, exchange_rate) VALUES ('USD', 'UAH', '2024-11-02', 37.001547);
INSERT INTO exchange_rates (from_currency, to_currency, rate_date, exchange_rate) VALUES ('USD', 'UAH', '2024-11-03', 37.212127);
INSERT INTO exchange_rates (from_currency, to_currency, rate_date, exchange_rate) VALUES ('USD', 'UAH', '2024-11-04', 36.367645);
INSERT INTO exchange_rates (from_currency, to_currency, rate_date, exchange_rate) VALUES ('USD', 'UAH', '2024-11-05', 34.985408);
INSERT INTO exchange_rates (from_currency, to_currency, rate_date, exchange_rate) VALUES ('USD', 'UAH', '2024-11-06', 35.007630);
INSERT INTO exchange_rates (from_currency, to_currency, rate_date, exchange_rate) VALUES ('USD', 'UAH', '2024-11-07', 35.470650);
INSERT INTO exchange_rates (from_currency, to_currency, rate_date, exchange_rate) VALUES ('USD', 'UAH', '2024-11-08', 35.973369);
INSERT INTO exchange_rates (from_currency, to_currency, rate_date, exchange_rate) VALUES ('USD', 'UAH', '2024-11-09', 36.179322);
INSERT INTO exchange_rates (from_currency, to_currency, rate_date, exchange_rate) VALUES ('USD', 'UAH', '2024-11-10', 36.575316);
INSERT INTO exchange_rates (from_currency, to_currency, rate_date, exchange_rate) VALUES ('USD', 'UAH', '2024-11-11', 37.484526);
INSERT INTO exchange_rates (from_currency, to_currency, rate_date, exchange_rate) VALUES ('USD', 'UAH', '2024-11-12', 37.507994);
INSERT INTO exchange_rates (from_currency, to_currency, rate_date, exchange_rate) VALUES ('USD', 'UAH', '2024-11-13', 37.195360);
INSERT INTO exchange_rates (from_currency, to_currency, rate_date, exchange_rate) VALUES ('USD', 'UAH', '2024-11-14', 37.705191);
INSERT INTO exchange_rates (from_currency, to_currency, rate_date, exchange_rate) VALUES ('USD', 'UAH', '2024-11-15', 37.164024);
INSERT INTO exchange_rates (from_currency, to_currency, rate_date, exchange_rate) VALUES ('USD', 'UAH', '2024-11-16', 37.344168);
INSERT INTO exchange_rates (from_currency, to_currency, rate_date, exchange_rate) VALUES ('USD', 'UAH', '2024-11-17', 36.867473);
INSERT INTO exchange_rates (from_currency, to_currency, rate_date, exchange_rate) VALUES ('USD', 'UAH', '2024-11-18', 36.574965);
INSERT INTO exchange_rates (from_currency, to_currency, rate_date, exchange_rate) VALUES ('USD', 'UAH', '2024-11-19', 35.818041);
INSERT INTO exchange_rates (from_currency, to_currency, rate_date, exchange_rate) VALUES ('USD', 'UAH', '2024-11-20', 36.070803);
INSERT INTO exchange_rates (from_currency, to_currency, rate_date, exchange_rate) VALUES ('USD', 'UAH', '2024-11-21', 36.362395);
INSERT INTO exchange_rates (from_currency, to_currency, rate_date, exchange_rate) VALUES ('USD', 'UAH', '2024-11-22', 35.817882);
INSERT INTO exchange_rates (from_currency, to_currency, rate_date, exchange_rate) VALUES ('USD', 'UAH', '2024-11-23', 34.921376);
INSERT INTO exchange_rates (from_currency, to_currency, rate_date, exchange_rate) VALUES ('USD', 'UAH', '2024-11-24', 34.824000);
INSERT INTO exchange_rates (from_currency, to_currency, rate_date, exchange_rate) VALUES ('USD', 'UAH', '2024-11-25', 34.032605);
INSERT INTO exchange_rates (from_currency, to_currency, rate_date, exchange_rate) VALUES ('USD', 'UAH', '2024-11-26', 33.966843);
INSERT INTO exchange_rates (from_currency, to_currency, rate_date, exchange_rate) VALUES ('USD', 'UAH', '2024-11-27', 33.696862);
INSERT INTO exchange_rates (from_currency, to_currency, rate_date, exchange_rate) VALUES ('USD', 'UAH', '2024-11-28', 33.312886);
INSERT INTO exchange_rates (from_currency, to_currency, rate_date, exchange_rate) VALUES ('USD', 'UAH', '2024-11-29', 33.580855);
INSERT INTO exchange_rates (from_currency, to_currency, rate_date, exchange_rate) VALUES ('USD', 'UAH', '2024-11-30', 32.661967);
INSERT INTO exchange_rates (from_currency, to_currency, rate_date, exchange_rate) VALUES ('USD', 'UAH', '2024-12-01', 32.962188);
INSERT INTO exchange_rates (from_currency, to_currency, rate_date, exchange_rate) VALUES ('USD', 'UAH', '2024-12-02', 32.852237);
INSERT INTO exchange_rates (from_currency, to_currency, rate_date, exchange_rate) VALUES ('USD', 'UAH', '2024-12-03', 33.015046);
INSERT INTO exchange_rates (from_currency, to_currency, rate_date, exchange_rate) VALUES ('USD', 'UAH', '2024-12-04', 32.624566);
INSERT INTO exchange_rates (from_currency, to_currency, rate_date, exchange_rate) VALUES ('USD', 'UAH', '2024-12-05', 32.741330);
INSERT INTO exchange_rates (from_currency, to_currency, rate_date, exchange_rate) VALUES ('USD', 'UAH', '2024-12-06', 33.235762);
INSERT INTO exchange_rates (from_currency, to_currency, rate_date, exchange_rate) VALUES ('USD', 'UAH', '2024-12-07', 33.376392);
INSERT INTO exchange_rates (from_currency, to_currency, rate_date, exchange_rate) VALUES ('USD', 'UAH', '2024-12-08', 33.003164);
INSERT INTO exchange_rates (from_currency, to_currency, rate_date, exchange_rate) VALUES ('USD', 'UAH', '2024-12-09', 33.426215);
INSERT INTO exchange_rates (from_currency, to_currency, rate_date, exchange_rate) VALUES ('USD', 'UAH', '2024-12-10', 33.455329);
INSERT INTO exchange_rates (from_currency, to_currency, rate_date, exchange_rate) VALUES ('USD', 'UAH', '2024-12-11', 33.616585);
INSERT INTO exchange_rates (from_currency, to_currency, rate_date, exchange_rate) VALUES ('USD', 'UAH', '2024-12-12', 33.312674);
INSERT INTO exchange_rates (from_currency, to_currency, rate_date, exchange_rate) VALUES ('USD', 'UAH', '2024-12-13', 33.263067);
INSERT INTO exchange_rates (from_currency, to_currency, rate_date, exchange_rate) VALUES ('USD', 'UAH', '2024-12-14', 32.797669);
INSERT INTO exchange_rates (from_currency, to_currency, rate_date, exchange_rate) VALUES ('USD', 'UAH', '2024-12-15', 32.473038);
INSERT INTO exchange_rates (from_currency, to_currency, rate_date, exchange_rate) VALUES ('USD', 'UAH', '2024-12-16', 32.011519);
INSERT INTO exchange_rates (from_currency, to_currency, rate_date, exchange_rate) VALUES ('USD', 'UAH', '2024-12-17', 32.805137);
INSERT INTO exchange_rates (from_currency, to_currency, rate_date, exchange_rate) VALUES ('USD', 'UAH', '2024-12-18', 32.870495);
INSERT INTO exchange_rates (from_currency, to_currency, rate_date, exchange_rate) VALUES ('USD', 'UAH', '2024-12-19', 32.290306);
INSERT INTO exchange_rates (from_currency, to_currency, rate_date, exchange_rate) VALUES ('USD', 'UAH', '2024-12-20', 32.296310);
INSERT INTO exchange_rates (from_currency, to_currency, rate_date, exchange_rate) VALUES ('USD', 'UAH', '2024-12-21', 32.248156);
INSERT INTO exchange_rates (from_currency, to_currency, rate_date, exchange_rate) VALUES ('USD', 'UAH', '2024-12-22', 32.319485);
INSERT INTO exchange_rates (from_currency, to_currency, rate_date, exchange_rate) VALUES ('USD', 'UAH', '2024-12-23', 31.837059);
INSERT INTO exchange_rates (from_currency, to_currency, rate_date, exchange_rate) VALUES ('USD', 'UAH', '2024-12-24', 32.062747);
INSERT INTO exchange_rates (from_currency, to_currency, rate_date, exchange_rate) VALUES ('USD', 'UAH', '2024-12-25', 33.332730);
INSERT INTO exchange_rates (from_currency, to_currency, rate_date, exchange_rate) VALUES ('USD', 'UAH', '2024-12-26', 33.914735);
INSERT INTO exchange_rates (from_currency, to_currency, rate_date, exchange_rate) VALUES ('USD', 'UAH', '2024-12-27', 33.900520);
INSERT INTO exchange_rates (from_currency, to_currency, rate_date, exchange_rate) VALUES ('USD', 'UAH', '2024-12-28', 33.931087);
INSERT INTO exchange_rates (from_currency, to_currency, rate_date, exchange_rate) VALUES ('USD', 'UAH', '2024-12-29', 34.798277);
INSERT INTO exchange_rates (from_currency, to_currency, rate_date, exchange_rate) VALUES ('USD', 'UAH', '2024-12-30', 34.264678);
INSERT INTO exchange_rates (from_currency, to_currency, rate_date, exchange_rate) VALUES ('USD', 'UAH', '2024-12-31', 33.120376);
INSERT INTO exchange_rates (from_currency, to_currency, rate_date, exchange_rate) VALUES ('EUR', 'UAH', '2024-01-01', 42.300000);
INSERT INTO exchange_rates (from_currency, to_currency, rate_date, exchange_rate) VALUES ('EUR', 'UAH', '2024-01-02', 42.354371);
INSERT INTO exchange_rates (from_currency, to_currency, rate_date, exchange_rate) VALUES ('EUR', 'UAH', '2024-01-03', 42.111420);
INSERT INTO exchange_rates (from_currency, to_currency, rate_date, exchange_rate) VALUES ('EUR', 'UAH', '2024-01-04', 42.259179);
INSERT INTO exchange_rates (from_currency, to_currency, rate_date, exchange_rate) VALUES ('EUR', 'UAH', '2024-01-05', 41.660451);
INSERT INTO exchange_rates (from_currency, to_currency, rate_date, exchange_rate) VALUES ('EUR', 'UAH', '2024-01-06', 41.156982);
INSERT INTO exchange_rates (from_currency, to_currency, rate_date, exchange_rate) VALUES ('EUR', 'UAH', '2024-01-07', 40.693410);
INSERT INTO exchange_rates (from_currency, to_currency, rate_date, exchange_rate) VALUES ('EUR', 'UAH', '2024-01-08', 40.870641);
INSERT INTO exchange_rates (from_currency, to_currency, rate_date, exchange_rate) VALUES ('EUR', 'UAH', '2024-01-09', 41.535657);
INSERT INTO exchange_rates (from_currency, to_currency, rate_date, exchange_rate) VALUES ('EUR', 'UAH', '2024-01-10', 40.770082);
INSERT INTO exchange_rates (from_currency, to_currency, rate_date, exchange_rate) VALUES ('EUR', 'UAH', '2024-01-11', 40.752413);
INSERT INTO exchange_rates (from_currency, to_currency, rate_date, exchange_rate) VALUES ('EUR', 'UAH', '2024-01-12', 39.335756);
INSERT INTO exchange_rates (from_currency, to_currency, rate_date, exchange_rate) VALUES ('EUR', 'UAH', '2024-01-13', 39.858330);
INSERT INTO exchange_rates (from_currency, to_currency, rate_date, exchange_rate) VALUES ('EUR', 'UAH', '2024-01-14', 40.200700);
INSERT INTO exchange_rates (from_currency, to_currency, rate_date, exchange_rate) VALUES ('EUR', 'UAH', '2024-01-15', 39.475881);
INSERT INTO exchange_rates (from_currency, to_currency, rate_date, exchange_rate) VALUES ('EUR', 'UAH', '2024-01-16', 39.927169);
INSERT INTO exchange_rates (from_currency, to_currency, rate_date, exchange_rate) VALUES ('EUR', 'UAH', '2024-01-17', 40.345216);
INSERT INTO exchange_rates (from_currency, to_currency, rate_date, exchange_rate) VALUES ('EUR', 'UAH', '2024-01-18', 40.647237);
INSERT INTO exchange_rates (from_currency, to_currency, rate_date, exchange_rate) VALUES ('EUR', 'UAH', '2024-01-19', 40.030205);
INSERT INTO exchange_rates (from_currency, to_currency, rate_date, exchange_rate) VALUES ('EUR', 'UAH', '2024-01-20', 38.979044);
INSERT INTO exchange_rates (from_currency, to_currency, rate_date, exchange_rate) VALUES ('EUR', 'UAH', '2024-01-21', 39.872312);
INSERT INTO exchange_rates (from_currency, to_currency, rate_date, exchange_rate) VALUES ('EUR', 'UAH', '2024-01-22', 38.437613);
INSERT INTO exchange_rates (from_currency, to_currency, rate_date, exchange_rate) VALUES ('EUR', 'UAH', '2024-01-23', 38.107947);
INSERT INTO exchange_rates (from_currency, to_currency, rate_date, exchange_rate) VALUES ('EUR', 'UAH', '2024-01-24', 37.240681);
INSERT INTO exchange_rates (from_currency, to_currency, rate_date, exchange_rate) VALUES ('EUR', 'UAH', '2024-01-25', 38.240925);
INSERT INTO exchange_rates (from_currency, to_currency, rate_date, exchange_rate) VALUES ('EUR', 'UAH', '2024-01-26', 37.040771);
INSERT INTO exchange_rates (from_currency, to_currency, rate_date, exchange_rate) VALUES ('EUR', 'UAH', '2024-01-27', 37.687324);
INSERT INTO exchange_rates (from_currency, to_currency, rate_date, exchange_rate) VALUES ('EUR', 'UAH', '2024-01-28', 37.755180);
INSERT INTO exchange_rates (from_currency, to_currency, rate_date, exchange_rate) VALUES ('EUR', 'UAH', '2024-01-29', 37.795649);
INSERT INTO exchange_rates (from_currency, to_currency, rate_date, exchange_rate) VALUES ('EUR', 'UAH', '2024-01-30', 37.967742);
INSERT INTO exchange_rates (from_currency, to_currency, rate_date, exchange_rate) VALUES ('EUR', 'UAH', '2024-01-31', 37.842179);
INSERT INTO exchange_rates (from_currency, to_currency, rate_date, exchange_rate) VALUES ('EUR', 'UAH', '2024-02-01', 38.126988);
INSERT INTO exchange_rates (from_currency, to_currency, rate_date, exchange_rate) VALUES ('EUR', 'UAH', '2024-02-02', 38.715094);
INSERT INTO exchange_rates (from_currency, to_currency, rate_date, exchange_rate) VALUES ('EUR', 'UAH', '2024-02-03', 38.250494);
INSERT INTO exchange_rates (from_currency, to_currency, rate_date, exchange_rate) VALUES ('EUR', 'UAH', '2024-02-04', 37.642482);
INSERT INTO exchange_rates (from_currency, to_currency, rate_date, exchange_rate) VALUES ('EUR', 'UAH', '2024-02-05', 37.215087);
INSERT INTO exchange_rates (from_currency, to_currency, rate_date, exchange_rate) VALUES ('EUR', 'UAH', '2024-02-06', 37.019233);
INSERT INTO exchange_rates (from_currency, to_currency, rate_date, exchange_rate) VALUES ('EUR', 'UAH', '2024-02-07', 36.402131);
INSERT INTO exchange_rates (from_currency, to_currency, rate_date, exchange_rate) VALUES ('EUR', 'UAH', '2024-02-08', 36.620653);
INSERT INTO exchange_rates (from_currency, to_currency, rate_date, exchange_rate) VALUES ('EUR', 'UAH', '2024-02-09', 37.344951);
INSERT INTO exchange_rates (from_currency, to_currency, rate_date, exchange_rate) VALUES ('EUR', 'UAH', '2024-02-10', 37.862964);
INSERT INTO exchange_rates (from_currency, to_currency, rate_date, exchange_rate) VALUES ('EUR', 'UAH', '2024-02-11', 38.740552);
INSERT INTO exchange_rates (from_currency, to_currency, rate_date, exchange_rate) VALUES ('EUR', 'UAH', '2024-02-12', 38.771319);
INSERT INTO exchange_rates (from_currency, to_currency, rate_date, exchange_rate) VALUES ('EUR', 'UAH', '2024-02-13', 37.624933);
INSERT INTO exchange_rates (from_currency, to_currency, rate_date, exchange_rate) VALUES ('EUR', 'UAH', '2024-02-14', 38.091982);
INSERT INTO exchange_rates (from_currency, to_currency, rate_date, exchange_rate) VALUES ('EUR', 'UAH', '2024-02-15', 38.024296);
INSERT INTO exchange_rates (from_currency, to_currency, rate_date, exchange_rate) VALUES ('EUR', 'UAH', '2024-02-16', 38.394447);
INSERT INTO exchange_rates (from_currency, to_currency, rate_date, exchange_rate) VALUES ('EUR', 'UAH', '2024-02-17', 37.716014);
INSERT INTO exchange_rates (from_currency, to_currency, rate_date, exchange_rate) VALUES ('EUR', 'UAH', '2024-02-18', 38.047545);
INSERT INTO exchange_rates (from_currency, to_currency, rate_date, exchange_rate) VALUES ('EUR', 'UAH', '2024-02-19', 37.201131);
INSERT INTO exchange_rates (from_currency, to_currency, rate_date, exchange_rate) VALUES ('EUR', 'UAH', '2024-02-20', 37.524441);
INSERT INTO exchange_rates (from_currency, to_currency, rate_date, exchange_rate) VALUES ('EUR', 'UAH', '2024-02-21', 37.320889);
INSERT INTO exchange_rates (from_currency, to_currency, rate_date, exchange_rate) VALUES ('EUR', 'UAH', '2024-02-22', 36.480096);
INSERT INTO exchange_rates (from_currency, to_currency, rate_date, exchange_rate) VALUES ('EUR', 'UAH', '2024-02-23', 37.220103);
INSERT INTO exchange_rates (from_currency, to_currency, rate_date, exchange_rate) VALUES ('EUR', 'UAH', '2024-02-24', 37.229387);
INSERT INTO exchange_rates (from_currency, to_currency, rate_date, exchange_rate) VALUES ('EUR', 'UAH', '2024-02-25', 37.306904);
INSERT INTO exchange_rates (from_currency, to_currency, rate_date, exchange_rate) VALUES ('EUR', 'UAH', '2024-02-26', 38.052061);
INSERT INTO exchange_rates (from_currency, to_currency, rate_date, exchange_rate) VALUES ('EUR', 'UAH', '2024-02-27', 37.435684);
INSERT INTO exchange_rates (from_currency, to_currency, rate_date, exchange_rate) VALUES ('EUR', 'UAH', '2024-02-28', 37.719905);
INSERT INTO exchange_rates (from_currency, to_currency, rate_date, exchange_rate) VALUES ('EUR', 'UAH', '2024-02-29', 38.001803);
INSERT INTO exchange_rates (from_currency, to_currency, rate_date, exchange_rate) VALUES ('EUR', 'UAH', '2024-03-01', 38.597817);
INSERT INTO exchange_rates (from_currency, to_currency, rate_date, exchange_rate) VALUES ('EUR', 'UAH', '2024-03-02', 39.184287);
INSERT INTO exchange_rates (from_currency, to_currency, rate_date, exchange_rate) VALUES ('EUR', 'UAH', '2024-03-03', 38.931507);
INSERT INTO exchange_rates (from_currency, to_currency, rate_date, exchange_rate) VALUES ('EUR', 'UAH', '2024-03-04', 40.251980);
INSERT INTO exchange_rates (from_currency, to_currency, rate_date, exchange_rate) VALUES ('EUR', 'UAH', '2024-03-05', 40.568078);
INSERT INTO exchange_rates (from_currency, to_currency, rate_date, exchange_rate) VALUES ('EUR', 'UAH', '2024-03-06', 40.750729);
INSERT INTO exchange_rates (from_currency, to_currency, rate_date, exchange_rate) VALUES ('EUR', 'UAH', '2024-03-07', 41.798398);
INSERT INTO exchange_rates (from_currency, to_currency, rate_date, exchange_rate) VALUES ('EUR', 'UAH', '2024-03-08', 41.319753);
INSERT INTO exchange_rates (from_currency, to_currency, rate_date, exchange_rate) VALUES ('EUR', 'UAH', '2024-03-09', 41.575771);
INSERT INTO exchange_rates (from_currency, to_currency, rate_date, exchange_rate) VALUES ('EUR', 'UAH', '2024-03-10', 41.070183);
INSERT INTO exchange_rates (from_currency, to_currency, rate_date, exchange_rate) VALUES ('EUR', 'UAH', '2024-03-11', 40.310463);
INSERT INTO exchange_rates (from_currency, to_currency, rate_date, exchange_rate) VALUES ('EUR', 'UAH', '2024-03-12', 41.019450);
INSERT INTO exchange_rates (from_currency, to_currency, rate_date, exchange_rate) VALUES ('EUR', 'UAH', '2024-03-13', 40.943372);
INSERT INTO exchange_rates (from_currency, to_currency, rate_date, exchange_rate) VALUES ('EUR', 'UAH', '2024-03-14', 40.819373);
INSERT INTO exchange_rates (from_currency, to_currency, rate_date, exchange_rate) VALUES ('EUR', 'UAH', '2024-03-15', 40.959925);
INSERT INTO exchange_rates (from_currency, to_currency, rate_date, exchange_rate) VALUES ('EUR', 'UAH', '2024-03-16', 40.227693);
INSERT INTO exchange_rates (from_currency, to_currency, rate_date, exchange_rate) VALUES ('EUR', 'UAH', '2024-03-17', 41.375070);
INSERT INTO exchange_rates (from_currency, to_currency, rate_date, exchange_rate) VALUES ('EUR', 'UAH', '2024-03-18', 41.311666);
INSERT INTO exchange_rates (from_currency, to_currency, rate_date, exchange_rate) VALUES ('EUR', 'UAH', '2024-03-19', 41.122049);
INSERT INTO exchange_rates (from_currency, to_currency, rate_date, exchange_rate) VALUES ('EUR', 'UAH', '2024-03-20', 42.254749);
INSERT INTO exchange_rates (from_currency, to_currency, rate_date, exchange_rate) VALUES ('EUR', 'UAH', '2024-03-21', 41.909167);
INSERT INTO exchange_rates (from_currency, to_currency, rate_date, exchange_rate) VALUES ('EUR', 'UAH', '2024-03-22', 43.053622);
INSERT INTO exchange_rates (from_currency, to_currency, rate_date, exchange_rate) VALUES ('EUR', 'UAH', '2024-03-23', 42.964975);
INSERT INTO exchange_rates (from_currency, to_currency, rate_date, exchange_rate) VALUES ('EUR', 'UAH', '2024-03-24', 41.997185);
INSERT INTO exchange_rates (from_currency, to_currency, rate_date, exchange_rate) VALUES ('EUR', 'UAH', '2024-03-25', 40.234803);
INSERT INTO exchange_rates (from_currency, to_currency, rate_date, exchange_rate) VALUES ('EUR', 'UAH', '2024-03-26', 40.871883);
INSERT INTO exchange_rates (from_currency, to_currency, rate_date, exchange_rate) VALUES ('EUR', 'UAH', '2024-03-27', 40.149249);
INSERT INTO exchange_rates (from_currency, to_currency, rate_date, exchange_rate) VALUES ('EUR', 'UAH', '2024-03-28', 40.308228);
INSERT INTO exchange_rates (from_currency, to_currency, rate_date, exchange_rate) VALUES ('EUR', 'UAH', '2024-03-29', 41.092739);
INSERT INTO exchange_rates (from_currency, to_currency, rate_date, exchange_rate) VALUES ('EUR', 'UAH', '2024-03-30', 41.595163);
INSERT INTO exchange_rates (from_currency, to_currency, rate_date, exchange_rate) VALUES ('EUR', 'UAH', '2024-03-31', 41.542571);
INSERT INTO exchange_rates (from_currency, to_currency, rate_date, exchange_rate) VALUES ('EUR', 'UAH', '2024-04-01', 41.065039);
INSERT INTO exchange_rates (from_currency, to_currency, rate_date, exchange_rate) VALUES ('EUR', 'UAH', '2024-04-02', 40.935545);
INSERT INTO exchange_rates (from_currency, to_currency, rate_date, exchange_rate) VALUES ('EUR', 'UAH', '2024-04-03', 41.434401);
INSERT INTO exchange_rates (from_currency, to_currency, rate_date, exchange_rate) VALUES ('EUR', 'UAH', '2024-04-04', 41.957300);
INSERT INTO exchange_rates (from_currency, to_currency, rate_date, exchange_rate) VALUES ('EUR', 'UAH', '2024-04-05', 41.540097);
INSERT INTO exchange_rates (from_currency, to_currency, rate_date, exchange_rate) VALUES ('EUR', 'UAH', '2024-04-06', 42.328546);
INSERT INTO exchange_rates (from_currency, to_currency, rate_date, exchange_rate) VALUES ('EUR', 'UAH', '2024-04-07', 43.483814);
INSERT INTO exchange_rates (from_currency, to_currency, rate_date, exchange_rate) VALUES ('EUR', 'UAH', '2024-04-08', 43.671379);
INSERT INTO exchange_rates (from_currency, to_currency, rate_date, exchange_rate) VALUES ('EUR', 'UAH', '2024-04-09', 42.611291);
INSERT INTO exchange_rates (from_currency, to_currency, rate_date, exchange_rate) VALUES ('EUR', 'UAH', '2024-04-10', 41.747858);
INSERT INTO exchange_rates (from_currency, to_currency, rate_date, exchange_rate) VALUES ('EUR', 'UAH', '2024-04-11', 42.227199);
INSERT INTO exchange_rates (from_currency, to_currency, rate_date, exchange_rate) VALUES ('EUR', 'UAH', '2024-04-12', 43.221731);
INSERT INTO exchange_rates (from_currency, to_currency, rate_date, exchange_rate) VALUES ('EUR', 'UAH', '2024-04-13', 43.488421);
INSERT INTO exchange_rates (from_currency, to_currency, rate_date, exchange_rate) VALUES ('EUR', 'UAH', '2024-04-14', 43.128871);
INSERT INTO exchange_rates (from_currency, to_currency, rate_date, exchange_rate) VALUES ('EUR', 'UAH', '2024-04-15', 44.521292);
INSERT INTO exchange_rates (from_currency, to_currency, rate_date, exchange_rate) VALUES ('EUR', 'UAH', '2024-04-16', 44.085839);
INSERT INTO exchange_rates (from_currency, to_currency, rate_date, exchange_rate) VALUES ('EUR', 'UAH', '2024-04-17', 44.683752);
INSERT INTO exchange_rates (from_currency, to_currency, rate_date, exchange_rate) VALUES ('EUR', 'UAH', '2024-04-18', 45.460815);
INSERT INTO exchange_rates (from_currency, to_currency, rate_date, exchange_rate) VALUES ('EUR', 'UAH', '2024-04-19', 45.981030);
INSERT INTO exchange_rates (from_currency, to_currency, rate_date, exchange_rate) VALUES ('EUR', 'UAH', '2024-04-20', 45.675218);
INSERT INTO exchange_rates (from_currency, to_currency, rate_date, exchange_rate) VALUES ('EUR', 'UAH', '2024-04-21', 46.657664);
INSERT INTO exchange_rates (from_currency, to_currency, rate_date, exchange_rate) VALUES ('EUR', 'UAH', '2024-04-22', 46.682680);
INSERT INTO exchange_rates (from_currency, to_currency, rate_date, exchange_rate) VALUES ('EUR', 'UAH', '2024-04-23', 47.136093);
INSERT INTO exchange_rates (from_currency, to_currency, rate_date, exchange_rate) VALUES ('EUR', 'UAH', '2024-04-24', 46.474615);
INSERT INTO exchange_rates (from_currency, to_currency, rate_date, exchange_rate) VALUES ('EUR', 'UAH', '2024-04-25', 46.806129);
INSERT INTO exchange_rates (from_currency, to_currency, rate_date, exchange_rate) VALUES ('EUR', 'UAH', '2024-04-26', 45.467905);
INSERT INTO exchange_rates (from_currency, to_currency, rate_date, exchange_rate) VALUES ('EUR', 'UAH', '2024-04-27', 45.981485);
INSERT INTO exchange_rates (from_currency, to_currency, rate_date, exchange_rate) VALUES ('EUR', 'UAH', '2024-04-28', 45.488546);
INSERT INTO exchange_rates (from_currency, to_currency, rate_date, exchange_rate) VALUES ('EUR', 'UAH', '2024-04-29', 45.348641);
INSERT INTO exchange_rates (from_currency, to_currency, rate_date, exchange_rate) VALUES ('EUR', 'UAH', '2024-04-30', 46.373119);
INSERT INTO exchange_rates (from_currency, to_currency, rate_date, exchange_rate) VALUES ('EUR', 'UAH', '2024-05-01', 45.048099);
INSERT INTO exchange_rates (from_currency, to_currency, rate_date, exchange_rate) VALUES ('EUR', 'UAH', '2024-05-02', 45.279151);
INSERT INTO exchange_rates (from_currency, to_currency, rate_date, exchange_rate) VALUES ('EUR', 'UAH', '2024-05-03', 46.016460);
INSERT INTO exchange_rates (from_currency, to_currency, rate_date, exchange_rate) VALUES ('EUR', 'UAH', '2024-05-04', 45.467872);
INSERT INTO exchange_rates (from_currency, to_currency, rate_date, exchange_rate) VALUES ('EUR', 'UAH', '2024-05-05', 45.283269);
INSERT INTO exchange_rates (from_currency, to_currency, rate_date, exchange_rate) VALUES ('EUR', 'UAH', '2024-05-06', 44.753613);
INSERT INTO exchange_rates (from_currency, to_currency, rate_date, exchange_rate) VALUES ('EUR', 'UAH', '2024-05-07', 45.068764);
INSERT INTO exchange_rates (from_currency, to_currency, rate_date, exchange_rate) VALUES ('EUR', 'UAH', '2024-05-08', 45.330210);
INSERT INTO exchange_rates (from_currency, to_currency, rate_date, exchange_rate) VALUES ('EUR', 'UAH', '2024-05-09', 45.113470);
INSERT INTO exchange_rates (from_currency, to_currency, rate_date, exchange_rate) VALUES ('EUR', 'UAH', '2024-05-10', 45.738934);
INSERT INTO exchange_rates (from_currency, to_currency, rate_date, exchange_rate) VALUES ('EUR', 'UAH', '2024-05-11', 45.339636);
INSERT INTO exchange_rates (from_currency, to_currency, rate_date, exchange_rate) VALUES ('EUR', 'UAH', '2024-05-12', 45.450513);
INSERT INTO exchange_rates (from_currency, to_currency, rate_date, exchange_rate) VALUES ('EUR', 'UAH', '2024-05-13', 46.007249);
INSERT INTO exchange_rates (from_currency, to_currency, rate_date, exchange_rate) VALUES ('EUR', 'UAH', '2024-05-14', 45.946655);
INSERT INTO exchange_rates (from_currency, to_currency, rate_date, exchange_rate) VALUES ('EUR', 'UAH', '2024-05-15', 45.683430);
INSERT INTO exchange_rates (from_currency, to_currency, rate_date, exchange_rate) VALUES ('EUR', 'UAH', '2024-05-16', 44.918171);
INSERT INTO exchange_rates (from_currency, to_currency, rate_date, exchange_rate) VALUES ('EUR', 'UAH', '2024-05-17', 44.451145);
INSERT INTO exchange_rates (from_currency, to_currency, rate_date, exchange_rate) VALUES ('EUR', 'UAH', '2024-05-18', 45.506811);
INSERT INTO exchange_rates (from_currency, to_currency, rate_date, exchange_rate) VALUES ('EUR', 'UAH', '2024-05-19', 46.149066);
INSERT INTO exchange_rates (from_currency, to_currency, rate_date, exchange_rate) VALUES ('EUR', 'UAH', '2024-05-20', 46.505854);
INSERT INTO exchange_rates (from_currency, to_currency, rate_date, exchange_rate) VALUES ('EUR', 'UAH', '2024-05-21', 45.863287);
INSERT INTO exchange_rates (from_currency, to_currency, rate_date, exchange_rate) VALUES ('EUR', 'UAH', '2024-05-22', 46.750411);
INSERT INTO exchange_rates (from_currency, to_currency, rate_date, exchange_rate) VALUES ('EUR', 'UAH', '2024-05-23', 45.703296);
INSERT INTO exchange_rates (from_currency, to_currency, rate_date, exchange_rate) VALUES ('EUR', 'UAH', '2024-05-24', 45.838222);
INSERT INTO exchange_rates (from_currency, to_currency, rate_date, exchange_rate) VALUES ('EUR', 'UAH', '2024-05-25', 46.768101);
INSERT INTO exchange_rates (from_currency, to_currency, rate_date, exchange_rate) VALUES ('EUR', 'UAH', '2024-05-26', 46.707132);
INSERT INTO exchange_rates (from_currency, to_currency, rate_date, exchange_rate) VALUES ('EUR', 'UAH', '2024-05-27', 46.326686);
INSERT INTO exchange_rates (from_currency, to_currency, rate_date, exchange_rate) VALUES ('EUR', 'UAH', '2024-05-28', 45.500373);
INSERT INTO exchange_rates (from_currency, to_currency, rate_date, exchange_rate) VALUES ('EUR', 'UAH', '2024-05-29', 45.408764);
INSERT INTO exchange_rates (from_currency, to_currency, rate_date, exchange_rate) VALUES ('EUR', 'UAH', '2024-05-30', 45.662383);
INSERT INTO exchange_rates (from_currency, to_currency, rate_date, exchange_rate) VALUES ('EUR', 'UAH', '2024-05-31', 45.516381);
INSERT INTO exchange_rates (from_currency, to_currency, rate_date, exchange_rate) VALUES ('EUR', 'UAH', '2024-06-01', 45.186385);
INSERT INTO exchange_rates (from_currency, to_currency, rate_date, exchange_rate) VALUES ('EUR', 'UAH', '2024-06-02', 44.176351);
INSERT INTO exchange_rates (from_currency, to_currency, rate_date, exchange_rate) VALUES ('EUR', 'UAH', '2024-06-03', 44.682818);
INSERT INTO exchange_rates (from_currency, to_currency, rate_date, exchange_rate) VALUES ('EUR', 'UAH', '2024-06-04', 45.163057);
INSERT INTO exchange_rates (from_currency, to_currency, rate_date, exchange_rate) VALUES ('EUR', 'UAH', '2024-06-05', 46.251263);
INSERT INTO exchange_rates (from_currency, to_currency, rate_date, exchange_rate) VALUES ('EUR', 'UAH', '2024-06-06', 46.702477);
INSERT INTO exchange_rates (from_currency, to_currency, rate_date, exchange_rate) VALUES ('EUR', 'UAH', '2024-06-07', 46.636091);
INSERT INTO exchange_rates (from_currency, to_currency, rate_date, exchange_rate) VALUES ('EUR', 'UAH', '2024-06-08', 46.880971);
INSERT INTO exchange_rates (from_currency, to_currency, rate_date, exchange_rate) VALUES ('EUR', 'UAH', '2024-06-09', 46.596955);
INSERT INTO exchange_rates (from_currency, to_currency, rate_date, exchange_rate) VALUES ('EUR', 'UAH', '2024-06-10', 48.135603);
INSERT INTO exchange_rates (from_currency, to_currency, rate_date, exchange_rate) VALUES ('EUR', 'UAH', '2024-06-11', 47.702977);
INSERT INTO exchange_rates (from_currency, to_currency, rate_date, exchange_rate) VALUES ('EUR', 'UAH', '2024-06-12', 47.268211);
INSERT INTO exchange_rates (from_currency, to_currency, rate_date, exchange_rate) VALUES ('EUR', 'UAH', '2024-06-13', 48.568852);
INSERT INTO exchange_rates (from_currency, to_currency, rate_date, exchange_rate) VALUES ('EUR', 'UAH', '2024-06-14', 49.215788);
INSERT INTO exchange_rates (from_currency, to_currency, rate_date, exchange_rate) VALUES ('EUR', 'UAH', '2024-06-15', 49.301771);
INSERT INTO exchange_rates (from_currency, to_currency, rate_date, exchange_rate) VALUES ('EUR', 'UAH', '2024-06-16', 49.839382);
INSERT INTO exchange_rates (from_currency, to_currency, rate_date, exchange_rate) VALUES ('EUR', 'UAH', '2024-06-17', 49.031000);
INSERT INTO exchange_rates (from_currency, to_currency, rate_date, exchange_rate) VALUES ('EUR', 'UAH', '2024-06-18', 47.751562);
INSERT INTO exchange_rates (from_currency, to_currency, rate_date, exchange_rate) VALUES ('EUR', 'UAH', '2024-06-19', 48.237688);
INSERT INTO exchange_rates (from_currency, to_currency, rate_date, exchange_rate) VALUES ('EUR', 'UAH', '2024-06-20', 49.416242);
INSERT INTO exchange_rates (from_currency, to_currency, rate_date, exchange_rate) VALUES ('EUR', 'UAH', '2024-06-21', 48.871348);
INSERT INTO exchange_rates (from_currency, to_currency, rate_date, exchange_rate) VALUES ('EUR', 'UAH', '2024-06-22', 49.253813);
INSERT INTO exchange_rates (from_currency, to_currency, rate_date, exchange_rate) VALUES ('EUR', 'UAH', '2024-06-23', 49.065855);
INSERT INTO exchange_rates (from_currency, to_currency, rate_date, exchange_rate) VALUES ('EUR', 'UAH', '2024-06-24', 49.701827);
INSERT INTO exchange_rates (from_currency, to_currency, rate_date, exchange_rate) VALUES ('EUR', 'UAH', '2024-06-25', 50.330945);
INSERT INTO exchange_rates (from_currency, to_currency, rate_date, exchange_rate) VALUES ('EUR', 'UAH', '2024-06-26', 50.428330);
INSERT INTO exchange_rates (from_currency, to_currency, rate_date, exchange_rate) VALUES ('EUR', 'UAH', '2024-06-27', 49.576749);
INSERT INTO exchange_rates (from_currency, to_currency, rate_date, exchange_rate) VALUES ('EUR', 'UAH', '2024-06-28', 50.136410);
INSERT INTO exchange_rates (from_currency, to_currency, rate_date, exchange_rate) VALUES ('EUR', 'UAH', '2024-06-29', 48.797301);
INSERT INTO exchange_rates (from_currency, to_currency, rate_date, exchange_rate) VALUES ('EUR', 'UAH', '2024-06-30', 48.096444);
INSERT INTO exchange_rates (from_currency, to_currency, rate_date, exchange_rate) VALUES ('EUR', 'UAH', '2024-07-01', 48.280652);
INSERT INTO exchange_rates (from_currency, to_currency, rate_date, exchange_rate) VALUES ('EUR', 'UAH', '2024-07-02', 47.641140);
INSERT INTO exchange_rates (from_currency, to_currency, rate_date, exchange_rate) VALUES ('EUR', 'UAH', '2024-07-03', 47.772088);
INSERT INTO exchange_rates (from_currency, to_currency, rate_date, exchange_rate) VALUES ('EUR', 'UAH', '2024-07-04', 49.072459);
INSERT INTO exchange_rates (from_currency, to_currency, rate_date, exchange_rate) VALUES ('EUR', 'UAH', '2024-07-05', 48.181380);
INSERT INTO exchange_rates (from_currency, to_currency, rate_date, exchange_rate) VALUES ('EUR', 'UAH', '2024-07-06', 46.667452);
INSERT INTO exchange_rates (from_currency, to_currency, rate_date, exchange_rate) VALUES ('EUR', 'UAH', '2024-07-07', 47.111812);
INSERT INTO exchange_rates (from_currency, to_currency, rate_date, exchange_rate) VALUES ('EUR', 'UAH', '2024-07-08', 46.337557);
INSERT INTO exchange_rates (from_currency, to_currency, rate_date, exchange_rate) VALUES ('EUR', 'UAH', '2024-07-09', 45.931699);
INSERT INTO exchange_rates (from_currency, to_currency, rate_date, exchange_rate) VALUES ('EUR', 'UAH', '2024-07-10', 45.569251);
INSERT INTO exchange_rates (from_currency, to_currency, rate_date, exchange_rate) VALUES ('EUR', 'UAH', '2024-07-11', 46.130467);
INSERT INTO exchange_rates (from_currency, to_currency, rate_date, exchange_rate) VALUES ('EUR', 'UAH', '2024-07-12', 46.244464);
INSERT INTO exchange_rates (from_currency, to_currency, rate_date, exchange_rate) VALUES ('EUR', 'UAH', '2024-07-13', 45.759632);
INSERT INTO exchange_rates (from_currency, to_currency, rate_date, exchange_rate) VALUES ('EUR', 'UAH', '2024-07-14', 44.909328);
INSERT INTO exchange_rates (from_currency, to_currency, rate_date, exchange_rate) VALUES ('EUR', 'UAH', '2024-07-15', 45.225979);
INSERT INTO exchange_rates (from_currency, to_currency, rate_date, exchange_rate) VALUES ('EUR', 'UAH', '2024-07-16', 46.298803);
INSERT INTO exchange_rates (from_currency, to_currency, rate_date, exchange_rate) VALUES ('EUR', 'UAH', '2024-07-17', 46.172596);
INSERT INTO exchange_rates (from_currency, to_currency, rate_date, exchange_rate) VALUES ('EUR', 'UAH', '2024-07-18', 46.075520);
INSERT INTO exchange_rates (from_currency, to_currency, rate_date, exchange_rate) VALUES ('EUR', 'UAH', '2024-07-19', 46.270970);
INSERT INTO exchange_rates (from_currency, to_currency, rate_date, exchange_rate) VALUES ('EUR', 'UAH', '2024-07-20', 46.028419);
INSERT INTO exchange_rates (from_currency, to_currency, rate_date, exchange_rate) VALUES ('EUR', 'UAH', '2024-07-21', 45.559065);
INSERT INTO exchange_rates (from_currency, to_currency, rate_date, exchange_rate) VALUES ('EUR', 'UAH', '2024-07-22', 45.464173);
INSERT INTO exchange_rates (from_currency, to_currency, rate_date, exchange_rate) VALUES ('EUR', 'UAH', '2024-07-23', 45.379412);
INSERT INTO exchange_rates (from_currency, to_currency, rate_date, exchange_rate) VALUES ('EUR', 'UAH', '2024-07-24', 43.888659);
INSERT INTO exchange_rates (from_currency, to_currency, rate_date, exchange_rate) VALUES ('EUR', 'UAH', '2024-07-25', 44.979483);
INSERT INTO exchange_rates (from_currency, to_currency, rate_date, exchange_rate) VALUES ('EUR', 'UAH', '2024-07-26', 44.288495);
INSERT INTO exchange_rates (from_currency, to_currency, rate_date, exchange_rate) VALUES ('EUR', 'UAH', '2024-07-27', 43.594393);
INSERT INTO exchange_rates (from_currency, to_currency, rate_date, exchange_rate) VALUES ('EUR', 'UAH', '2024-07-28', 43.670774);
INSERT INTO exchange_rates (from_currency, to_currency, rate_date, exchange_rate) VALUES ('EUR', 'UAH', '2024-07-29', 44.186685);
INSERT INTO exchange_rates (from_currency, to_currency, rate_date, exchange_rate) VALUES ('EUR', 'UAH', '2024-07-30', 43.594393);
INSERT INTO exchange_rates (from_currency, to_currency, rate_date, exchange_rate) VALUES ('EUR', 'UAH', '2024-07-31', 43.512047);
INSERT INTO exchange_rates (from_currency, to_currency, rate_date, exchange_rate) VALUES ('EUR', 'UAH', '2024-08-01', 44.203941);
INSERT INTO exchange_rates (from_currency, to_currency, rate_date, exchange_rate) VALUES ('EUR', 'UAH', '2024-08-02', 43.539436);
INSERT INTO exchange_rates (from_currency, to_currency, rate_date, exchange_rate) VALUES ('EUR', 'UAH', '2024-08-03', 42.784649);
INSERT INTO exchange_rates (from_currency, to_currency, rate_date, exchange_rate) VALUES ('EUR', 'UAH', '2024-08-04', 43.041414);
INSERT INTO exchange_rates (from_currency, to_currency, rate_date, exchange_rate) VALUES ('EUR', 'UAH', '2024-08-05', 43.344639);
INSERT INTO exchange_rates (from_currency, to_currency, rate_date, exchange_rate) VALUES ('EUR', 'UAH', '2024-08-06', 44.932972);
INSERT INTO exchange_rates (from_currency, to_currency, rate_date, exchange_rate) VALUES ('EUR', 'UAH', '2024-08-07', 44.951570);
INSERT INTO exchange_rates (from_currency, to_currency, rate_date, exchange_rate) VALUES ('EUR', 'UAH', '2024-08-08', 43.982590);
INSERT INTO exchange_rates (from_currency, to_currency, rate_date, exchange_rate) VALUES ('EUR', 'UAH', '2024-08-09', 43.684001);
INSERT INTO exchange_rates (from_currency, to_currency, rate_date, exchange_rate) VALUES ('EUR', 'UAH', '2024-08-10', 43.323942);
INSERT INTO exchange_rates (from_currency, to_currency, rate_date, exchange_rate) VALUES ('EUR', 'UAH', '2024-08-11', 43.243119);
INSERT INTO exchange_rates (from_currency, to_currency, rate_date, exchange_rate) VALUES ('EUR', 'UAH', '2024-08-12', 42.936835);
INSERT INTO exchange_rates (from_currency, to_currency, rate_date, exchange_rate) VALUES ('EUR', 'UAH', '2024-08-13', 42.521329);
INSERT INTO exchange_rates (from_currency, to_currency, rate_date, exchange_rate) VALUES ('EUR', 'UAH', '2024-08-14', 42.305851);
INSERT INTO exchange_rates (from_currency, to_currency, rate_date, exchange_rate) VALUES ('EUR', 'UAH', '2024-08-15', 42.471764);
INSERT INTO exchange_rates (from_currency, to_currency, rate_date, exchange_rate) VALUES ('EUR', 'UAH', '2024-08-16', 41.995431);
INSERT INTO exchange_rates (from_currency, to_currency, rate_date, exchange_rate) VALUES ('EUR', 'UAH', '2024-08-17', 42.451957);
INSERT INTO exchange_rates (from_currency, to_currency, rate_date, exchange_rate) VALUES ('EUR', 'UAH', '2024-08-18', 42.594205);
INSERT INTO exchange_rates (from_currency, to_currency, rate_date, exchange_rate) VALUES ('EUR', 'UAH', '2024-08-19', 41.969511);
INSERT INTO exchange_rates (from_currency, to_currency, rate_date, exchange_rate) VALUES ('EUR', 'UAH', '2024-08-20', 42.372170);
INSERT INTO exchange_rates (from_currency, to_currency, rate_date, exchange_rate) VALUES ('EUR', 'UAH', '2024-08-21', 42.375952);
INSERT INTO exchange_rates (from_currency, to_currency, rate_date, exchange_rate) VALUES ('EUR', 'UAH', '2024-08-22', 43.002025);
INSERT INTO exchange_rates (from_currency, to_currency, rate_date, exchange_rate) VALUES ('EUR', 'UAH', '2024-08-23', 43.500078);
INSERT INTO exchange_rates (from_currency, to_currency, rate_date, exchange_rate) VALUES ('EUR', 'UAH', '2024-08-24', 44.163195);
INSERT INTO exchange_rates (from_currency, to_currency, rate_date, exchange_rate) VALUES ('EUR', 'UAH', '2024-08-25', 43.626850);
INSERT INTO exchange_rates (from_currency, to_currency, rate_date, exchange_rate) VALUES ('EUR', 'UAH', '2024-08-26', 43.400466);
INSERT INTO exchange_rates (from_currency, to_currency, rate_date, exchange_rate) VALUES ('EUR', 'UAH', '2024-08-27', 43.023180);
INSERT INTO exchange_rates (from_currency, to_currency, rate_date, exchange_rate) VALUES ('EUR', 'UAH', '2024-08-28', 42.773637);
INSERT INTO exchange_rates (from_currency, to_currency, rate_date, exchange_rate) VALUES ('EUR', 'UAH', '2024-08-29', 42.115150);
INSERT INTO exchange_rates (from_currency, to_currency, rate_date, exchange_rate) VALUES ('EUR', 'UAH', '2024-08-30', 41.980015);
INSERT INTO exchange_rates (from_currency, to_currency, rate_date, exchange_rate) VALUES ('EUR', 'UAH', '2024-08-31', 41.285414);
INSERT INTO exchange_rates (from_currency, to_currency, rate_date, exchange_rate) VALUES ('EUR', 'UAH', '2024-09-01', 41.066934);
INSERT INTO exchange_rates (from_currency, to_currency, rate_date, exchange_rate) VALUES ('EUR', 'UAH', '2024-09-02', 40.900448);
INSERT INTO exchange_rates (from_currency, to_currency, rate_date, exchange_rate) VALUES ('EUR', 'UAH', '2024-09-03', 40.965643);
INSERT INTO exchange_rates (from_currency, to_currency, rate_date, exchange_rate) VALUES ('EUR', 'UAH', '2024-09-04', 40.823790);
INSERT INTO exchange_rates (from_currency, to_currency, rate_date, exchange_rate) VALUES ('EUR', 'UAH', '2024-09-05', 41.759372);
INSERT INTO exchange_rates (from_currency, to_currency, rate_date, exchange_rate) VALUES ('EUR', 'UAH', '2024-09-06', 40.313965);
INSERT INTO exchange_rates (from_currency, to_currency, rate_date, exchange_rate) VALUES ('EUR', 'UAH', '2024-09-07', 40.961018);
INSERT INTO exchange_rates (from_currency, to_currency, rate_date, exchange_rate) VALUES ('EUR', 'UAH', '2024-09-08', 41.576833);
INSERT INTO exchange_rates (from_currency, to_currency, rate_date, exchange_rate) VALUES ('EUR', 'UAH', '2024-09-09', 41.892127);
INSERT INTO exchange_rates (from_currency, to_currency, rate_date, exchange_rate) VALUES ('EUR', 'UAH', '2024-09-10', 41.541233);
INSERT INTO exchange_rates (from_currency, to_currency, rate_date, exchange_rate) VALUES ('EUR', 'UAH', '2024-09-11', 42.221278);
INSERT INTO exchange_rates (from_currency, to_currency, rate_date, exchange_rate) VALUES ('EUR', 'UAH', '2024-09-12', 41.709717);
INSERT INTO exchange_rates (from_currency, to_currency, rate_date, exchange_rate) VALUES ('EUR', 'UAH', '2024-09-13', 41.613553);
INSERT INTO exchange_rates (from_currency, to_currency, rate_date, exchange_rate) VALUES ('EUR', 'UAH', '2024-09-14', 41.785020);
INSERT INTO exchange_rates (from_currency, to_currency, rate_date, exchange_rate) VALUES ('EUR', 'UAH', '2024-09-15', 43.654552);
INSERT INTO exchange_rates (from_currency, to_currency, rate_date, exchange_rate) VALUES ('EUR', 'UAH', '2024-09-16', 42.174890);
INSERT INTO exchange_rates (from_currency, to_currency, rate_date, exchange_rate) VALUES ('EUR', 'UAH', '2024-09-17', 42.545788);
INSERT INTO exchange_rates (from_currency, to_currency, rate_date, exchange_rate) VALUES ('EUR', 'UAH', '2024-09-18', 43.317706);
INSERT INTO exchange_rates (from_currency, to_currency, rate_date, exchange_rate) VALUES ('EUR', 'UAH', '2024-09-19', 44.822057);
INSERT INTO exchange_rates (from_currency, to_currency, rate_date, exchange_rate) VALUES ('EUR', 'UAH', '2024-09-20', 43.688195);
INSERT INTO exchange_rates (from_currency, to_currency, rate_date, exchange_rate) VALUES ('EUR', 'UAH', '2024-09-21', 44.049749);
INSERT INTO exchange_rates (from_currency, to_currency, rate_date, exchange_rate) VALUES ('EUR', 'UAH', '2024-09-22', 44.244515);
INSERT INTO exchange_rates (from_currency, to_currency, rate_date, exchange_rate) VALUES ('EUR', 'UAH', '2024-09-23', 44.878526);
INSERT INTO exchange_rates (from_currency, to_currency, rate_date, exchange_rate) VALUES ('EUR', 'UAH', '2024-09-24', 46.138539);
INSERT INTO exchange_rates (from_currency, to_currency, rate_date, exchange_rate) VALUES ('EUR', 'UAH', '2024-09-25', 46.234979);
INSERT INTO exchange_rates (from_currency, to_currency, rate_date, exchange_rate) VALUES ('EUR', 'UAH', '2024-09-26', 46.451372);
INSERT INTO exchange_rates (from_currency, to_currency, rate_date, exchange_rate) VALUES ('EUR', 'UAH', '2024-09-27', 45.622012);
INSERT INTO exchange_rates (from_currency, to_currency, rate_date, exchange_rate) VALUES ('EUR', 'UAH', '2024-09-28', 46.025013);
INSERT INTO exchange_rates (from_currency, to_currency, rate_date, exchange_rate) VALUES ('EUR', 'UAH', '2024-09-29', 46.061904);
INSERT INTO exchange_rates (from_currency, to_currency, rate_date, exchange_rate) VALUES ('EUR', 'UAH', '2024-09-30', 47.095218);
INSERT INTO exchange_rates (from_currency, to_currency, rate_date, exchange_rate) VALUES ('EUR', 'UAH', '2024-10-01', 47.533773);
INSERT INTO exchange_rates (from_currency, to_currency, rate_date, exchange_rate) VALUES ('EUR', 'UAH', '2024-10-02', 47.327064);
INSERT INTO exchange_rates (from_currency, to_currency, rate_date, exchange_rate) VALUES ('EUR', 'UAH', '2024-10-03', 46.869130);
INSERT INTO exchange_rates (from_currency, to_currency, rate_date, exchange_rate) VALUES ('EUR', 'UAH', '2024-10-04', 46.857576);
INSERT INTO exchange_rates (from_currency, to_currency, rate_date, exchange_rate) VALUES ('EUR', 'UAH', '2024-10-05', 48.959123);
INSERT INTO exchange_rates (from_currency, to_currency, rate_date, exchange_rate) VALUES ('EUR', 'UAH', '2024-10-06', 49.013348);
INSERT INTO exchange_rates (from_currency, to_currency, rate_date, exchange_rate) VALUES ('EUR', 'UAH', '2024-10-07', 47.873441);
INSERT INTO exchange_rates (from_currency, to_currency, rate_date, exchange_rate) VALUES ('EUR', 'UAH', '2024-10-08', 47.807920);
INSERT INTO exchange_rates (from_currency, to_currency, rate_date, exchange_rate) VALUES ('EUR', 'UAH', '2024-10-09', 47.723248);
INSERT INTO exchange_rates (from_currency, to_currency, rate_date, exchange_rate) VALUES ('EUR', 'UAH', '2024-10-10', 47.294513);
INSERT INTO exchange_rates (from_currency, to_currency, rate_date, exchange_rate) VALUES ('EUR', 'UAH', '2024-10-11', 46.566023);
INSERT INTO exchange_rates (from_currency, to_currency, rate_date, exchange_rate) VALUES ('EUR', 'UAH', '2024-10-12', 46.687541);
INSERT INTO exchange_rates (from_currency, to_currency, rate_date, exchange_rate) VALUES ('EUR', 'UAH', '2024-10-13', 46.985746);
INSERT INTO exchange_rates (from_currency, to_currency, rate_date, exchange_rate) VALUES ('EUR', 'UAH', '2024-10-14', 48.161706);
INSERT INTO exchange_rates (from_currency, to_currency, rate_date, exchange_rate) VALUES ('EUR', 'UAH', '2024-10-15', 48.369677);
INSERT INTO exchange_rates (from_currency, to_currency, rate_date, exchange_rate) VALUES ('EUR', 'UAH', '2024-10-16', 49.075847);
INSERT INTO exchange_rates (from_currency, to_currency, rate_date, exchange_rate) VALUES ('EUR', 'UAH', '2024-10-17', 51.039779);
INSERT INTO exchange_rates (from_currency, to_currency, rate_date, exchange_rate) VALUES ('EUR', 'UAH', '2024-10-18', 51.505125);
INSERT INTO exchange_rates (from_currency, to_currency, rate_date, exchange_rate) VALUES ('EUR', 'UAH', '2024-10-19', 51.834430);
INSERT INTO exchange_rates (from_currency, to_currency, rate_date, exchange_rate) VALUES ('EUR', 'UAH', '2024-10-20', 52.656484);
INSERT INTO exchange_rates (from_currency, to_currency, rate_date, exchange_rate) VALUES ('EUR', 'UAH', '2024-10-21', 52.782407);
INSERT INTO exchange_rates (from_currency, to_currency, rate_date, exchange_rate) VALUES ('EUR', 'UAH', '2024-10-22', 52.628884);
INSERT INTO exchange_rates (from_currency, to_currency, rate_date, exchange_rate) VALUES ('EUR', 'UAH', '2024-10-23', 52.692463);
INSERT INTO exchange_rates (from_currency, to_currency, rate_date, exchange_rate) VALUES ('EUR', 'UAH', '2024-10-24', 54.188322);
INSERT INTO exchange_rates (from_currency, to_currency, rate_date, exchange_rate) VALUES ('EUR', 'UAH', '2024-10-25', 54.383966);
INSERT INTO exchange_rates (from_currency, to_currency, rate_date, exchange_rate) VALUES ('EUR', 'UAH', '2024-10-26', 55.081633);
INSERT INTO exchange_rates (from_currency, to_currency, rate_date, exchange_rate) VALUES ('EUR', 'UAH', '2024-10-27', 55.655940);
INSERT INTO exchange_rates (from_currency, to_currency, rate_date, exchange_rate) VALUES ('EUR', 'UAH', '2024-10-28', 56.526432);
INSERT INTO exchange_rates (from_currency, to_currency, rate_date, exchange_rate) VALUES ('EUR', 'UAH', '2024-10-29', 57.375221);
INSERT INTO exchange_rates (from_currency, to_currency, rate_date, exchange_rate) VALUES ('EUR', 'UAH', '2024-10-30', 56.184714);
INSERT INTO exchange_rates (from_currency, to_currency, rate_date, exchange_rate) VALUES ('EUR', 'UAH', '2024-10-31', 55.716872);
INSERT INTO exchange_rates (from_currency, to_currency, rate_date, exchange_rate) VALUES ('EUR', 'UAH', '2024-11-01', 55.125529);
INSERT INTO exchange_rates (from_currency, to_currency, rate_date, exchange_rate) VALUES ('EUR', 'UAH', '2024-11-02', 54.749677);
INSERT INTO exchange_rates (from_currency, to_currency, rate_date, exchange_rate) VALUES ('EUR', 'UAH', '2024-11-03', 53.926520);
INSERT INTO exchange_rates (from_currency, to_currency, rate_date, exchange_rate) VALUES ('EUR', 'UAH', '2024-11-04', 53.474700);
INSERT INTO exchange_rates (from_currency, to_currency, rate_date, exchange_rate) VALUES ('EUR', 'UAH', '2024-11-05', 53.975504);
INSERT INTO exchange_rates (from_currency, to_currency, rate_date, exchange_rate) VALUES ('EUR', 'UAH', '2024-11-06', 53.244837);
INSERT INTO exchange_rates (from_currency, to_currency, rate_date, exchange_rate) VALUES ('EUR', 'UAH', '2024-11-07', 54.485470);
INSERT INTO exchange_rates (from_currency, to_currency, rate_date, exchange_rate) VALUES ('EUR', 'UAH', '2024-11-08', 55.867263);
INSERT INTO exchange_rates (from_currency, to_currency, rate_date, exchange_rate) VALUES ('EUR', 'UAH', '2024-11-09', 56.933182);
INSERT INTO exchange_rates (from_currency, to_currency, rate_date, exchange_rate) VALUES ('EUR', 'UAH', '2024-11-10', 55.562661);
INSERT INTO exchange_rates (from_currency, to_currency, rate_date, exchange_rate) VALUES ('EUR', 'UAH', '2024-11-11', 54.471435);
INSERT INTO exchange_rates (from_currency, to_currency, rate_date, exchange_rate) VALUES ('EUR', 'UAH', '2024-11-12', 54.654774);
INSERT INTO exchange_rates (from_currency, to_currency, rate_date, exchange_rate) VALUES ('EUR', 'UAH', '2024-11-13', 53.984554);
INSERT INTO exchange_rates (from_currency, to_currency, rate_date, exchange_rate) VALUES ('EUR', 'UAH', '2024-11-14', 54.382077);
INSERT INTO exchange_rates (from_currency, to_currency, rate_date, exchange_rate) VALUES ('EUR', 'UAH', '2024-11-15', 54.273381);
INSERT INTO exchange_rates (from_currency, to_currency, rate_date, exchange_rate) VALUES ('EUR', 'UAH', '2024-11-16', 54.485667);
INSERT INTO exchange_rates (from_currency, to_currency, rate_date, exchange_rate) VALUES ('EUR', 'UAH', '2024-11-17', 55.730900);
INSERT INTO exchange_rates (from_currency, to_currency, rate_date, exchange_rate) VALUES ('EUR', 'UAH', '2024-11-18', 55.447195);
INSERT INTO exchange_rates (from_currency, to_currency, rate_date, exchange_rate) VALUES ('EUR', 'UAH', '2024-11-19', 54.727440);
INSERT INTO exchange_rates (from_currency, to_currency, rate_date, exchange_rate) VALUES ('EUR', 'UAH', '2024-11-20', 54.557013);
INSERT INTO exchange_rates (from_currency, to_currency, rate_date, exchange_rate) VALUES ('EUR', 'UAH', '2024-11-21', 55.455563);
INSERT INTO exchange_rates (from_currency, to_currency, rate_date, exchange_rate) VALUES ('EUR', 'UAH', '2024-11-22', 56.177544);
INSERT INTO exchange_rates (from_currency, to_currency, rate_date, exchange_rate) VALUES ('EUR', 'UAH', '2024-11-23', 56.921349);
INSERT INTO exchange_rates (from_currency, to_currency, rate_date, exchange_rate) VALUES ('EUR', 'UAH', '2024-11-24', 57.027850);
INSERT INTO exchange_rates (from_currency, to_currency, rate_date, exchange_rate) VALUES ('EUR', 'UAH', '2024-11-25', 56.853998);
INSERT INTO exchange_rates (from_currency, to_currency, rate_date, exchange_rate) VALUES ('EUR', 'UAH', '2024-11-26', 57.894396);
INSERT INTO exchange_rates (from_currency, to_currency, rate_date, exchange_rate) VALUES ('EUR', 'UAH', '2024-11-27', 58.847193);
INSERT INTO exchange_rates (from_currency, to_currency, rate_date, exchange_rate) VALUES ('EUR', 'UAH', '2024-11-28', 57.450784);
INSERT INTO exchange_rates (from_currency, to_currency, rate_date, exchange_rate) VALUES ('EUR', 'UAH', '2024-11-29', 57.657395);
INSERT INTO exchange_rates (from_currency, to_currency, rate_date, exchange_rate) VALUES ('EUR', 'UAH', '2024-11-30', 57.328001);
INSERT INTO exchange_rates (from_currency, to_currency, rate_date, exchange_rate) VALUES ('EUR', 'UAH', '2024-12-01', 56.987187);
INSERT INTO exchange_rates (from_currency, to_currency, rate_date, exchange_rate) VALUES ('EUR', 'UAH', '2024-12-02', 55.592320);
INSERT INTO exchange_rates (from_currency, to_currency, rate_date, exchange_rate) VALUES ('EUR', 'UAH', '2024-12-03', 55.586097);
INSERT INTO exchange_rates (from_currency, to_currency, rate_date, exchange_rate) VALUES ('EUR', 'UAH', '2024-12-04', 54.443325);
INSERT INTO exchange_rates (from_currency, to_currency, rate_date, exchange_rate) VALUES ('EUR', 'UAH', '2024-12-05', 55.159658);
INSERT INTO exchange_rates (from_currency, to_currency, rate_date, exchange_rate) VALUES ('EUR', 'UAH', '2024-12-06', 55.309766);
INSERT INTO exchange_rates (from_currency, to_currency, rate_date, exchange_rate) VALUES ('EUR', 'UAH', '2024-12-07', 55.495808);
INSERT INTO exchange_rates (from_currency, to_currency, rate_date, exchange_rate) VALUES ('EUR', 'UAH', '2024-12-08', 56.981081);
INSERT INTO exchange_rates (from_currency, to_currency, rate_date, exchange_rate) VALUES ('EUR', 'UAH', '2024-12-09', 57.465743);
INSERT INTO exchange_rates (from_currency, to_currency, rate_date, exchange_rate) VALUES ('EUR', 'UAH', '2024-12-10', 58.439754);
INSERT INTO exchange_rates (from_currency, to_currency, rate_date, exchange_rate) VALUES ('EUR', 'UAH', '2024-12-11', 57.939858);
INSERT INTO exchange_rates (from_currency, to_currency, rate_date, exchange_rate) VALUES ('EUR', 'UAH', '2024-12-12', 58.087456);
INSERT INTO exchange_rates (from_currency, to_currency, rate_date, exchange_rate) VALUES ('EUR', 'UAH', '2024-12-13', 59.208531);
INSERT INTO exchange_rates (from_currency, to_currency, rate_date, exchange_rate) VALUES ('EUR', 'UAH', '2024-12-14', 57.710673);
INSERT INTO exchange_rates (from_currency, to_currency, rate_date, exchange_rate) VALUES ('EUR', 'UAH', '2024-12-15', 57.037568);
INSERT INTO exchange_rates (from_currency, to_currency, rate_date, exchange_rate) VALUES ('EUR', 'UAH', '2024-12-16', 57.918660);
INSERT INTO exchange_rates (from_currency, to_currency, rate_date, exchange_rate) VALUES ('EUR', 'UAH', '2024-12-17', 57.510438);
INSERT INTO exchange_rates (from_currency, to_currency, rate_date, exchange_rate) VALUES ('EUR', 'UAH', '2024-12-18', 57.076357);
INSERT INTO exchange_rates (from_currency, to_currency, rate_date, exchange_rate) VALUES ('EUR', 'UAH', '2024-12-19', 57.006332);
INSERT INTO exchange_rates (from_currency, to_currency, rate_date, exchange_rate) VALUES ('EUR', 'UAH', '2024-12-20', 57.354702);
INSERT INTO exchange_rates (from_currency, to_currency, rate_date, exchange_rate) VALUES ('EUR', 'UAH', '2024-12-21', 57.343400);
INSERT INTO exchange_rates (from_currency, to_currency, rate_date, exchange_rate) VALUES ('EUR', 'UAH', '2024-12-22', 56.860704);
INSERT INTO exchange_rates (from_currency, to_currency, rate_date, exchange_rate) VALUES ('EUR', 'UAH', '2024-12-23', 56.112576);
INSERT INTO exchange_rates (from_currency, to_currency, rate_date, exchange_rate) VALUES ('EUR', 'UAH', '2024-12-24', 56.061833);
INSERT INTO exchange_rates (from_currency, to_currency, rate_date, exchange_rate) VALUES ('EUR', 'UAH', '2024-12-25', 55.836485);
INSERT INTO exchange_rates (from_currency, to_currency, rate_date, exchange_rate) VALUES ('EUR', 'UAH', '2024-12-26', 56.092294);
INSERT INTO exchange_rates (from_currency, to_currency, rate_date, exchange_rate) VALUES ('EUR', 'UAH', '2024-12-27', 56.270937);
INSERT INTO exchange_rates (from_currency, to_currency, rate_date, exchange_rate) VALUES ('EUR', 'UAH', '2024-12-28', 56.443275);
INSERT INTO exchange_rates (from_currency, to_currency, rate_date, exchange_rate) VALUES ('EUR', 'UAH', '2024-12-29', 56.348748);
INSERT INTO exchange_rates (from_currency, to_currency, rate_date, exchange_rate) VALUES ('EUR', 'UAH', '2024-12-30', 57.625520);
INSERT INTO exchange_rates (from_currency, to_currency, rate_date, exchange_rate) VALUES ('EUR', 'UAH', '2024-12-31', 56.532356);
INSERT INTO exchange_rates (from_currency, to_currency, rate_date, exchange_rate) VALUES ('CNY', 'UAH', '2024-01-01', 5.400000);
INSERT INTO exchange_rates (from_currency, to_currency, rate_date, exchange_rate) VALUES ('CNY', 'UAH', '2024-01-02', 5.376029);
INSERT INTO exchange_rates (from_currency, to_currency, rate_date, exchange_rate) VALUES ('CNY', 'UAH', '2024-01-03', 5.405619);
INSERT INTO exchange_rates (from_currency, to_currency, rate_date, exchange_rate) VALUES ('CNY', 'UAH', '2024-01-04', 5.316969);
INSERT INTO exchange_rates (from_currency, to_currency, rate_date, exchange_rate) VALUES ('CNY', 'UAH', '2024-01-05', 5.553238);
INSERT INTO exchange_rates (from_currency, to_currency, rate_date, exchange_rate) VALUES ('CNY', 'UAH', '2024-01-06', 5.572018);
INSERT INTO exchange_rates (from_currency, to_currency, rate_date, exchange_rate) VALUES ('CNY', 'UAH', '2024-01-07', 5.592394);
INSERT INTO exchange_rates (from_currency, to_currency, rate_date, exchange_rate) VALUES ('CNY', 'UAH', '2024-01-08', 5.464207);
INSERT INTO exchange_rates (from_currency, to_currency, rate_date, exchange_rate) VALUES ('CNY', 'UAH', '2024-01-09', 5.471485);
INSERT INTO exchange_rates (from_currency, to_currency, rate_date, exchange_rate) VALUES ('CNY', 'UAH', '2024-01-10', 5.456696);
INSERT INTO exchange_rates (from_currency, to_currency, rate_date, exchange_rate) VALUES ('CNY', 'UAH', '2024-01-11', 5.241922);
INSERT INTO exchange_rates (from_currency, to_currency, rate_date, exchange_rate) VALUES ('CNY', 'UAH', '2024-01-12', 5.341570);
INSERT INTO exchange_rates (from_currency, to_currency, rate_date, exchange_rate) VALUES ('CNY', 'UAH', '2024-01-13', 5.473707);
INSERT INTO exchange_rates (from_currency, to_currency, rate_date, exchange_rate) VALUES ('CNY', 'UAH', '2024-01-14', 5.270738);
INSERT INTO exchange_rates (from_currency, to_currency, rate_date, exchange_rate) VALUES ('CNY', 'UAH', '2024-01-15', 5.166005);
INSERT INTO exchange_rates (from_currency, to_currency, rate_date, exchange_rate) VALUES ('CNY', 'UAH', '2024-01-16', 5.162203);
INSERT INTO exchange_rates (from_currency, to_currency, rate_date, exchange_rate) VALUES ('CNY', 'UAH', '2024-01-17', 5.176366);
INSERT INTO exchange_rates (from_currency, to_currency, rate_date, exchange_rate) VALUES ('CNY', 'UAH', '2024-01-18', 5.200065);
INSERT INTO exchange_rates (from_currency, to_currency, rate_date, exchange_rate) VALUES ('CNY', 'UAH', '2024-01-19', 5.176820);
INSERT INTO exchange_rates (from_currency, to_currency, rate_date, exchange_rate) VALUES ('CNY', 'UAH', '2024-01-20', 5.127485);
INSERT INTO exchange_rates (from_currency, to_currency, rate_date, exchange_rate) VALUES ('CNY', 'UAH', '2024-01-21', 5.042888);
INSERT INTO exchange_rates (from_currency, to_currency, rate_date, exchange_rate) VALUES ('CNY', 'UAH', '2024-01-22', 5.021516);
INSERT INTO exchange_rates (from_currency, to_currency, rate_date, exchange_rate) VALUES ('CNY', 'UAH', '2024-01-23', 4.911070);
INSERT INTO exchange_rates (from_currency, to_currency, rate_date, exchange_rate) VALUES ('CNY', 'UAH', '2024-01-24', 4.996816);
INSERT INTO exchange_rates (from_currency, to_currency, rate_date, exchange_rate) VALUES ('CNY', 'UAH', '2024-01-25', 4.888798);
INSERT INTO exchange_rates (from_currency, to_currency, rate_date, exchange_rate) VALUES ('CNY', 'UAH', '2024-01-26', 4.901049);
INSERT INTO exchange_rates (from_currency, to_currency, rate_date, exchange_rate) VALUES ('CNY', 'UAH', '2024-01-27', 4.860611);
INSERT INTO exchange_rates (from_currency, to_currency, rate_date, exchange_rate) VALUES ('CNY', 'UAH', '2024-01-28', 4.873255);
INSERT INTO exchange_rates (from_currency, to_currency, rate_date, exchange_rate) VALUES ('CNY', 'UAH', '2024-01-29', 4.828332);
INSERT INTO exchange_rates (from_currency, to_currency, rate_date, exchange_rate) VALUES ('CNY', 'UAH', '2024-01-30', 4.905042);
INSERT INTO exchange_rates (from_currency, to_currency, rate_date, exchange_rate) VALUES ('CNY', 'UAH', '2024-01-31', 4.955346);
INSERT INTO exchange_rates (from_currency, to_currency, rate_date, exchange_rate) VALUES ('CNY', 'UAH', '2024-02-01', 4.956306);
INSERT INTO exchange_rates (from_currency, to_currency, rate_date, exchange_rate) VALUES ('CNY', 'UAH', '2024-02-02', 4.852697);
INSERT INTO exchange_rates (from_currency, to_currency, rate_date, exchange_rate) VALUES ('CNY', 'UAH', '2024-02-03', 4.866060);
INSERT INTO exchange_rates (from_currency, to_currency, rate_date, exchange_rate) VALUES ('CNY', 'UAH', '2024-02-04', 4.851925);
INSERT INTO exchange_rates (from_currency, to_currency, rate_date, exchange_rate) VALUES ('CNY', 'UAH', '2024-02-05', 4.815594);
INSERT INTO exchange_rates (from_currency, to_currency, rate_date, exchange_rate) VALUES ('CNY', 'UAH', '2024-02-06', 4.811458);
INSERT INTO exchange_rates (from_currency, to_currency, rate_date, exchange_rate) VALUES ('CNY', 'UAH', '2024-02-07', 4.732662);
INSERT INTO exchange_rates (from_currency, to_currency, rate_date, exchange_rate) VALUES ('CNY', 'UAH', '2024-02-08', 4.724908);
INSERT INTO exchange_rates (from_currency, to_currency, rate_date, exchange_rate) VALUES ('CNY', 'UAH', '2024-02-09', 4.826588);
INSERT INTO exchange_rates (from_currency, to_currency, rate_date, exchange_rate) VALUES ('CNY', 'UAH', '2024-02-10', 4.606920);
INSERT INTO exchange_rates (from_currency, to_currency, rate_date, exchange_rate) VALUES ('CNY', 'UAH', '2024-02-11', 4.545609);
INSERT INTO exchange_rates (from_currency, to_currency, rate_date, exchange_rate) VALUES ('CNY', 'UAH', '2024-02-12', 4.535672);
INSERT INTO exchange_rates (from_currency, to_currency, rate_date, exchange_rate) VALUES ('CNY', 'UAH', '2024-02-13', 4.651657);
INSERT INTO exchange_rates (from_currency, to_currency, rate_date, exchange_rate) VALUES ('CNY', 'UAH', '2024-02-14', 4.730630);
INSERT INTO exchange_rates (from_currency, to_currency, rate_date, exchange_rate) VALUES ('CNY', 'UAH', '2024-02-15', 4.669579);
INSERT INTO exchange_rates (from_currency, to_currency, rate_date, exchange_rate) VALUES ('CNY', 'UAH', '2024-02-16', 4.579251);
INSERT INTO exchange_rates (from_currency, to_currency, rate_date, exchange_rate) VALUES ('CNY', 'UAH', '2024-02-17', 4.706065);
INSERT INTO exchange_rates (from_currency, to_currency, rate_date, exchange_rate) VALUES ('CNY', 'UAH', '2024-02-18', 4.732963);
INSERT INTO exchange_rates (from_currency, to_currency, rate_date, exchange_rate) VALUES ('CNY', 'UAH', '2024-02-19', 4.675010);
INSERT INTO exchange_rates (from_currency, to_currency, rate_date, exchange_rate) VALUES ('CNY', 'UAH', '2024-02-20', 4.795630);
INSERT INTO exchange_rates (from_currency, to_currency, rate_date, exchange_rate) VALUES ('CNY', 'UAH', '2024-02-21', 4.897612);
INSERT INTO exchange_rates (from_currency, to_currency, rate_date, exchange_rate) VALUES ('CNY', 'UAH', '2024-02-22', 4.835311);
INSERT INTO exchange_rates (from_currency, to_currency, rate_date, exchange_rate) VALUES ('CNY', 'UAH', '2024-02-23', 4.849544);
INSERT INTO exchange_rates (from_currency, to_currency, rate_date, exchange_rate) VALUES ('CNY', 'UAH', '2024-02-24', 4.851952);
INSERT INTO exchange_rates (from_currency, to_currency, rate_date, exchange_rate) VALUES ('CNY', 'UAH', '2024-02-25', 4.899153);
INSERT INTO exchange_rates (from_currency, to_currency, rate_date, exchange_rate) VALUES ('CNY', 'UAH', '2024-02-26', 4.924935);
INSERT INTO exchange_rates (from_currency, to_currency, rate_date, exchange_rate) VALUES ('CNY', 'UAH', '2024-02-27', 5.060079);
INSERT INTO exchange_rates (from_currency, to_currency, rate_date, exchange_rate) VALUES ('CNY', 'UAH', '2024-02-28', 5.169039);
INSERT INTO exchange_rates (from_currency, to_currency, rate_date, exchange_rate) VALUES ('CNY', 'UAH', '2024-02-29', 5.172285);
INSERT INTO exchange_rates (from_currency, to_currency, rate_date, exchange_rate) VALUES ('CNY', 'UAH', '2024-03-01', 5.042137);
INSERT INTO exchange_rates (from_currency, to_currency, rate_date, exchange_rate) VALUES ('CNY', 'UAH', '2024-03-02', 5.089769);
INSERT INTO exchange_rates (from_currency, to_currency, rate_date, exchange_rate) VALUES ('CNY', 'UAH', '2024-03-03', 5.000518);
INSERT INTO exchange_rates (from_currency, to_currency, rate_date, exchange_rate) VALUES ('CNY', 'UAH', '2024-03-04', 5.078132);
INSERT INTO exchange_rates (from_currency, to_currency, rate_date, exchange_rate) VALUES ('CNY', 'UAH', '2024-03-05', 5.138890);
INSERT INTO exchange_rates (from_currency, to_currency, rate_date, exchange_rate) VALUES ('CNY', 'UAH', '2024-03-06', 5.316826);
INSERT INTO exchange_rates (from_currency, to_currency, rate_date, exchange_rate) VALUES ('CNY', 'UAH', '2024-03-07', 5.402541);
INSERT INTO exchange_rates (from_currency, to_currency, rate_date, exchange_rate) VALUES ('CNY', 'UAH', '2024-03-08', 5.435155);
INSERT INTO exchange_rates (from_currency, to_currency, rate_date, exchange_rate) VALUES ('CNY', 'UAH', '2024-03-09', 5.464545);
INSERT INTO exchange_rates (from_currency, to_currency, rate_date, exchange_rate) VALUES ('CNY', 'UAH', '2024-03-10', 5.561712);
INSERT INTO exchange_rates (from_currency, to_currency, rate_date, exchange_rate) VALUES ('CNY', 'UAH', '2024-03-11', 5.486258);
INSERT INTO exchange_rates (from_currency, to_currency, rate_date, exchange_rate) VALUES ('CNY', 'UAH', '2024-03-12', 5.346864);
INSERT INTO exchange_rates (from_currency, to_currency, rate_date, exchange_rate) VALUES ('CNY', 'UAH', '2024-03-13', 5.123525);
INSERT INTO exchange_rates (from_currency, to_currency, rate_date, exchange_rate) VALUES ('CNY', 'UAH', '2024-03-14', 5.154654);
INSERT INTO exchange_rates (from_currency, to_currency, rate_date, exchange_rate) VALUES ('CNY', 'UAH', '2024-03-15', 5.124416);
INSERT INTO exchange_rates (from_currency, to_currency, rate_date, exchange_rate) VALUES ('CNY', 'UAH', '2024-03-16', 5.158474);
INSERT INTO exchange_rates (from_currency, to_currency, rate_date, exchange_rate) VALUES ('CNY', 'UAH', '2024-03-17', 5.073935);
INSERT INTO exchange_rates (from_currency, to_currency, rate_date, exchange_rate) VALUES ('CNY', 'UAH', '2024-03-18', 5.046133);
INSERT INTO exchange_rates (from_currency, to_currency, rate_date, exchange_rate) VALUES ('CNY', 'UAH', '2024-03-19', 5.100486);
INSERT INTO exchange_rates (from_currency, to_currency, rate_date, exchange_rate) VALUES ('CNY', 'UAH', '2024-03-20', 5.089208);
INSERT INTO exchange_rates (from_currency, to_currency, rate_date, exchange_rate) VALUES ('CNY', 'UAH', '2024-03-21', 4.993760);
INSERT INTO exchange_rates (from_currency, to_currency, rate_date, exchange_rate) VALUES ('CNY', 'UAH', '2024-03-22', 5.014391);
INSERT INTO exchange_rates (from_currency, to_currency, rate_date, exchange_rate) VALUES ('CNY', 'UAH', '2024-03-23', 5.048244);
INSERT INTO exchange_rates (from_currency, to_currency, rate_date, exchange_rate) VALUES ('CNY', 'UAH', '2024-03-24', 5.069545);
INSERT INTO exchange_rates (from_currency, to_currency, rate_date, exchange_rate) VALUES ('CNY', 'UAH', '2024-03-25', 5.126937);
INSERT INTO exchange_rates (from_currency, to_currency, rate_date, exchange_rate) VALUES ('CNY', 'UAH', '2024-03-26', 4.964507);
INSERT INTO exchange_rates (from_currency, to_currency, rate_date, exchange_rate) VALUES ('CNY', 'UAH', '2024-03-27', 4.886618);
INSERT INTO exchange_rates (from_currency, to_currency, rate_date, exchange_rate) VALUES ('CNY', 'UAH', '2024-03-28', 4.993076);
INSERT INTO exchange_rates (from_currency, to_currency, rate_date, exchange_rate) VALUES ('CNY', 'UAH', '2024-03-29', 4.861521);
INSERT INTO exchange_rates (from_currency, to_currency, rate_date, exchange_rate) VALUES ('CNY', 'UAH', '2024-03-30', 4.810137);
INSERT INTO exchange_rates (from_currency, to_currency, rate_date, exchange_rate) VALUES ('CNY', 'UAH', '2024-03-31', 4.952512);
INSERT INTO exchange_rates (from_currency, to_currency, rate_date, exchange_rate) VALUES ('CNY', 'UAH', '2024-04-01', 4.927863);
INSERT INTO exchange_rates (from_currency, to_currency, rate_date, exchange_rate) VALUES ('CNY', 'UAH', '2024-04-02', 4.980126);
INSERT INTO exchange_rates (from_currency, to_currency, rate_date, exchange_rate) VALUES ('CNY', 'UAH', '2024-04-03', 4.959240);
INSERT INTO exchange_rates (from_currency, to_currency, rate_date, exchange_rate) VALUES ('CNY', 'UAH', '2024-04-04', 4.894975);
INSERT INTO exchange_rates (from_currency, to_currency, rate_date, exchange_rate) VALUES ('CNY', 'UAH', '2024-04-05', 5.064962);
INSERT INTO exchange_rates (from_currency, to_currency, rate_date, exchange_rate) VALUES ('CNY', 'UAH', '2024-04-06', 5.189553);
INSERT INTO exchange_rates (from_currency, to_currency, rate_date, exchange_rate) VALUES ('CNY', 'UAH', '2024-04-07', 5.053662);
INSERT INTO exchange_rates (from_currency, to_currency, rate_date, exchange_rate) VALUES ('CNY', 'UAH', '2024-04-08', 5.160616);
INSERT INTO exchange_rates (from_currency, to_currency, rate_date, exchange_rate) VALUES ('CNY', 'UAH', '2024-04-09', 5.217654);
INSERT INTO exchange_rates (from_currency, to_currency, rate_date, exchange_rate) VALUES ('CNY', 'UAH', '2024-04-10', 5.212210);
INSERT INTO exchange_rates (from_currency, to_currency, rate_date, exchange_rate) VALUES ('CNY', 'UAH', '2024-04-11', 5.206278);
INSERT INTO exchange_rates (from_currency, to_currency, rate_date, exchange_rate) VALUES ('CNY', 'UAH', '2024-04-12', 5.157406);
INSERT INTO exchange_rates (from_currency, to_currency, rate_date, exchange_rate) VALUES ('CNY', 'UAH', '2024-04-13', 5.256298);
INSERT INTO exchange_rates (from_currency, to_currency, rate_date, exchange_rate) VALUES ('CNY', 'UAH', '2024-04-14', 5.246197);
INSERT INTO exchange_rates (from_currency, to_currency, rate_date, exchange_rate) VALUES ('CNY', 'UAH', '2024-04-15', 5.234661);
INSERT INTO exchange_rates (from_currency, to_currency, rate_date, exchange_rate) VALUES ('CNY', 'UAH', '2024-04-16', 5.342233);
INSERT INTO exchange_rates (from_currency, to_currency, rate_date, exchange_rate) VALUES ('CNY', 'UAH', '2024-04-17', 5.223687);
INSERT INTO exchange_rates (from_currency, to_currency, rate_date, exchange_rate) VALUES ('CNY', 'UAH', '2024-04-18', 5.097452);
INSERT INTO exchange_rates (from_currency, to_currency, rate_date, exchange_rate) VALUES ('CNY', 'UAH', '2024-04-19', 5.008798);
INSERT INTO exchange_rates (from_currency, to_currency, rate_date, exchange_rate) VALUES ('CNY', 'UAH', '2024-04-20', 5.048218);
INSERT INTO exchange_rates (from_currency, to_currency, rate_date, exchange_rate) VALUES ('CNY', 'UAH', '2024-04-21', 5.028375);
INSERT INTO exchange_rates (from_currency, to_currency, rate_date, exchange_rate) VALUES ('CNY', 'UAH', '2024-04-22', 5.117939);
INSERT INTO exchange_rates (from_currency, to_currency, rate_date, exchange_rate) VALUES ('CNY', 'UAH', '2024-04-23', 5.037466);
INSERT INTO exchange_rates (from_currency, to_currency, rate_date, exchange_rate) VALUES ('CNY', 'UAH', '2024-04-24', 4.981357);
INSERT INTO exchange_rates (from_currency, to_currency, rate_date, exchange_rate) VALUES ('CNY', 'UAH', '2024-04-25', 4.964880);
INSERT INTO exchange_rates (from_currency, to_currency, rate_date, exchange_rate) VALUES ('CNY', 'UAH', '2024-04-26', 4.933913);
INSERT INTO exchange_rates (from_currency, to_currency, rate_date, exchange_rate) VALUES ('CNY', 'UAH', '2024-04-27', 4.871174);
INSERT INTO exchange_rates (from_currency, to_currency, rate_date, exchange_rate) VALUES ('CNY', 'UAH', '2024-04-28', 4.869176);
INSERT INTO exchange_rates (from_currency, to_currency, rate_date, exchange_rate) VALUES ('CNY', 'UAH', '2024-04-29', 4.882672);
INSERT INTO exchange_rates (from_currency, to_currency, rate_date, exchange_rate) VALUES ('CNY', 'UAH', '2024-04-30', 4.870407);
INSERT INTO exchange_rates (from_currency, to_currency, rate_date, exchange_rate) VALUES ('CNY', 'UAH', '2024-05-01', 4.809913);
INSERT INTO exchange_rates (from_currency, to_currency, rate_date, exchange_rate) VALUES ('CNY', 'UAH', '2024-05-02', 4.942042);
INSERT INTO exchange_rates (from_currency, to_currency, rate_date, exchange_rate) VALUES ('CNY', 'UAH', '2024-05-03', 5.011045);
INSERT INTO exchange_rates (from_currency, to_currency, rate_date, exchange_rate) VALUES ('CNY', 'UAH', '2024-05-04', 5.010395);
INSERT INTO exchange_rates (from_currency, to_currency, rate_date, exchange_rate) VALUES ('CNY', 'UAH', '2024-05-05', 5.058281);
INSERT INTO exchange_rates (from_currency, to_currency, rate_date, exchange_rate) VALUES ('CNY', 'UAH', '2024-05-06', 4.993360);
INSERT INTO exchange_rates (from_currency, to_currency, rate_date, exchange_rate) VALUES ('CNY', 'UAH', '2024-05-07', 4.868811);
INSERT INTO exchange_rates (from_currency, to_currency, rate_date, exchange_rate) VALUES ('CNY', 'UAH', '2024-05-08', 4.865123);
INSERT INTO exchange_rates (from_currency, to_currency, rate_date, exchange_rate) VALUES ('CNY', 'UAH', '2024-05-09', 4.882182);
INSERT INTO exchange_rates (from_currency, to_currency, rate_date, exchange_rate) VALUES ('CNY', 'UAH', '2024-05-10', 4.821280);
INSERT INTO exchange_rates (from_currency, to_currency, rate_date, exchange_rate) VALUES ('CNY', 'UAH', '2024-05-11', 4.780052);
INSERT INTO exchange_rates (from_currency, to_currency, rate_date, exchange_rate) VALUES ('CNY', 'UAH', '2024-05-12', 4.763620);
INSERT INTO exchange_rates (from_currency, to_currency, rate_date, exchange_rate) VALUES ('CNY', 'UAH', '2024-05-13', 4.650760);
INSERT INTO exchange_rates (from_currency, to_currency, rate_date, exchange_rate) VALUES ('CNY', 'UAH', '2024-05-14', 4.565965);
INSERT INTO exchange_rates (from_currency, to_currency, rate_date, exchange_rate) VALUES ('CNY', 'UAH', '2024-05-15', 4.684513);
INSERT INTO exchange_rates (from_currency, to_currency, rate_date, exchange_rate) VALUES ('CNY', 'UAH', '2024-05-16', 4.591870);
INSERT INTO exchange_rates (from_currency, to_currency, rate_date, exchange_rate) VALUES ('CNY', 'UAH', '2024-05-17', 4.530932);
INSERT INTO exchange_rates (from_currency, to_currency, rate_date, exchange_rate) VALUES ('CNY', 'UAH', '2024-05-18', 4.482427);
INSERT INTO exchange_rates (from_currency, to_currency, rate_date, exchange_rate) VALUES ('CNY', 'UAH', '2024-05-19', 4.431752);
INSERT INTO exchange_rates (from_currency, to_currency, rate_date, exchange_rate) VALUES ('CNY', 'UAH', '2024-05-20', 4.512129);
INSERT INTO exchange_rates (from_currency, to_currency, rate_date, exchange_rate) VALUES ('CNY', 'UAH', '2024-05-21', 4.558487);
INSERT INTO exchange_rates (from_currency, to_currency, rate_date, exchange_rate) VALUES ('CNY', 'UAH', '2024-05-22', 4.453170);
INSERT INTO exchange_rates (from_currency, to_currency, rate_date, exchange_rate) VALUES ('CNY', 'UAH', '2024-05-23', 4.482198);
INSERT INTO exchange_rates (from_currency, to_currency, rate_date, exchange_rate) VALUES ('CNY', 'UAH', '2024-05-24', 4.442712);
INSERT INTO exchange_rates (from_currency, to_currency, rate_date, exchange_rate) VALUES ('CNY', 'UAH', '2024-05-25', 4.382015);
INSERT INTO exchange_rates (from_currency, to_currency, rate_date, exchange_rate) VALUES ('CNY', 'UAH', '2024-05-26', 4.284364);
INSERT INTO exchange_rates (from_currency, to_currency, rate_date, exchange_rate) VALUES ('CNY', 'UAH', '2024-05-27', 4.224685);
INSERT INTO exchange_rates (from_currency, to_currency, rate_date, exchange_rate) VALUES ('CNY', 'UAH', '2024-05-28', 4.200895);
INSERT INTO exchange_rates (from_currency, to_currency, rate_date, exchange_rate) VALUES ('CNY', 'UAH', '2024-05-29', 4.293759);
INSERT INTO exchange_rates (from_currency, to_currency, rate_date, exchange_rate) VALUES ('CNY', 'UAH', '2024-05-30', 4.358298);
INSERT INTO exchange_rates (from_currency, to_currency, rate_date, exchange_rate) VALUES ('CNY', 'UAH', '2024-05-31', 4.393326);
INSERT INTO exchange_rates (from_currency, to_currency, rate_date, exchange_rate) VALUES ('CNY', 'UAH', '2024-06-01', 4.479249);
INSERT INTO exchange_rates (from_currency, to_currency, rate_date, exchange_rate) VALUES ('CNY', 'UAH', '2024-06-02', 4.493853);
INSERT INTO exchange_rates (from_currency, to_currency, rate_date, exchange_rate) VALUES ('CNY', 'UAH', '2024-06-03', 4.519991);
INSERT INTO exchange_rates (from_currency, to_currency, rate_date, exchange_rate) VALUES ('CNY', 'UAH', '2024-06-04', 4.484764);
INSERT INTO exchange_rates (from_currency, to_currency, rate_date, exchange_rate) VALUES ('CNY', 'UAH', '2024-06-05', 4.434454);
INSERT INTO exchange_rates (from_currency, to_currency, rate_date, exchange_rate) VALUES ('CNY', 'UAH', '2024-06-06', 4.493647);
INSERT INTO exchange_rates (from_currency, to_currency, rate_date, exchange_rate) VALUES ('CNY', 'UAH', '2024-06-07', 4.455312);
INSERT INTO exchange_rates (from_currency, to_currency, rate_date, exchange_rate) VALUES ('CNY', 'UAH', '2024-06-08', 4.338966);
INSERT INTO exchange_rates (from_currency, to_currency, rate_date, exchange_rate) VALUES ('CNY', 'UAH', '2024-06-09', 4.288925);
INSERT INTO exchange_rates (from_currency, to_currency, rate_date, exchange_rate) VALUES ('CNY', 'UAH', '2024-06-10', 4.229012);
INSERT INTO exchange_rates (from_currency, to_currency, rate_date, exchange_rate) VALUES ('CNY', 'UAH', '2024-06-11', 4.404876);
INSERT INTO exchange_rates (from_currency, to_currency, rate_date, exchange_rate) VALUES ('CNY', 'UAH', '2024-06-12', 4.362007);
INSERT INTO exchange_rates (from_currency, to_currency, rate_date, exchange_rate) VALUES ('CNY', 'UAH', '2024-06-13', 4.396345);
INSERT INTO exchange_rates (from_currency, to_currency, rate_date, exchange_rate) VALUES ('CNY', 'UAH', '2024-06-14', 4.440868);
INSERT INTO exchange_rates (from_currency, to_currency, rate_date, exchange_rate) VALUES ('CNY', 'UAH', '2024-06-15', 4.375400);
INSERT INTO exchange_rates (from_currency, to_currency, rate_date, exchange_rate) VALUES ('CNY', 'UAH', '2024-06-16', 4.340317);
INSERT INTO exchange_rates (from_currency, to_currency, rate_date, exchange_rate) VALUES ('CNY', 'UAH', '2024-06-17', 4.410462);
INSERT INTO exchange_rates (from_currency, to_currency, rate_date, exchange_rate) VALUES ('CNY', 'UAH', '2024-06-18', 4.471787);
INSERT INTO exchange_rates (from_currency, to_currency, rate_date, exchange_rate) VALUES ('CNY', 'UAH', '2024-06-19', 4.467050);
INSERT INTO exchange_rates (from_currency, to_currency, rate_date, exchange_rate) VALUES ('CNY', 'UAH', '2024-06-20', 4.458110);
INSERT INTO exchange_rates (from_currency, to_currency, rate_date, exchange_rate) VALUES ('CNY', 'UAH', '2024-06-21', 4.500596);
INSERT INTO exchange_rates (from_currency, to_currency, rate_date, exchange_rate) VALUES ('CNY', 'UAH', '2024-06-22', 4.587890);
INSERT INTO exchange_rates (from_currency, to_currency, rate_date, exchange_rate) VALUES ('CNY', 'UAH', '2024-06-23', 4.744712);
INSERT INTO exchange_rates (from_currency, to_currency, rate_date, exchange_rate) VALUES ('CNY', 'UAH', '2024-06-24', 4.780015);
INSERT INTO exchange_rates (from_currency, to_currency, rate_date, exchange_rate) VALUES ('CNY', 'UAH', '2024-06-25', 4.766268);
INSERT INTO exchange_rates (from_currency, to_currency, rate_date, exchange_rate) VALUES ('CNY', 'UAH', '2024-06-26', 4.789110);
INSERT INTO exchange_rates (from_currency, to_currency, rate_date, exchange_rate) VALUES ('CNY', 'UAH', '2024-06-27', 4.830061);
INSERT INTO exchange_rates (from_currency, to_currency, rate_date, exchange_rate) VALUES ('CNY', 'UAH', '2024-06-28', 4.761425);
INSERT INTO exchange_rates (from_currency, to_currency, rate_date, exchange_rate) VALUES ('CNY', 'UAH', '2024-06-29', 4.717892);
INSERT INTO exchange_rates (from_currency, to_currency, rate_date, exchange_rate) VALUES ('CNY', 'UAH', '2024-06-30', 4.672088);
INSERT INTO exchange_rates (from_currency, to_currency, rate_date, exchange_rate) VALUES ('CNY', 'UAH', '2024-07-01', 4.559870);
INSERT INTO exchange_rates (from_currency, to_currency, rate_date, exchange_rate) VALUES ('CNY', 'UAH', '2024-07-02', 4.516659);
INSERT INTO exchange_rates (from_currency, to_currency, rate_date, exchange_rate) VALUES ('CNY', 'UAH', '2024-07-03', 4.534701);
INSERT INTO exchange_rates (from_currency, to_currency, rate_date, exchange_rate) VALUES ('CNY', 'UAH', '2024-07-04', 4.562409);
INSERT INTO exchange_rates (from_currency, to_currency, rate_date, exchange_rate) VALUES ('CNY', 'UAH', '2024-07-05', 4.591165);
INSERT INTO exchange_rates (from_currency, to_currency, rate_date, exchange_rate) VALUES ('CNY', 'UAH', '2024-07-06', 4.493948);
INSERT INTO exchange_rates (from_currency, to_currency, rate_date, exchange_rate) VALUES ('CNY', 'UAH', '2024-07-07', 4.399423);
INSERT INTO exchange_rates (from_currency, to_currency, rate_date, exchange_rate) VALUES ('CNY', 'UAH', '2024-07-08', 4.305755);
INSERT INTO exchange_rates (from_currency, to_currency, rate_date, exchange_rate) VALUES ('CNY', 'UAH', '2024-07-09', 4.210784);
INSERT INTO exchange_rates (from_currency, to_currency, rate_date, exchange_rate) VALUES ('CNY', 'UAH', '2024-07-10', 4.279504);
INSERT INTO exchange_rates (from_currency, to_currency, rate_date, exchange_rate) VALUES ('CNY', 'UAH', '2024-07-11', 4.222045);
INSERT INTO exchange_rates (from_currency, to_currency, rate_date, exchange_rate) VALUES ('CNY', 'UAH', '2024-07-12', 4.224850);
INSERT INTO exchange_rates (from_currency, to_currency, rate_date, exchange_rate) VALUES ('CNY', 'UAH', '2024-07-13', 4.168274);
INSERT INTO exchange_rates (from_currency, to_currency, rate_date, exchange_rate) VALUES ('CNY', 'UAH', '2024-07-14', 4.214613);
INSERT INTO exchange_rates (from_currency, to_currency, rate_date, exchange_rate) VALUES ('CNY', 'UAH', '2024-07-15', 4.232724);
INSERT INTO exchange_rates (from_currency, to_currency, rate_date, exchange_rate) VALUES ('CNY', 'UAH', '2024-07-16', 4.261547);
INSERT INTO exchange_rates (from_currency, to_currency, rate_date, exchange_rate) VALUES ('CNY', 'UAH', '2024-07-17', 4.192287);
INSERT INTO exchange_rates (from_currency, to_currency, rate_date, exchange_rate) VALUES ('CNY', 'UAH', '2024-07-18', 4.290196);
INSERT INTO exchange_rates (from_currency, to_currency, rate_date, exchange_rate) VALUES ('CNY', 'UAH', '2024-07-19', 4.222985);
INSERT INTO exchange_rates (from_currency, to_currency, rate_date, exchange_rate) VALUES ('CNY', 'UAH', '2024-07-20', 4.162573);
INSERT INTO exchange_rates (from_currency, to_currency, rate_date, exchange_rate) VALUES ('CNY', 'UAH', '2024-07-21', 4.110365);
INSERT INTO exchange_rates (from_currency, to_currency, rate_date, exchange_rate) VALUES ('CNY', 'UAH', '2024-07-22', 4.088352);
INSERT INTO exchange_rates (from_currency, to_currency, rate_date, exchange_rate) VALUES ('CNY', 'UAH', '2024-07-23', 4.123828);
INSERT INTO exchange_rates (from_currency, to_currency, rate_date, exchange_rate) VALUES ('CNY', 'UAH', '2024-07-24', 4.080065);
INSERT INTO exchange_rates (from_currency, to_currency, rate_date, exchange_rate) VALUES ('CNY', 'UAH', '2024-07-25', 4.112085);
INSERT INTO exchange_rates (from_currency, to_currency, rate_date, exchange_rate) VALUES ('CNY', 'UAH', '2024-07-26', 4.071296);
INSERT INTO exchange_rates (from_currency, to_currency, rate_date, exchange_rate) VALUES ('CNY', 'UAH', '2024-07-27', 4.146448);
INSERT INTO exchange_rates (from_currency, to_currency, rate_date, exchange_rate) VALUES ('CNY', 'UAH', '2024-07-28', 4.205465);
INSERT INTO exchange_rates (from_currency, to_currency, rate_date, exchange_rate) VALUES ('CNY', 'UAH', '2024-07-29', 4.137804);
INSERT INTO exchange_rates (from_currency, to_currency, rate_date, exchange_rate) VALUES ('CNY', 'UAH', '2024-07-30', 4.033731);
INSERT INTO exchange_rates (from_currency, to_currency, rate_date, exchange_rate) VALUES ('CNY', 'UAH', '2024-07-31', 4.121474);
INSERT INTO exchange_rates (from_currency, to_currency, rate_date, exchange_rate) VALUES ('CNY', 'UAH', '2024-08-01', 4.185725);
INSERT INTO exchange_rates (from_currency, to_currency, rate_date, exchange_rate) VALUES ('CNY', 'UAH', '2024-08-02', 4.216278);
INSERT INTO exchange_rates (from_currency, to_currency, rate_date, exchange_rate) VALUES ('CNY', 'UAH', '2024-08-03', 4.221421);
INSERT INTO exchange_rates (from_currency, to_currency, rate_date, exchange_rate) VALUES ('CNY', 'UAH', '2024-08-04', 4.242798);
INSERT INTO exchange_rates (from_currency, to_currency, rate_date, exchange_rate) VALUES ('CNY', 'UAH', '2024-08-05', 4.415612);
INSERT INTO exchange_rates (from_currency, to_currency, rate_date, exchange_rate) VALUES ('CNY', 'UAH', '2024-08-06', 4.399093);
INSERT INTO exchange_rates (from_currency, to_currency, rate_date, exchange_rate) VALUES ('CNY', 'UAH', '2024-08-07', 4.429746);
INSERT INTO exchange_rates (from_currency, to_currency, rate_date, exchange_rate) VALUES ('CNY', 'UAH', '2024-08-08', 4.419333);
INSERT INTO exchange_rates (from_currency, to_currency, rate_date, exchange_rate) VALUES ('CNY', 'UAH', '2024-08-09', 4.421476);
INSERT INTO exchange_rates (from_currency, to_currency, rate_date, exchange_rate) VALUES ('CNY', 'UAH', '2024-08-10', 4.402834);
INSERT INTO exchange_rates (from_currency, to_currency, rate_date, exchange_rate) VALUES ('CNY', 'UAH', '2024-08-11', 4.426189);
INSERT INTO exchange_rates (from_currency, to_currency, rate_date, exchange_rate) VALUES ('CNY', 'UAH', '2024-08-12', 4.474551);
INSERT INTO exchange_rates (from_currency, to_currency, rate_date, exchange_rate) VALUES ('CNY', 'UAH', '2024-08-13', 4.516070);
INSERT INTO exchange_rates (from_currency, to_currency, rate_date, exchange_rate) VALUES ('CNY', 'UAH', '2024-08-14', 4.421032);
INSERT INTO exchange_rates (from_currency, to_currency, rate_date, exchange_rate) VALUES ('CNY', 'UAH', '2024-08-15', 4.409133);
INSERT INTO exchange_rates (from_currency, to_currency, rate_date, exchange_rate) VALUES ('CNY', 'UAH', '2024-08-16', 4.392248);
INSERT INTO exchange_rates (from_currency, to_currency, rate_date, exchange_rate) VALUES ('CNY', 'UAH', '2024-08-17', 4.283510);
INSERT INTO exchange_rates (from_currency, to_currency, rate_date, exchange_rate) VALUES ('CNY', 'UAH', '2024-08-18', 4.253549);
INSERT INTO exchange_rates (from_currency, to_currency, rate_date, exchange_rate) VALUES ('CNY', 'UAH', '2024-08-19', 4.181502);
INSERT INTO exchange_rates (from_currency, to_currency, rate_date, exchange_rate) VALUES ('CNY', 'UAH', '2024-08-20', 4.223829);
INSERT INTO exchange_rates (from_currency, to_currency, rate_date, exchange_rate) VALUES ('CNY', 'UAH', '2024-08-21', 4.229261);
INSERT INTO exchange_rates (from_currency, to_currency, rate_date, exchange_rate) VALUES ('CNY', 'UAH', '2024-08-22', 4.234057);
INSERT INTO exchange_rates (from_currency, to_currency, rate_date, exchange_rate) VALUES ('CNY', 'UAH', '2024-08-23', 4.372685);
INSERT INTO exchange_rates (from_currency, to_currency, rate_date, exchange_rate) VALUES ('CNY', 'UAH', '2024-08-24', 4.293603);
INSERT INTO exchange_rates (from_currency, to_currency, rate_date, exchange_rate) VALUES ('CNY', 'UAH', '2024-08-25', 4.323123);
INSERT INTO exchange_rates (from_currency, to_currency, rate_date, exchange_rate) VALUES ('CNY', 'UAH', '2024-08-26', 4.276290);
INSERT INTO exchange_rates (from_currency, to_currency, rate_date, exchange_rate) VALUES ('CNY', 'UAH', '2024-08-27', 4.247070);
INSERT INTO exchange_rates (from_currency, to_currency, rate_date, exchange_rate) VALUES ('CNY', 'UAH', '2024-08-28', 4.257526);
INSERT INTO exchange_rates (from_currency, to_currency, rate_date, exchange_rate) VALUES ('CNY', 'UAH', '2024-08-29', 4.242168);
INSERT INTO exchange_rates (from_currency, to_currency, rate_date, exchange_rate) VALUES ('CNY', 'UAH', '2024-08-30', 4.204739);
INSERT INTO exchange_rates (from_currency, to_currency, rate_date, exchange_rate) VALUES ('CNY', 'UAH', '2024-08-31', 4.091955);
INSERT INTO exchange_rates (from_currency, to_currency, rate_date, exchange_rate) VALUES ('CNY', 'UAH', '2024-09-01', 4.110596);
INSERT INTO exchange_rates (from_currency, to_currency, rate_date, exchange_rate) VALUES ('CNY', 'UAH', '2024-09-02', 4.031945);
INSERT INTO exchange_rates (from_currency, to_currency, rate_date, exchange_rate) VALUES ('CNY', 'UAH', '2024-09-03', 4.123579);
INSERT INTO exchange_rates (from_currency, to_currency, rate_date, exchange_rate) VALUES ('CNY', 'UAH', '2024-09-04', 4.151631);
INSERT INTO exchange_rates (from_currency, to_currency, rate_date, exchange_rate) VALUES ('CNY', 'UAH', '2024-09-05', 4.183408);
INSERT INTO exchange_rates (from_currency, to_currency, rate_date, exchange_rate) VALUES ('CNY', 'UAH', '2024-09-06', 4.158923);
INSERT INTO exchange_rates (from_currency, to_currency, rate_date, exchange_rate) VALUES ('CNY', 'UAH', '2024-09-07', 4.139923);
INSERT INTO exchange_rates (from_currency, to_currency, rate_date, exchange_rate) VALUES ('CNY', 'UAH', '2024-09-08', 4.079828);
INSERT INTO exchange_rates (from_currency, to_currency, rate_date, exchange_rate) VALUES ('CNY', 'UAH', '2024-09-09', 4.124775);
INSERT INTO exchange_rates (from_currency, to_currency, rate_date, exchange_rate) VALUES ('CNY', 'UAH', '2024-09-10', 4.050629);
INSERT INTO exchange_rates (from_currency, to_currency, rate_date, exchange_rate) VALUES ('CNY', 'UAH', '2024-09-11', 4.087914);
INSERT INTO exchange_rates (from_currency, to_currency, rate_date, exchange_rate) VALUES ('CNY', 'UAH', '2024-09-12', 4.074462);
INSERT INTO exchange_rates (from_currency, to_currency, rate_date, exchange_rate) VALUES ('CNY', 'UAH', '2024-09-13', 4.051858);
INSERT INTO exchange_rates (from_currency, to_currency, rate_date, exchange_rate) VALUES ('CNY', 'UAH', '2024-09-14', 3.953381);
INSERT INTO exchange_rates (from_currency, to_currency, rate_date, exchange_rate) VALUES ('CNY', 'UAH', '2024-09-15', 4.043967);
INSERT INTO exchange_rates (from_currency, to_currency, rate_date, exchange_rate) VALUES ('CNY', 'UAH', '2024-09-16', 4.013720);
INSERT INTO exchange_rates (from_currency, to_currency, rate_date, exchange_rate) VALUES ('CNY', 'UAH', '2024-09-17', 4.012085);
INSERT INTO exchange_rates (from_currency, to_currency, rate_date, exchange_rate) VALUES ('CNY', 'UAH', '2024-09-18', 4.146318);
INSERT INTO exchange_rates (from_currency, to_currency, rate_date, exchange_rate) VALUES ('CNY', 'UAH', '2024-09-19', 4.235509);
INSERT INTO exchange_rates (from_currency, to_currency, rate_date, exchange_rate) VALUES ('CNY', 'UAH', '2024-09-20', 4.309051);
INSERT INTO exchange_rates (from_currency, to_currency, rate_date, exchange_rate) VALUES ('CNY', 'UAH', '2024-09-21', 4.344622);
INSERT INTO exchange_rates (from_currency, to_currency, rate_date, exchange_rate) VALUES ('CNY', 'UAH', '2024-09-22', 4.402459);
INSERT INTO exchange_rates (from_currency, to_currency, rate_date, exchange_rate) VALUES ('CNY', 'UAH', '2024-09-23', 4.432764);
INSERT INTO exchange_rates (from_currency, to_currency, rate_date, exchange_rate) VALUES ('CNY', 'UAH', '2024-09-24', 4.461090);
INSERT INTO exchange_rates (from_currency, to_currency, rate_date, exchange_rate) VALUES ('CNY', 'UAH', '2024-09-25', 4.536080);
INSERT INTO exchange_rates (from_currency, to_currency, rate_date, exchange_rate) VALUES ('CNY', 'UAH', '2024-09-26', 4.506837);
INSERT INTO exchange_rates (from_currency, to_currency, rate_date, exchange_rate) VALUES ('CNY', 'UAH', '2024-09-27', 4.465241);
INSERT INTO exchange_rates (from_currency, to_currency, rate_date, exchange_rate) VALUES ('CNY', 'UAH', '2024-09-28', 4.420532);
INSERT INTO exchange_rates (from_currency, to_currency, rate_date, exchange_rate) VALUES ('CNY', 'UAH', '2024-09-29', 4.402606);
INSERT INTO exchange_rates (from_currency, to_currency, rate_date, exchange_rate) VALUES ('CNY', 'UAH', '2024-09-30', 4.457930);
INSERT INTO exchange_rates (from_currency, to_currency, rate_date, exchange_rate) VALUES ('CNY', 'UAH', '2024-10-01', 4.485714);
INSERT INTO exchange_rates (from_currency, to_currency, rate_date, exchange_rate) VALUES ('CNY', 'UAH', '2024-10-02', 4.454866);
INSERT INTO exchange_rates (from_currency, to_currency, rate_date, exchange_rate) VALUES ('CNY', 'UAH', '2024-10-03', 4.397684);
INSERT INTO exchange_rates (from_currency, to_currency, rate_date, exchange_rate) VALUES ('CNY', 'UAH', '2024-10-04', 4.421405);
INSERT INTO exchange_rates (from_currency, to_currency, rate_date, exchange_rate) VALUES ('CNY', 'UAH', '2024-10-05', 4.281276);
INSERT INTO exchange_rates (from_currency, to_currency, rate_date, exchange_rate) VALUES ('CNY', 'UAH', '2024-10-06', 4.259741);
INSERT INTO exchange_rates (from_currency, to_currency, rate_date, exchange_rate) VALUES ('CNY', 'UAH', '2024-10-07', 4.198928);
INSERT INTO exchange_rates (from_currency, to_currency, rate_date, exchange_rate) VALUES ('CNY', 'UAH', '2024-10-08', 4.196022);
INSERT INTO exchange_rates (from_currency, to_currency, rate_date, exchange_rate) VALUES ('CNY', 'UAH', '2024-10-09', 4.294767);
INSERT INTO exchange_rates (from_currency, to_currency, rate_date, exchange_rate) VALUES ('CNY', 'UAH', '2024-10-10', 4.298763);
INSERT INTO exchange_rates (from_currency, to_currency, rate_date, exchange_rate) VALUES ('CNY', 'UAH', '2024-10-11', 4.380924);
INSERT INTO exchange_rates (from_currency, to_currency, rate_date, exchange_rate) VALUES ('CNY', 'UAH', '2024-10-12', 4.342658);
INSERT INTO exchange_rates (from_currency, to_currency, rate_date, exchange_rate) VALUES ('CNY', 'UAH', '2024-10-13', 4.380205);
INSERT INTO exchange_rates (from_currency, to_currency, rate_date, exchange_rate) VALUES ('CNY', 'UAH', '2024-10-14', 4.298181);
INSERT INTO exchange_rates (from_currency, to_currency, rate_date, exchange_rate) VALUES ('CNY', 'UAH', '2024-10-15', 4.330980);
INSERT INTO exchange_rates (from_currency, to_currency, rate_date, exchange_rate) VALUES ('CNY', 'UAH', '2024-10-16', 4.480045);
INSERT INTO exchange_rates (from_currency, to_currency, rate_date, exchange_rate) VALUES ('CNY', 'UAH', '2024-10-17', 4.351514);
INSERT INTO exchange_rates (from_currency, to_currency, rate_date, exchange_rate) VALUES ('CNY', 'UAH', '2024-10-18', 4.378869);
INSERT INTO exchange_rates (from_currency, to_currency, rate_date, exchange_rate) VALUES ('CNY', 'UAH', '2024-10-19', 4.183451);
INSERT INTO exchange_rates (from_currency, to_currency, rate_date, exchange_rate) VALUES ('CNY', 'UAH', '2024-10-20', 4.151180);
INSERT INTO exchange_rates (from_currency, to_currency, rate_date, exchange_rate) VALUES ('CNY', 'UAH', '2024-10-21', 4.123651);
INSERT INTO exchange_rates (from_currency, to_currency, rate_date, exchange_rate) VALUES ('CNY', 'UAH', '2024-10-22', 4.110292);
INSERT INTO exchange_rates (from_currency, to_currency, rate_date, exchange_rate) VALUES ('CNY', 'UAH', '2024-10-23', 4.036349);
INSERT INTO exchange_rates (from_currency, to_currency, rate_date, exchange_rate) VALUES ('CNY', 'UAH', '2024-10-24', 4.126158);
INSERT INTO exchange_rates (from_currency, to_currency, rate_date, exchange_rate) VALUES ('CNY', 'UAH', '2024-10-25', 4.074429);
INSERT INTO exchange_rates (from_currency, to_currency, rate_date, exchange_rate) VALUES ('CNY', 'UAH', '2024-10-26', 4.111729);
INSERT INTO exchange_rates (from_currency, to_currency, rate_date, exchange_rate) VALUES ('CNY', 'UAH', '2024-10-27', 4.127275);
INSERT INTO exchange_rates (from_currency, to_currency, rate_date, exchange_rate) VALUES ('CNY', 'UAH', '2024-10-28', 4.015777);
INSERT INTO exchange_rates (from_currency, to_currency, rate_date, exchange_rate) VALUES ('CNY', 'UAH', '2024-10-29', 3.975097);
INSERT INTO exchange_rates (from_currency, to_currency, rate_date, exchange_rate) VALUES ('CNY', 'UAH', '2024-10-30', 3.891169);
INSERT INTO exchange_rates (from_currency, to_currency, rate_date, exchange_rate) VALUES ('CNY', 'UAH', '2024-10-31', 3.794527);
INSERT INTO exchange_rates (from_currency, to_currency, rate_date, exchange_rate) VALUES ('CNY', 'UAH', '2024-11-01', 3.766780);
INSERT INTO exchange_rates (from_currency, to_currency, rate_date, exchange_rate) VALUES ('CNY', 'UAH', '2024-11-02', 3.752709);
INSERT INTO exchange_rates (from_currency, to_currency, rate_date, exchange_rate) VALUES ('CNY', 'UAH', '2024-11-03', 3.784802);
INSERT INTO exchange_rates (from_currency, to_currency, rate_date, exchange_rate) VALUES ('CNY', 'UAH', '2024-11-04', 3.752740);
INSERT INTO exchange_rates (from_currency, to_currency, rate_date, exchange_rate) VALUES ('CNY', 'UAH', '2024-11-05', 3.733751);
INSERT INTO exchange_rates (from_currency, to_currency, rate_date, exchange_rate) VALUES ('CNY', 'UAH', '2024-11-06', 3.730160);
INSERT INTO exchange_rates (from_currency, to_currency, rate_date, exchange_rate) VALUES ('CNY', 'UAH', '2024-11-07', 3.759924);
INSERT INTO exchange_rates (from_currency, to_currency, rate_date, exchange_rate) VALUES ('CNY', 'UAH', '2024-11-08', 3.772812);
INSERT INTO exchange_rates (from_currency, to_currency, rate_date, exchange_rate) VALUES ('CNY', 'UAH', '2024-11-09', 3.747367);
INSERT INTO exchange_rates (from_currency, to_currency, rate_date, exchange_rate) VALUES ('CNY', 'UAH', '2024-11-10', 3.766816);
INSERT INTO exchange_rates (from_currency, to_currency, rate_date, exchange_rate) VALUES ('CNY', 'UAH', '2024-11-11', 3.789500);
INSERT INTO exchange_rates (from_currency, to_currency, rate_date, exchange_rate) VALUES ('CNY', 'UAH', '2024-11-12', 3.741368);
INSERT INTO exchange_rates (from_currency, to_currency, rate_date, exchange_rate) VALUES ('CNY', 'UAH', '2024-11-13', 3.731916);
INSERT INTO exchange_rates (from_currency, to_currency, rate_date, exchange_rate) VALUES ('CNY', 'UAH', '2024-11-14', 3.720572);
INSERT INTO exchange_rates (from_currency, to_currency, rate_date, exchange_rate) VALUES ('CNY', 'UAH', '2024-11-15', 3.702802);
INSERT INTO exchange_rates (from_currency, to_currency, rate_date, exchange_rate) VALUES ('CNY', 'UAH', '2024-11-16', 3.742300);
INSERT INTO exchange_rates (from_currency, to_currency, rate_date, exchange_rate) VALUES ('CNY', 'UAH', '2024-11-17', 3.752689);
INSERT INTO exchange_rates (from_currency, to_currency, rate_date, exchange_rate) VALUES ('CNY', 'UAH', '2024-11-18', 3.677560);
INSERT INTO exchange_rates (from_currency, to_currency, rate_date, exchange_rate) VALUES ('CNY', 'UAH', '2024-11-19', 3.670447);
INSERT INTO exchange_rates (from_currency, to_currency, rate_date, exchange_rate) VALUES ('CNY', 'UAH', '2024-11-20', 3.729954);
INSERT INTO exchange_rates (from_currency, to_currency, rate_date, exchange_rate) VALUES ('CNY', 'UAH', '2024-11-21', 3.758263);
INSERT INTO exchange_rates (from_currency, to_currency, rate_date, exchange_rate) VALUES ('CNY', 'UAH', '2024-11-22', 3.795002);
INSERT INTO exchange_rates (from_currency, to_currency, rate_date, exchange_rate) VALUES ('CNY', 'UAH', '2024-11-23', 3.783164);
INSERT INTO exchange_rates (from_currency, to_currency, rate_date, exchange_rate) VALUES ('CNY', 'UAH', '2024-11-24', 3.681823);
INSERT INTO exchange_rates (from_currency, to_currency, rate_date, exchange_rate) VALUES ('CNY', 'UAH', '2024-11-25', 3.743517);
INSERT INTO exchange_rates (from_currency, to_currency, rate_date, exchange_rate) VALUES ('CNY', 'UAH', '2024-11-26', 3.652933);
INSERT INTO exchange_rates (from_currency, to_currency, rate_date, exchange_rate) VALUES ('CNY', 'UAH', '2024-11-27', 3.634901);
INSERT INTO exchange_rates (from_currency, to_currency, rate_date, exchange_rate) VALUES ('CNY', 'UAH', '2024-11-28', 3.580751);
INSERT INTO exchange_rates (from_currency, to_currency, rate_date, exchange_rate) VALUES ('CNY', 'UAH', '2024-11-29', 3.583789);
INSERT INTO exchange_rates (from_currency, to_currency, rate_date, exchange_rate) VALUES ('CNY', 'UAH', '2024-11-30', 3.660792);
INSERT INTO exchange_rates (from_currency, to_currency, rate_date, exchange_rate) VALUES ('CNY', 'UAH', '2024-12-01', 3.664389);
INSERT INTO exchange_rates (from_currency, to_currency, rate_date, exchange_rate) VALUES ('CNY', 'UAH', '2024-12-02', 3.693892);
INSERT INTO exchange_rates (from_currency, to_currency, rate_date, exchange_rate) VALUES ('CNY', 'UAH', '2024-12-03', 3.662784);
INSERT INTO exchange_rates (from_currency, to_currency, rate_date, exchange_rate) VALUES ('CNY', 'UAH', '2024-12-04', 3.653024);
INSERT INTO exchange_rates (from_currency, to_currency, rate_date, exchange_rate) VALUES ('CNY', 'UAH', '2024-12-05', 3.567840);
INSERT INTO exchange_rates (from_currency, to_currency, rate_date, exchange_rate) VALUES ('CNY', 'UAH', '2024-12-06', 3.516364);
INSERT INTO exchange_rates (from_currency, to_currency, rate_date, exchange_rate) VALUES ('CNY', 'UAH', '2024-12-07', 3.549638);
INSERT INTO exchange_rates (from_currency, to_currency, rate_date, exchange_rate) VALUES ('CNY', 'UAH', '2024-12-08', 3.610874);
INSERT INTO exchange_rates (from_currency, to_currency, rate_date, exchange_rate) VALUES ('CNY', 'UAH', '2024-12-09', 3.671142);
INSERT INTO exchange_rates (from_currency, to_currency, rate_date, exchange_rate) VALUES ('CNY', 'UAH', '2024-12-10', 3.844373);
INSERT INTO exchange_rates (from_currency, to_currency, rate_date, exchange_rate) VALUES ('CNY', 'UAH', '2024-12-11', 3.774923);
INSERT INTO exchange_rates (from_currency, to_currency, rate_date, exchange_rate) VALUES ('CNY', 'UAH', '2024-12-12', 3.719468);
INSERT INTO exchange_rates (from_currency, to_currency, rate_date, exchange_rate) VALUES ('CNY', 'UAH', '2024-12-13', 3.661164);
INSERT INTO exchange_rates (from_currency, to_currency, rate_date, exchange_rate) VALUES ('CNY', 'UAH', '2024-12-14', 3.592970);
INSERT INTO exchange_rates (from_currency, to_currency, rate_date, exchange_rate) VALUES ('CNY', 'UAH', '2024-12-15', 3.568089);
INSERT INTO exchange_rates (from_currency, to_currency, rate_date, exchange_rate) VALUES ('CNY', 'UAH', '2024-12-16', 3.595602);
INSERT INTO exchange_rates (from_currency, to_currency, rate_date, exchange_rate) VALUES ('CNY', 'UAH', '2024-12-17', 3.624736);
INSERT INTO exchange_rates (from_currency, to_currency, rate_date, exchange_rate) VALUES ('CNY', 'UAH', '2024-12-18', 3.636926);
INSERT INTO exchange_rates (from_currency, to_currency, rate_date, exchange_rate) VALUES ('CNY', 'UAH', '2024-12-19', 3.595627);
INSERT INTO exchange_rates (from_currency, to_currency, rate_date, exchange_rate) VALUES ('CNY', 'UAH', '2024-12-20', 3.650461);
INSERT INTO exchange_rates (from_currency, to_currency, rate_date, exchange_rate) VALUES ('CNY', 'UAH', '2024-12-21', 3.668437);
INSERT INTO exchange_rates (from_currency, to_currency, rate_date, exchange_rate) VALUES ('CNY', 'UAH', '2024-12-22', 3.833079);
INSERT INTO exchange_rates (from_currency, to_currency, rate_date, exchange_rate) VALUES ('CNY', 'UAH', '2024-12-23', 3.820553);
INSERT INTO exchange_rates (from_currency, to_currency, rate_date, exchange_rate) VALUES ('CNY', 'UAH', '2024-12-24', 3.705678);
INSERT INTO exchange_rates (from_currency, to_currency, rate_date, exchange_rate) VALUES ('CNY', 'UAH', '2024-12-25', 3.724994);
INSERT INTO exchange_rates (from_currency, to_currency, rate_date, exchange_rate) VALUES ('CNY', 'UAH', '2024-12-26', 3.735013);
INSERT INTO exchange_rates (from_currency, to_currency, rate_date, exchange_rate) VALUES ('CNY', 'UAH', '2024-12-27', 3.754813);
INSERT INTO exchange_rates (from_currency, to_currency, rate_date, exchange_rate) VALUES ('CNY', 'UAH', '2024-12-28', 3.711243);
INSERT INTO exchange_rates (from_currency, to_currency, rate_date, exchange_rate) VALUES ('CNY', 'UAH', '2024-12-29', 3.632696);
INSERT INTO exchange_rates (from_currency, to_currency, rate_date, exchange_rate) VALUES ('CNY', 'UAH', '2024-12-30', 3.570076);
INSERT INTO exchange_rates (from_currency, to_currency, rate_date, exchange_rate) VALUES ('CNY', 'UAH', '2024-12-31', 3.611678);
INSERT INTO exchange_rates (from_currency, to_currency, rate_date, exchange_rate) VALUES ('PLN', 'UAH', '2024-01-01', 9.800000);
INSERT INTO exchange_rates (from_currency, to_currency, rate_date, exchange_rate) VALUES ('PLN', 'UAH', '2024-01-02', 9.615423);
INSERT INTO exchange_rates (from_currency, to_currency, rate_date, exchange_rate) VALUES ('PLN', 'UAH', '2024-01-03', 9.578189);
INSERT INTO exchange_rates (from_currency, to_currency, rate_date, exchange_rate) VALUES ('PLN', 'UAH', '2024-01-04', 9.394049);
INSERT INTO exchange_rates (from_currency, to_currency, rate_date, exchange_rate) VALUES ('PLN', 'UAH', '2024-01-05', 9.465618);
INSERT INTO exchange_rates (from_currency, to_currency, rate_date, exchange_rate) VALUES ('PLN', 'UAH', '2024-01-06', 9.477458);
INSERT INTO exchange_rates (from_currency, to_currency, rate_date, exchange_rate) VALUES ('PLN', 'UAH', '2024-01-07', 9.437362);
INSERT INTO exchange_rates (from_currency, to_currency, rate_date, exchange_rate) VALUES ('PLN', 'UAH', '2024-01-08', 9.480508);
INSERT INTO exchange_rates (from_currency, to_currency, rate_date, exchange_rate) VALUES ('PLN', 'UAH', '2024-01-09', 9.382878);
INSERT INTO exchange_rates (from_currency, to_currency, rate_date, exchange_rate) VALUES ('PLN', 'UAH', '2024-01-10', 9.514869);
INSERT INTO exchange_rates (from_currency, to_currency, rate_date, exchange_rate) VALUES ('PLN', 'UAH', '2024-01-11', 9.636638);
INSERT INTO exchange_rates (from_currency, to_currency, rate_date, exchange_rate) VALUES ('PLN', 'UAH', '2024-01-12', 9.788561);
INSERT INTO exchange_rates (from_currency, to_currency, rate_date, exchange_rate) VALUES ('PLN', 'UAH', '2024-01-13', 9.944501);
INSERT INTO exchange_rates (from_currency, to_currency, rate_date, exchange_rate) VALUES ('PLN', 'UAH', '2024-01-14', 9.982196);
INSERT INTO exchange_rates (from_currency, to_currency, rate_date, exchange_rate) VALUES ('PLN', 'UAH', '2024-01-15', 10.162663);
INSERT INTO exchange_rates (from_currency, to_currency, rate_date, exchange_rate) VALUES ('PLN', 'UAH', '2024-01-16', 10.085581);
INSERT INTO exchange_rates (from_currency, to_currency, rate_date, exchange_rate) VALUES ('PLN', 'UAH', '2024-01-17', 10.001799);
INSERT INTO exchange_rates (from_currency, to_currency, rate_date, exchange_rate) VALUES ('PLN', 'UAH', '2024-01-18', 9.851030);
INSERT INTO exchange_rates (from_currency, to_currency, rate_date, exchange_rate) VALUES ('PLN', 'UAH', '2024-01-19', 10.128677);
INSERT INTO exchange_rates (from_currency, to_currency, rate_date, exchange_rate) VALUES ('PLN', 'UAH', '2024-01-20', 10.160051);
INSERT INTO exchange_rates (from_currency, to_currency, rate_date, exchange_rate) VALUES ('PLN', 'UAH', '2024-01-21', 10.091487);
INSERT INTO exchange_rates (from_currency, to_currency, rate_date, exchange_rate) VALUES ('PLN', 'UAH', '2024-01-22', 10.199710);
INSERT INTO exchange_rates (from_currency, to_currency, rate_date, exchange_rate) VALUES ('PLN', 'UAH', '2024-01-23', 10.358592);
INSERT INTO exchange_rates (from_currency, to_currency, rate_date, exchange_rate) VALUES ('PLN', 'UAH', '2024-01-24', 10.201261);
INSERT INTO exchange_rates (from_currency, to_currency, rate_date, exchange_rate) VALUES ('PLN', 'UAH', '2024-01-25', 10.200856);
INSERT INTO exchange_rates (from_currency, to_currency, rate_date, exchange_rate) VALUES ('PLN', 'UAH', '2024-01-26', 10.486329);
INSERT INTO exchange_rates (from_currency, to_currency, rate_date, exchange_rate) VALUES ('PLN', 'UAH', '2024-01-27', 10.379980);
INSERT INTO exchange_rates (from_currency, to_currency, rate_date, exchange_rate) VALUES ('PLN', 'UAH', '2024-01-28', 10.273625);
INSERT INTO exchange_rates (from_currency, to_currency, rate_date, exchange_rate) VALUES ('PLN', 'UAH', '2024-01-29', 10.171465);
INSERT INTO exchange_rates (from_currency, to_currency, rate_date, exchange_rate) VALUES ('PLN', 'UAH', '2024-01-30', 10.143211);
INSERT INTO exchange_rates (from_currency, to_currency, rate_date, exchange_rate) VALUES ('PLN', 'UAH', '2024-01-31', 10.261626);
INSERT INTO exchange_rates (from_currency, to_currency, rate_date, exchange_rate) VALUES ('PLN', 'UAH', '2024-02-01', 10.249041);
INSERT INTO exchange_rates (from_currency, to_currency, rate_date, exchange_rate) VALUES ('PLN', 'UAH', '2024-02-02', 10.270260);
INSERT INTO exchange_rates (from_currency, to_currency, rate_date, exchange_rate) VALUES ('PLN', 'UAH', '2024-02-03', 10.527318);
INSERT INTO exchange_rates (from_currency, to_currency, rate_date, exchange_rate) VALUES ('PLN', 'UAH', '2024-02-04', 10.466470);
INSERT INTO exchange_rates (from_currency, to_currency, rate_date, exchange_rate) VALUES ('PLN', 'UAH', '2024-02-05', 10.740736);
INSERT INTO exchange_rates (from_currency, to_currency, rate_date, exchange_rate) VALUES ('PLN', 'UAH', '2024-02-06', 11.221700);
INSERT INTO exchange_rates (from_currency, to_currency, rate_date, exchange_rate) VALUES ('PLN', 'UAH', '2024-02-07', 11.109890);
INSERT INTO exchange_rates (from_currency, to_currency, rate_date, exchange_rate) VALUES ('PLN', 'UAH', '2024-02-08', 11.144066);
INSERT INTO exchange_rates (from_currency, to_currency, rate_date, exchange_rate) VALUES ('PLN', 'UAH', '2024-02-09', 11.243967);
INSERT INTO exchange_rates (from_currency, to_currency, rate_date, exchange_rate) VALUES ('PLN', 'UAH', '2024-02-10', 11.244962);
INSERT INTO exchange_rates (from_currency, to_currency, rate_date, exchange_rate) VALUES ('PLN', 'UAH', '2024-02-11', 11.042610);
INSERT INTO exchange_rates (from_currency, to_currency, rate_date, exchange_rate) VALUES ('PLN', 'UAH', '2024-02-12', 10.898577);
INSERT INTO exchange_rates (from_currency, to_currency, rate_date, exchange_rate) VALUES ('PLN', 'UAH', '2024-02-13', 10.711996);
INSERT INTO exchange_rates (from_currency, to_currency, rate_date, exchange_rate) VALUES ('PLN', 'UAH', '2024-02-14', 10.759466);
INSERT INTO exchange_rates (from_currency, to_currency, rate_date, exchange_rate) VALUES ('PLN', 'UAH', '2024-02-15', 10.749911);
INSERT INTO exchange_rates (from_currency, to_currency, rate_date, exchange_rate) VALUES ('PLN', 'UAH', '2024-02-16', 10.856528);
INSERT INTO exchange_rates (from_currency, to_currency, rate_date, exchange_rate) VALUES ('PLN', 'UAH', '2024-02-17', 10.895633);
INSERT INTO exchange_rates (from_currency, to_currency, rate_date, exchange_rate) VALUES ('PLN', 'UAH', '2024-02-18', 10.783257);
INSERT INTO exchange_rates (from_currency, to_currency, rate_date, exchange_rate) VALUES ('PLN', 'UAH', '2024-02-19', 10.715703);
INSERT INTO exchange_rates (from_currency, to_currency, rate_date, exchange_rate) VALUES ('PLN', 'UAH', '2024-02-20', 10.664197);
INSERT INTO exchange_rates (from_currency, to_currency, rate_date, exchange_rate) VALUES ('PLN', 'UAH', '2024-02-21', 10.626045);
INSERT INTO exchange_rates (from_currency, to_currency, rate_date, exchange_rate) VALUES ('PLN', 'UAH', '2024-02-22', 10.804386);
INSERT INTO exchange_rates (from_currency, to_currency, rate_date, exchange_rate) VALUES ('PLN', 'UAH', '2024-02-23', 10.863071);
INSERT INTO exchange_rates (from_currency, to_currency, rate_date, exchange_rate) VALUES ('PLN', 'UAH', '2024-02-24', 10.709264);
INSERT INTO exchange_rates (from_currency, to_currency, rate_date, exchange_rate) VALUES ('PLN', 'UAH', '2024-02-25', 10.735779);
INSERT INTO exchange_rates (from_currency, to_currency, rate_date, exchange_rate) VALUES ('PLN', 'UAH', '2024-02-26', 10.725553);
INSERT INTO exchange_rates (from_currency, to_currency, rate_date, exchange_rate) VALUES ('PLN', 'UAH', '2024-02-27', 10.618881);
INSERT INTO exchange_rates (from_currency, to_currency, rate_date, exchange_rate) VALUES ('PLN', 'UAH', '2024-02-28', 10.739935);
INSERT INTO exchange_rates (from_currency, to_currency, rate_date, exchange_rate) VALUES ('PLN', 'UAH', '2024-02-29', 10.784886);
INSERT INTO exchange_rates (from_currency, to_currency, rate_date, exchange_rate) VALUES ('PLN', 'UAH', '2024-03-01', 10.955973);
INSERT INTO exchange_rates (from_currency, to_currency, rate_date, exchange_rate) VALUES ('PLN', 'UAH', '2024-03-02', 10.900130);
INSERT INTO exchange_rates (from_currency, to_currency, rate_date, exchange_rate) VALUES ('PLN', 'UAH', '2024-03-03', 11.086656);
INSERT INTO exchange_rates (from_currency, to_currency, rate_date, exchange_rate) VALUES ('PLN', 'UAH', '2024-03-04', 10.928161);
INSERT INTO exchange_rates (from_currency, to_currency, rate_date, exchange_rate) VALUES ('PLN', 'UAH', '2024-03-05', 11.112205);
INSERT INTO exchange_rates (from_currency, to_currency, rate_date, exchange_rate) VALUES ('PLN', 'UAH', '2024-03-06', 11.237930);
INSERT INTO exchange_rates (from_currency, to_currency, rate_date, exchange_rate) VALUES ('PLN', 'UAH', '2024-03-07', 11.038268);
INSERT INTO exchange_rates (from_currency, to_currency, rate_date, exchange_rate) VALUES ('PLN', 'UAH', '2024-03-08', 11.017332);
INSERT INTO exchange_rates (from_currency, to_currency, rate_date, exchange_rate) VALUES ('PLN', 'UAH', '2024-03-09', 11.061589);
INSERT INTO exchange_rates (from_currency, to_currency, rate_date, exchange_rate) VALUES ('PLN', 'UAH', '2024-03-10', 11.264306);
INSERT INTO exchange_rates (from_currency, to_currency, rate_date, exchange_rate) VALUES ('PLN', 'UAH', '2024-03-11', 11.087129);
INSERT INTO exchange_rates (from_currency, to_currency, rate_date, exchange_rate) VALUES ('PLN', 'UAH', '2024-03-12', 10.753694);
INSERT INTO exchange_rates (from_currency, to_currency, rate_date, exchange_rate) VALUES ('PLN', 'UAH', '2024-03-13', 10.683365);
INSERT INTO exchange_rates (from_currency, to_currency, rate_date, exchange_rate) VALUES ('PLN', 'UAH', '2024-03-14', 10.516626);
INSERT INTO exchange_rates (from_currency, to_currency, rate_date, exchange_rate) VALUES ('PLN', 'UAH', '2024-03-15', 10.627052);
INSERT INTO exchange_rates (from_currency, to_currency, rate_date, exchange_rate) VALUES ('PLN', 'UAH', '2024-03-16', 10.507319);
INSERT INTO exchange_rates (from_currency, to_currency, rate_date, exchange_rate) VALUES ('PLN', 'UAH', '2024-03-17', 10.508576);
INSERT INTO exchange_rates (from_currency, to_currency, rate_date, exchange_rate) VALUES ('PLN', 'UAH', '2024-03-18', 10.535343);
INSERT INTO exchange_rates (from_currency, to_currency, rate_date, exchange_rate) VALUES ('PLN', 'UAH', '2024-03-19', 10.919389);
INSERT INTO exchange_rates (from_currency, to_currency, rate_date, exchange_rate) VALUES ('PLN', 'UAH', '2024-03-20', 11.059967);
INSERT INTO exchange_rates (from_currency, to_currency, rate_date, exchange_rate) VALUES ('PLN', 'UAH', '2024-03-21', 10.900751);
INSERT INTO exchange_rates (from_currency, to_currency, rate_date, exchange_rate) VALUES ('PLN', 'UAH', '2024-03-22', 10.765697);
INSERT INTO exchange_rates (from_currency, to_currency, rate_date, exchange_rate) VALUES ('PLN', 'UAH', '2024-03-23', 11.014821);
INSERT INTO exchange_rates (from_currency, to_currency, rate_date, exchange_rate) VALUES ('PLN', 'UAH', '2024-03-24', 11.009417);
INSERT INTO exchange_rates (from_currency, to_currency, rate_date, exchange_rate) VALUES ('PLN', 'UAH', '2024-03-25', 10.920727);
INSERT INTO exchange_rates (from_currency, to_currency, rate_date, exchange_rate) VALUES ('PLN', 'UAH', '2024-03-26', 11.018081);
INSERT INTO exchange_rates (from_currency, to_currency, rate_date, exchange_rate) VALUES ('PLN', 'UAH', '2024-03-27', 10.984352);
INSERT INTO exchange_rates (from_currency, to_currency, rate_date, exchange_rate) VALUES ('PLN', 'UAH', '2024-03-28', 10.965174);
INSERT INTO exchange_rates (from_currency, to_currency, rate_date, exchange_rate) VALUES ('PLN', 'UAH', '2024-03-29', 10.853962);
INSERT INTO exchange_rates (from_currency, to_currency, rate_date, exchange_rate) VALUES ('PLN', 'UAH', '2024-03-30', 10.641454);
INSERT INTO exchange_rates (from_currency, to_currency, rate_date, exchange_rate) VALUES ('PLN', 'UAH', '2024-03-31', 10.785488);
INSERT INTO exchange_rates (from_currency, to_currency, rate_date, exchange_rate) VALUES ('PLN', 'UAH', '2024-04-01', 10.953386);
INSERT INTO exchange_rates (from_currency, to_currency, rate_date, exchange_rate) VALUES ('PLN', 'UAH', '2024-04-02', 10.606976);
INSERT INTO exchange_rates (from_currency, to_currency, rate_date, exchange_rate) VALUES ('PLN', 'UAH', '2024-04-03', 10.794334);
INSERT INTO exchange_rates (from_currency, to_currency, rate_date, exchange_rate) VALUES ('PLN', 'UAH', '2024-04-04', 10.953595);
INSERT INTO exchange_rates (from_currency, to_currency, rate_date, exchange_rate) VALUES ('PLN', 'UAH', '2024-04-05', 10.826772);
INSERT INTO exchange_rates (from_currency, to_currency, rate_date, exchange_rate) VALUES ('PLN', 'UAH', '2024-04-06', 10.840981);
INSERT INTO exchange_rates (from_currency, to_currency, rate_date, exchange_rate) VALUES ('PLN', 'UAH', '2024-04-07', 10.943700);
INSERT INTO exchange_rates (from_currency, to_currency, rate_date, exchange_rate) VALUES ('PLN', 'UAH', '2024-04-08', 10.864453);
INSERT INTO exchange_rates (from_currency, to_currency, rate_date, exchange_rate) VALUES ('PLN', 'UAH', '2024-04-09', 11.083548);
INSERT INTO exchange_rates (from_currency, to_currency, rate_date, exchange_rate) VALUES ('PLN', 'UAH', '2024-04-10', 10.848036);
INSERT INTO exchange_rates (from_currency, to_currency, rate_date, exchange_rate) VALUES ('PLN', 'UAH', '2024-04-11', 10.915227);
INSERT INTO exchange_rates (from_currency, to_currency, rate_date, exchange_rate) VALUES ('PLN', 'UAH', '2024-04-12', 11.067434);
INSERT INTO exchange_rates (from_currency, to_currency, rate_date, exchange_rate) VALUES ('PLN', 'UAH', '2024-04-13', 11.128189);
INSERT INTO exchange_rates (from_currency, to_currency, rate_date, exchange_rate) VALUES ('PLN', 'UAH', '2024-04-14', 11.141472);
INSERT INTO exchange_rates (from_currency, to_currency, rate_date, exchange_rate) VALUES ('PLN', 'UAH', '2024-04-15', 11.227223);
INSERT INTO exchange_rates (from_currency, to_currency, rate_date, exchange_rate) VALUES ('PLN', 'UAH', '2024-04-16', 11.144469);
INSERT INTO exchange_rates (from_currency, to_currency, rate_date, exchange_rate) VALUES ('PLN', 'UAH', '2024-04-17', 11.012178);
INSERT INTO exchange_rates (from_currency, to_currency, rate_date, exchange_rate) VALUES ('PLN', 'UAH', '2024-04-18', 10.941984);
INSERT INTO exchange_rates (from_currency, to_currency, rate_date, exchange_rate) VALUES ('PLN', 'UAH', '2024-04-19', 11.089298);
INSERT INTO exchange_rates (from_currency, to_currency, rate_date, exchange_rate) VALUES ('PLN', 'UAH', '2024-04-20', 11.161549);
INSERT INTO exchange_rates (from_currency, to_currency, rate_date, exchange_rate) VALUES ('PLN', 'UAH', '2024-04-21', 11.342527);
INSERT INTO exchange_rates (from_currency, to_currency, rate_date, exchange_rate) VALUES ('PLN', 'UAH', '2024-04-22', 11.095158);
INSERT INTO exchange_rates (from_currency, to_currency, rate_date, exchange_rate) VALUES ('PLN', 'UAH', '2024-04-23', 11.515633);
INSERT INTO exchange_rates (from_currency, to_currency, rate_date, exchange_rate) VALUES ('PLN', 'UAH', '2024-04-24', 11.640524);
INSERT INTO exchange_rates (from_currency, to_currency, rate_date, exchange_rate) VALUES ('PLN', 'UAH', '2024-04-25', 11.919350);
INSERT INTO exchange_rates (from_currency, to_currency, rate_date, exchange_rate) VALUES ('PLN', 'UAH', '2024-04-26', 12.027313);
INSERT INTO exchange_rates (from_currency, to_currency, rate_date, exchange_rate) VALUES ('PLN', 'UAH', '2024-04-27', 12.154965);
INSERT INTO exchange_rates (from_currency, to_currency, rate_date, exchange_rate) VALUES ('PLN', 'UAH', '2024-04-28', 12.139651);
INSERT INTO exchange_rates (from_currency, to_currency, rate_date, exchange_rate) VALUES ('PLN', 'UAH', '2024-04-29', 11.969758);
INSERT INTO exchange_rates (from_currency, to_currency, rate_date, exchange_rate) VALUES ('PLN', 'UAH', '2024-04-30', 11.883163);
INSERT INTO exchange_rates (from_currency, to_currency, rate_date, exchange_rate) VALUES ('PLN', 'UAH', '2024-05-01', 11.835482);
INSERT INTO exchange_rates (from_currency, to_currency, rate_date, exchange_rate) VALUES ('PLN', 'UAH', '2024-05-02', 11.798435);
INSERT INTO exchange_rates (from_currency, to_currency, rate_date, exchange_rate) VALUES ('PLN', 'UAH', '2024-05-03', 11.574923);
INSERT INTO exchange_rates (from_currency, to_currency, rate_date, exchange_rate) VALUES ('PLN', 'UAH', '2024-05-04', 11.684554);
INSERT INTO exchange_rates (from_currency, to_currency, rate_date, exchange_rate) VALUES ('PLN', 'UAH', '2024-05-05', 11.788968);
INSERT INTO exchange_rates (from_currency, to_currency, rate_date, exchange_rate) VALUES ('PLN', 'UAH', '2024-05-06', 11.732046);
INSERT INTO exchange_rates (from_currency, to_currency, rate_date, exchange_rate) VALUES ('PLN', 'UAH', '2024-05-07', 11.822077);
INSERT INTO exchange_rates (from_currency, to_currency, rate_date, exchange_rate) VALUES ('PLN', 'UAH', '2024-05-08', 12.051273);
INSERT INTO exchange_rates (from_currency, to_currency, rate_date, exchange_rate) VALUES ('PLN', 'UAH', '2024-05-09', 12.071795);
INSERT INTO exchange_rates (from_currency, to_currency, rate_date, exchange_rate) VALUES ('PLN', 'UAH', '2024-05-10', 12.056208);
INSERT INTO exchange_rates (from_currency, to_currency, rate_date, exchange_rate) VALUES ('PLN', 'UAH', '2024-05-11', 11.849261);
INSERT INTO exchange_rates (from_currency, to_currency, rate_date, exchange_rate) VALUES ('PLN', 'UAH', '2024-05-12', 11.932943);
INSERT INTO exchange_rates (from_currency, to_currency, rate_date, exchange_rate) VALUES ('PLN', 'UAH', '2024-05-13', 11.934455);
INSERT INTO exchange_rates (from_currency, to_currency, rate_date, exchange_rate) VALUES ('PLN', 'UAH', '2024-05-14', 11.673057);
INSERT INTO exchange_rates (from_currency, to_currency, rate_date, exchange_rate) VALUES ('PLN', 'UAH', '2024-05-15', 11.837880);
INSERT INTO exchange_rates (from_currency, to_currency, rate_date, exchange_rate) VALUES ('PLN', 'UAH', '2024-05-16', 11.901982);
INSERT INTO exchange_rates (from_currency, to_currency, rate_date, exchange_rate) VALUES ('PLN', 'UAH', '2024-05-17', 11.815700);
INSERT INTO exchange_rates (from_currency, to_currency, rate_date, exchange_rate) VALUES ('PLN', 'UAH', '2024-05-18', 11.825150);
INSERT INTO exchange_rates (from_currency, to_currency, rate_date, exchange_rate) VALUES ('PLN', 'UAH', '2024-05-19', 11.833313);
INSERT INTO exchange_rates (from_currency, to_currency, rate_date, exchange_rate) VALUES ('PLN', 'UAH', '2024-05-20', 11.825990);
INSERT INTO exchange_rates (from_currency, to_currency, rate_date, exchange_rate) VALUES ('PLN', 'UAH', '2024-05-21', 12.023153);
INSERT INTO exchange_rates (from_currency, to_currency, rate_date, exchange_rate) VALUES ('PLN', 'UAH', '2024-05-22', 12.051263);
INSERT INTO exchange_rates (from_currency, to_currency, rate_date, exchange_rate) VALUES ('PLN', 'UAH', '2024-05-23', 12.040254);
INSERT INTO exchange_rates (from_currency, to_currency, rate_date, exchange_rate) VALUES ('PLN', 'UAH', '2024-05-24', 11.797119);
INSERT INTO exchange_rates (from_currency, to_currency, rate_date, exchange_rate) VALUES ('PLN', 'UAH', '2024-05-25', 12.013364);
INSERT INTO exchange_rates (from_currency, to_currency, rate_date, exchange_rate) VALUES ('PLN', 'UAH', '2024-05-26', 11.954079);
INSERT INTO exchange_rates (from_currency, to_currency, rate_date, exchange_rate) VALUES ('PLN', 'UAH', '2024-05-27', 12.062179);
INSERT INTO exchange_rates (from_currency, to_currency, rate_date, exchange_rate) VALUES ('PLN', 'UAH', '2024-05-28', 12.156871);
INSERT INTO exchange_rates (from_currency, to_currency, rate_date, exchange_rate) VALUES ('PLN', 'UAH', '2024-05-29', 12.215393);
INSERT INTO exchange_rates (from_currency, to_currency, rate_date, exchange_rate) VALUES ('PLN', 'UAH', '2024-05-30', 12.109842);
INSERT INTO exchange_rates (from_currency, to_currency, rate_date, exchange_rate) VALUES ('PLN', 'UAH', '2024-05-31', 11.982695);
INSERT INTO exchange_rates (from_currency, to_currency, rate_date, exchange_rate) VALUES ('PLN', 'UAH', '2024-06-01', 12.104839);
INSERT INTO exchange_rates (from_currency, to_currency, rate_date, exchange_rate) VALUES ('PLN', 'UAH', '2024-06-02', 12.081983);
INSERT INTO exchange_rates (from_currency, to_currency, rate_date, exchange_rate) VALUES ('PLN', 'UAH', '2024-06-03', 11.752583);
INSERT INTO exchange_rates (from_currency, to_currency, rate_date, exchange_rate) VALUES ('PLN', 'UAH', '2024-06-04', 11.812093);
INSERT INTO exchange_rates (from_currency, to_currency, rate_date, exchange_rate) VALUES ('PLN', 'UAH', '2024-06-05', 11.777083);
INSERT INTO exchange_rates (from_currency, to_currency, rate_date, exchange_rate) VALUES ('PLN', 'UAH', '2024-06-06', 11.556600);
INSERT INTO exchange_rates (from_currency, to_currency, rate_date, exchange_rate) VALUES ('PLN', 'UAH', '2024-06-07', 11.687308);
INSERT INTO exchange_rates (from_currency, to_currency, rate_date, exchange_rate) VALUES ('PLN', 'UAH', '2024-06-08', 11.810465);
INSERT INTO exchange_rates (from_currency, to_currency, rate_date, exchange_rate) VALUES ('PLN', 'UAH', '2024-06-09', 11.812258);
INSERT INTO exchange_rates (from_currency, to_currency, rate_date, exchange_rate) VALUES ('PLN', 'UAH', '2024-06-10', 11.781469);
INSERT INTO exchange_rates (from_currency, to_currency, rate_date, exchange_rate) VALUES ('PLN', 'UAH', '2024-06-11', 11.933178);
INSERT INTO exchange_rates (from_currency, to_currency, rate_date, exchange_rate) VALUES ('PLN', 'UAH', '2024-06-12', 11.858627);
INSERT INTO exchange_rates (from_currency, to_currency, rate_date, exchange_rate) VALUES ('PLN', 'UAH', '2024-06-13', 11.987774);
INSERT INTO exchange_rates (from_currency, to_currency, rate_date, exchange_rate) VALUES ('PLN', 'UAH', '2024-06-14', 11.942850);
INSERT INTO exchange_rates (from_currency, to_currency, rate_date, exchange_rate) VALUES ('PLN', 'UAH', '2024-06-15', 11.855757);
INSERT INTO exchange_rates (from_currency, to_currency, rate_date, exchange_rate) VALUES ('PLN', 'UAH', '2024-06-16', 11.775703);
INSERT INTO exchange_rates (from_currency, to_currency, rate_date, exchange_rate) VALUES ('PLN', 'UAH', '2024-06-17', 11.705300);
INSERT INTO exchange_rates (from_currency, to_currency, rate_date, exchange_rate) VALUES ('PLN', 'UAH', '2024-06-18', 11.531197);
INSERT INTO exchange_rates (from_currency, to_currency, rate_date, exchange_rate) VALUES ('PLN', 'UAH', '2024-06-19', 11.393921);
INSERT INTO exchange_rates (from_currency, to_currency, rate_date, exchange_rate) VALUES ('PLN', 'UAH', '2024-06-20', 11.284693);
INSERT INTO exchange_rates (from_currency, to_currency, rate_date, exchange_rate) VALUES ('PLN', 'UAH', '2024-06-21', 11.082639);
INSERT INTO exchange_rates (from_currency, to_currency, rate_date, exchange_rate) VALUES ('PLN', 'UAH', '2024-06-22', 11.060793);
INSERT INTO exchange_rates (from_currency, to_currency, rate_date, exchange_rate) VALUES ('PLN', 'UAH', '2024-06-23', 10.847341);
INSERT INTO exchange_rates (from_currency, to_currency, rate_date, exchange_rate) VALUES ('PLN', 'UAH', '2024-06-24', 10.913132);
INSERT INTO exchange_rates (from_currency, to_currency, rate_date, exchange_rate) VALUES ('PLN', 'UAH', '2024-06-25', 10.973223);
INSERT INTO exchange_rates (from_currency, to_currency, rate_date, exchange_rate) VALUES ('PLN', 'UAH', '2024-06-26', 10.650676);
INSERT INTO exchange_rates (from_currency, to_currency, rate_date, exchange_rate) VALUES ('PLN', 'UAH', '2024-06-27', 11.003793);
INSERT INTO exchange_rates (from_currency, to_currency, rate_date, exchange_rate) VALUES ('PLN', 'UAH', '2024-06-28', 10.876841);
INSERT INTO exchange_rates (from_currency, to_currency, rate_date, exchange_rate) VALUES ('PLN', 'UAH', '2024-06-29', 11.171057);
INSERT INTO exchange_rates (from_currency, to_currency, rate_date, exchange_rate) VALUES ('PLN', 'UAH', '2024-06-30', 11.181527);
INSERT INTO exchange_rates (from_currency, to_currency, rate_date, exchange_rate) VALUES ('PLN', 'UAH', '2024-07-01', 11.185042);
INSERT INTO exchange_rates (from_currency, to_currency, rate_date, exchange_rate) VALUES ('PLN', 'UAH', '2024-07-02', 11.382901);
INSERT INTO exchange_rates (from_currency, to_currency, rate_date, exchange_rate) VALUES ('PLN', 'UAH', '2024-07-03', 11.457755);
INSERT INTO exchange_rates (from_currency, to_currency, rate_date, exchange_rate) VALUES ('PLN', 'UAH', '2024-07-04', 11.520781);
INSERT INTO exchange_rates (from_currency, to_currency, rate_date, exchange_rate) VALUES ('PLN', 'UAH', '2024-07-05', 11.487277);
INSERT INTO exchange_rates (from_currency, to_currency, rate_date, exchange_rate) VALUES ('PLN', 'UAH', '2024-07-06', 11.405358);
INSERT INTO exchange_rates (from_currency, to_currency, rate_date, exchange_rate) VALUES ('PLN', 'UAH', '2024-07-07', 11.618174);
INSERT INTO exchange_rates (from_currency, to_currency, rate_date, exchange_rate) VALUES ('PLN', 'UAH', '2024-07-08', 11.408984);
INSERT INTO exchange_rates (from_currency, to_currency, rate_date, exchange_rate) VALUES ('PLN', 'UAH', '2024-07-09', 11.381908);
INSERT INTO exchange_rates (from_currency, to_currency, rate_date, exchange_rate) VALUES ('PLN', 'UAH', '2024-07-10', 11.397789);
INSERT INTO exchange_rates (from_currency, to_currency, rate_date, exchange_rate) VALUES ('PLN', 'UAH', '2024-07-11', 11.151256);
INSERT INTO exchange_rates (from_currency, to_currency, rate_date, exchange_rate) VALUES ('PLN', 'UAH', '2024-07-12', 11.252653);
INSERT INTO exchange_rates (from_currency, to_currency, rate_date, exchange_rate) VALUES ('PLN', 'UAH', '2024-07-13', 11.094896);
INSERT INTO exchange_rates (from_currency, to_currency, rate_date, exchange_rate) VALUES ('PLN', 'UAH', '2024-07-14', 10.843543);
INSERT INTO exchange_rates (from_currency, to_currency, rate_date, exchange_rate) VALUES ('PLN', 'UAH', '2024-07-15', 10.625570);
INSERT INTO exchange_rates (from_currency, to_currency, rate_date, exchange_rate) VALUES ('PLN', 'UAH', '2024-07-16', 10.506568);
INSERT INTO exchange_rates (from_currency, to_currency, rate_date, exchange_rate) VALUES ('PLN', 'UAH', '2024-07-17', 10.375993);
INSERT INTO exchange_rates (from_currency, to_currency, rate_date, exchange_rate) VALUES ('PLN', 'UAH', '2024-07-18', 10.114005);
INSERT INTO exchange_rates (from_currency, to_currency, rate_date, exchange_rate) VALUES ('PLN', 'UAH', '2024-07-19', 10.122728);
INSERT INTO exchange_rates (from_currency, to_currency, rate_date, exchange_rate) VALUES ('PLN', 'UAH', '2024-07-20', 10.102814);
INSERT INTO exchange_rates (from_currency, to_currency, rate_date, exchange_rate) VALUES ('PLN', 'UAH', '2024-07-21', 10.127526);
INSERT INTO exchange_rates (from_currency, to_currency, rate_date, exchange_rate) VALUES ('PLN', 'UAH', '2024-07-22', 10.132567);
INSERT INTO exchange_rates (from_currency, to_currency, rate_date, exchange_rate) VALUES ('PLN', 'UAH', '2024-07-23', 10.006750);
INSERT INTO exchange_rates (from_currency, to_currency, rate_date, exchange_rate) VALUES ('PLN', 'UAH', '2024-07-24', 10.203272);
INSERT INTO exchange_rates (from_currency, to_currency, rate_date, exchange_rate) VALUES ('PLN', 'UAH', '2024-07-25', 9.973225);
INSERT INTO exchange_rates (from_currency, to_currency, rate_date, exchange_rate) VALUES ('PLN', 'UAH', '2024-07-26', 10.154034);
INSERT INTO exchange_rates (from_currency, to_currency, rate_date, exchange_rate) VALUES ('PLN', 'UAH', '2024-07-27', 10.144194);
INSERT INTO exchange_rates (from_currency, to_currency, rate_date, exchange_rate) VALUES ('PLN', 'UAH', '2024-07-28', 9.784218);
INSERT INTO exchange_rates (from_currency, to_currency, rate_date, exchange_rate) VALUES ('PLN', 'UAH', '2024-07-29', 9.938674);
INSERT INTO exchange_rates (from_currency, to_currency, rate_date, exchange_rate) VALUES ('PLN', 'UAH', '2024-07-30', 9.902674);
INSERT INTO exchange_rates (from_currency, to_currency, rate_date, exchange_rate) VALUES ('PLN', 'UAH', '2024-07-31', 9.935218);
INSERT INTO exchange_rates (from_currency, to_currency, rate_date, exchange_rate) VALUES ('PLN', 'UAH', '2024-08-01', 9.950323);
INSERT INTO exchange_rates (from_currency, to_currency, rate_date, exchange_rate) VALUES ('PLN', 'UAH', '2024-08-02', 9.994889);
INSERT INTO exchange_rates (from_currency, to_currency, rate_date, exchange_rate) VALUES ('PLN', 'UAH', '2024-08-03', 10.143325);
INSERT INTO exchange_rates (from_currency, to_currency, rate_date, exchange_rate) VALUES ('PLN', 'UAH', '2024-08-04', 10.180933);
INSERT INTO exchange_rates (from_currency, to_currency, rate_date, exchange_rate) VALUES ('PLN', 'UAH', '2024-08-05', 10.295943);
INSERT INTO exchange_rates (from_currency, to_currency, rate_date, exchange_rate) VALUES ('PLN', 'UAH', '2024-08-06', 10.361826);
INSERT INTO exchange_rates (from_currency, to_currency, rate_date, exchange_rate) VALUES ('PLN', 'UAH', '2024-08-07', 10.314289);
INSERT INTO exchange_rates (from_currency, to_currency, rate_date, exchange_rate) VALUES ('PLN', 'UAH', '2024-08-08', 10.394106);
INSERT INTO exchange_rates (from_currency, to_currency, rate_date, exchange_rate) VALUES ('PLN', 'UAH', '2024-08-09', 10.383809);
INSERT INTO exchange_rates (from_currency, to_currency, rate_date, exchange_rate) VALUES ('PLN', 'UAH', '2024-08-10', 10.769918);
INSERT INTO exchange_rates (from_currency, to_currency, rate_date, exchange_rate) VALUES ('PLN', 'UAH', '2024-08-11', 10.750991);
INSERT INTO exchange_rates (from_currency, to_currency, rate_date, exchange_rate) VALUES ('PLN', 'UAH', '2024-08-12', 10.915066);
INSERT INTO exchange_rates (from_currency, to_currency, rate_date, exchange_rate) VALUES ('PLN', 'UAH', '2024-08-13', 10.965892);
INSERT INTO exchange_rates (from_currency, to_currency, rate_date, exchange_rate) VALUES ('PLN', 'UAH', '2024-08-14', 11.073231);
INSERT INTO exchange_rates (from_currency, to_currency, rate_date, exchange_rate) VALUES ('PLN', 'UAH', '2024-08-15', 11.246956);
INSERT INTO exchange_rates (from_currency, to_currency, rate_date, exchange_rate) VALUES ('PLN', 'UAH', '2024-08-16', 11.050573);
INSERT INTO exchange_rates (from_currency, to_currency, rate_date, exchange_rate) VALUES ('PLN', 'UAH', '2024-08-17', 10.873718);
INSERT INTO exchange_rates (from_currency, to_currency, rate_date, exchange_rate) VALUES ('PLN', 'UAH', '2024-08-18', 10.866274);
INSERT INTO exchange_rates (from_currency, to_currency, rate_date, exchange_rate) VALUES ('PLN', 'UAH', '2024-08-19', 11.022181);
INSERT INTO exchange_rates (from_currency, to_currency, rate_date, exchange_rate) VALUES ('PLN', 'UAH', '2024-08-20', 11.213232);
INSERT INTO exchange_rates (from_currency, to_currency, rate_date, exchange_rate) VALUES ('PLN', 'UAH', '2024-08-21', 10.997925);
INSERT INTO exchange_rates (from_currency, to_currency, rate_date, exchange_rate) VALUES ('PLN', 'UAH', '2024-08-22', 10.707673);
INSERT INTO exchange_rates (from_currency, to_currency, rate_date, exchange_rate) VALUES ('PLN', 'UAH', '2024-08-23', 10.746879);
INSERT INTO exchange_rates (from_currency, to_currency, rate_date, exchange_rate) VALUES ('PLN', 'UAH', '2024-08-24', 10.794939);
INSERT INTO exchange_rates (from_currency, to_currency, rate_date, exchange_rate) VALUES ('PLN', 'UAH', '2024-08-25', 10.960237);
INSERT INTO exchange_rates (from_currency, to_currency, rate_date, exchange_rate) VALUES ('PLN', 'UAH', '2024-08-26', 11.029227);
INSERT INTO exchange_rates (from_currency, to_currency, rate_date, exchange_rate) VALUES ('PLN', 'UAH', '2024-08-27', 10.918536);
INSERT INTO exchange_rates (from_currency, to_currency, rate_date, exchange_rate) VALUES ('PLN', 'UAH', '2024-08-28', 10.799563);
INSERT INTO exchange_rates (from_currency, to_currency, rate_date, exchange_rate) VALUES ('PLN', 'UAH', '2024-08-29', 10.825083);
INSERT INTO exchange_rates (from_currency, to_currency, rate_date, exchange_rate) VALUES ('PLN', 'UAH', '2024-08-30', 10.714247);
INSERT INTO exchange_rates (from_currency, to_currency, rate_date, exchange_rate) VALUES ('PLN', 'UAH', '2024-08-31', 11.046742);
INSERT INTO exchange_rates (from_currency, to_currency, rate_date, exchange_rate) VALUES ('PLN', 'UAH', '2024-09-01', 11.117417);
INSERT INTO exchange_rates (from_currency, to_currency, rate_date, exchange_rate) VALUES ('PLN', 'UAH', '2024-09-02', 11.397062);
INSERT INTO exchange_rates (from_currency, to_currency, rate_date, exchange_rate) VALUES ('PLN', 'UAH', '2024-09-03', 11.430847);
INSERT INTO exchange_rates (from_currency, to_currency, rate_date, exchange_rate) VALUES ('PLN', 'UAH', '2024-09-04', 11.380145);
INSERT INTO exchange_rates (from_currency, to_currency, rate_date, exchange_rate) VALUES ('PLN', 'UAH', '2024-09-05', 11.493005);
INSERT INTO exchange_rates (from_currency, to_currency, rate_date, exchange_rate) VALUES ('PLN', 'UAH', '2024-09-06', 11.446749);
INSERT INTO exchange_rates (from_currency, to_currency, rate_date, exchange_rate) VALUES ('PLN', 'UAH', '2024-09-07', 11.483814);
INSERT INTO exchange_rates (from_currency, to_currency, rate_date, exchange_rate) VALUES ('PLN', 'UAH', '2024-09-08', 11.307415);
INSERT INTO exchange_rates (from_currency, to_currency, rate_date, exchange_rate) VALUES ('PLN', 'UAH', '2024-09-09', 11.360874);
INSERT INTO exchange_rates (from_currency, to_currency, rate_date, exchange_rate) VALUES ('PLN', 'UAH', '2024-09-10', 11.413053);
INSERT INTO exchange_rates (from_currency, to_currency, rate_date, exchange_rate) VALUES ('PLN', 'UAH', '2024-09-11', 11.680854);
INSERT INTO exchange_rates (from_currency, to_currency, rate_date, exchange_rate) VALUES ('PLN', 'UAH', '2024-09-12', 12.021373);
INSERT INTO exchange_rates (from_currency, to_currency, rate_date, exchange_rate) VALUES ('PLN', 'UAH', '2024-09-13', 12.167395);
INSERT INTO exchange_rates (from_currency, to_currency, rate_date, exchange_rate) VALUES ('PLN', 'UAH', '2024-09-14', 12.020888);
INSERT INTO exchange_rates (from_currency, to_currency, rate_date, exchange_rate) VALUES ('PLN', 'UAH', '2024-09-15', 11.758998);
INSERT INTO exchange_rates (from_currency, to_currency, rate_date, exchange_rate) VALUES ('PLN', 'UAH', '2024-09-16', 11.561698);
INSERT INTO exchange_rates (from_currency, to_currency, rate_date, exchange_rate) VALUES ('PLN', 'UAH', '2024-09-17', 11.731426);
INSERT INTO exchange_rates (from_currency, to_currency, rate_date, exchange_rate) VALUES ('PLN', 'UAH', '2024-09-18', 11.407535);
INSERT INTO exchange_rates (from_currency, to_currency, rate_date, exchange_rate) VALUES ('PLN', 'UAH', '2024-09-19', 11.639976);
INSERT INTO exchange_rates (from_currency, to_currency, rate_date, exchange_rate) VALUES ('PLN', 'UAH', '2024-09-20', 11.585601);
INSERT INTO exchange_rates (from_currency, to_currency, rate_date, exchange_rate) VALUES ('PLN', 'UAH', '2024-09-21', 11.574549);
INSERT INTO exchange_rates (from_currency, to_currency, rate_date, exchange_rate) VALUES ('PLN', 'UAH', '2024-09-22', 11.482280);
INSERT INTO exchange_rates (from_currency, to_currency, rate_date, exchange_rate) VALUES ('PLN', 'UAH', '2024-09-23', 11.156119);
INSERT INTO exchange_rates (from_currency, to_currency, rate_date, exchange_rate) VALUES ('PLN', 'UAH', '2024-09-24', 11.190452);
INSERT INTO exchange_rates (from_currency, to_currency, rate_date, exchange_rate) VALUES ('PLN', 'UAH', '2024-09-25', 11.308977);
INSERT INTO exchange_rates (from_currency, to_currency, rate_date, exchange_rate) VALUES ('PLN', 'UAH', '2024-09-26', 11.463970);
INSERT INTO exchange_rates (from_currency, to_currency, rate_date, exchange_rate) VALUES ('PLN', 'UAH', '2024-09-27', 11.472951);
INSERT INTO exchange_rates (from_currency, to_currency, rate_date, exchange_rate) VALUES ('PLN', 'UAH', '2024-09-28', 11.500346);
INSERT INTO exchange_rates (from_currency, to_currency, rate_date, exchange_rate) VALUES ('PLN', 'UAH', '2024-09-29', 11.308522);
INSERT INTO exchange_rates (from_currency, to_currency, rate_date, exchange_rate) VALUES ('PLN', 'UAH', '2024-09-30', 11.123883);
INSERT INTO exchange_rates (from_currency, to_currency, rate_date, exchange_rate) VALUES ('PLN', 'UAH', '2024-10-01', 11.115286);
INSERT INTO exchange_rates (from_currency, to_currency, rate_date, exchange_rate) VALUES ('PLN', 'UAH', '2024-10-02', 11.412546);
INSERT INTO exchange_rates (from_currency, to_currency, rate_date, exchange_rate) VALUES ('PLN', 'UAH', '2024-10-03', 11.468250);
INSERT INTO exchange_rates (from_currency, to_currency, rate_date, exchange_rate) VALUES ('PLN', 'UAH', '2024-10-04', 11.295653);
INSERT INTO exchange_rates (from_currency, to_currency, rate_date, exchange_rate) VALUES ('PLN', 'UAH', '2024-10-05', 11.296738);
INSERT INTO exchange_rates (from_currency, to_currency, rate_date, exchange_rate) VALUES ('PLN', 'UAH', '2024-10-06', 11.306563);
INSERT INTO exchange_rates (from_currency, to_currency, rate_date, exchange_rate) VALUES ('PLN', 'UAH', '2024-10-07', 11.316866);
INSERT INTO exchange_rates (from_currency, to_currency, rate_date, exchange_rate) VALUES ('PLN', 'UAH', '2024-10-08', 11.168476);
INSERT INTO exchange_rates (from_currency, to_currency, rate_date, exchange_rate) VALUES ('PLN', 'UAH', '2024-10-09', 10.905685);
INSERT INTO exchange_rates (from_currency, to_currency, rate_date, exchange_rate) VALUES ('PLN', 'UAH', '2024-10-10', 10.725344);
INSERT INTO exchange_rates (from_currency, to_currency, rate_date, exchange_rate) VALUES ('PLN', 'UAH', '2024-10-11', 10.783540);
INSERT INTO exchange_rates (from_currency, to_currency, rate_date, exchange_rate) VALUES ('PLN', 'UAH', '2024-10-12', 10.996235);
INSERT INTO exchange_rates (from_currency, to_currency, rate_date, exchange_rate) VALUES ('PLN', 'UAH', '2024-10-13', 10.889575);
INSERT INTO exchange_rates (from_currency, to_currency, rate_date, exchange_rate) VALUES ('PLN', 'UAH', '2024-10-14', 11.058956);
INSERT INTO exchange_rates (from_currency, to_currency, rate_date, exchange_rate) VALUES ('PLN', 'UAH', '2024-10-15', 11.081447);
INSERT INTO exchange_rates (from_currency, to_currency, rate_date, exchange_rate) VALUES ('PLN', 'UAH', '2024-10-16', 11.170296);
INSERT INTO exchange_rates (from_currency, to_currency, rate_date, exchange_rate) VALUES ('PLN', 'UAH', '2024-10-17', 11.175887);
INSERT INTO exchange_rates (from_currency, to_currency, rate_date, exchange_rate) VALUES ('PLN', 'UAH', '2024-10-18', 11.296148);
INSERT INTO exchange_rates (from_currency, to_currency, rate_date, exchange_rate) VALUES ('PLN', 'UAH', '2024-10-19', 11.184945);
INSERT INTO exchange_rates (from_currency, to_currency, rate_date, exchange_rate) VALUES ('PLN', 'UAH', '2024-10-20', 11.118730);
INSERT INTO exchange_rates (from_currency, to_currency, rate_date, exchange_rate) VALUES ('PLN', 'UAH', '2024-10-21', 10.833304);
INSERT INTO exchange_rates (from_currency, to_currency, rate_date, exchange_rate) VALUES ('PLN', 'UAH', '2024-10-22', 11.114631);
INSERT INTO exchange_rates (from_currency, to_currency, rate_date, exchange_rate) VALUES ('PLN', 'UAH', '2024-10-23', 11.354819);
INSERT INTO exchange_rates (from_currency, to_currency, rate_date, exchange_rate) VALUES ('PLN', 'UAH', '2024-10-24', 11.432916);
INSERT INTO exchange_rates (from_currency, to_currency, rate_date, exchange_rate) VALUES ('PLN', 'UAH', '2024-10-25', 11.648946);
INSERT INTO exchange_rates (from_currency, to_currency, rate_date, exchange_rate) VALUES ('PLN', 'UAH', '2024-10-26', 11.680541);
INSERT INTO exchange_rates (from_currency, to_currency, rate_date, exchange_rate) VALUES ('PLN', 'UAH', '2024-10-27', 11.718599);
INSERT INTO exchange_rates (from_currency, to_currency, rate_date, exchange_rate) VALUES ('PLN', 'UAH', '2024-10-28', 11.796481);
INSERT INTO exchange_rates (from_currency, to_currency, rate_date, exchange_rate) VALUES ('PLN', 'UAH', '2024-10-29', 11.953369);
INSERT INTO exchange_rates (from_currency, to_currency, rate_date, exchange_rate) VALUES ('PLN', 'UAH', '2024-10-30', 12.109077);
INSERT INTO exchange_rates (from_currency, to_currency, rate_date, exchange_rate) VALUES ('PLN', 'UAH', '2024-10-31', 11.955639);
INSERT INTO exchange_rates (from_currency, to_currency, rate_date, exchange_rate) VALUES ('PLN', 'UAH', '2024-11-01', 12.085096);
INSERT INTO exchange_rates (from_currency, to_currency, rate_date, exchange_rate) VALUES ('PLN', 'UAH', '2024-11-02', 11.856511);
INSERT INTO exchange_rates (from_currency, to_currency, rate_date, exchange_rate) VALUES ('PLN', 'UAH', '2024-11-03', 11.709170);
INSERT INTO exchange_rates (from_currency, to_currency, rate_date, exchange_rate) VALUES ('PLN', 'UAH', '2024-11-04', 11.647268);
INSERT INTO exchange_rates (from_currency, to_currency, rate_date, exchange_rate) VALUES ('PLN', 'UAH', '2024-11-05', 11.623402);
INSERT INTO exchange_rates (from_currency, to_currency, rate_date, exchange_rate) VALUES ('PLN', 'UAH', '2024-11-06', 11.650666);
INSERT INTO exchange_rates (from_currency, to_currency, rate_date, exchange_rate) VALUES ('PLN', 'UAH', '2024-11-07', 11.736097);
INSERT INTO exchange_rates (from_currency, to_currency, rate_date, exchange_rate) VALUES ('PLN', 'UAH', '2024-11-08', 11.635921);
INSERT INTO exchange_rates (from_currency, to_currency, rate_date, exchange_rate) VALUES ('PLN', 'UAH', '2024-11-09', 11.585140);
INSERT INTO exchange_rates (from_currency, to_currency, rate_date, exchange_rate) VALUES ('PLN', 'UAH', '2024-11-10', 11.708714);
INSERT INTO exchange_rates (from_currency, to_currency, rate_date, exchange_rate) VALUES ('PLN', 'UAH', '2024-11-11', 11.529849);
INSERT INTO exchange_rates (from_currency, to_currency, rate_date, exchange_rate) VALUES ('PLN', 'UAH', '2024-11-12', 11.086697);
INSERT INTO exchange_rates (from_currency, to_currency, rate_date, exchange_rate) VALUES ('PLN', 'UAH', '2024-11-13', 11.207832);
INSERT INTO exchange_rates (from_currency, to_currency, rate_date, exchange_rate) VALUES ('PLN', 'UAH', '2024-11-14', 11.233610);
INSERT INTO exchange_rates (from_currency, to_currency, rate_date, exchange_rate) VALUES ('PLN', 'UAH', '2024-11-15', 11.380881);
INSERT INTO exchange_rates (from_currency, to_currency, rate_date, exchange_rate) VALUES ('PLN', 'UAH', '2024-11-16', 11.449898);
INSERT INTO exchange_rates (from_currency, to_currency, rate_date, exchange_rate) VALUES ('PLN', 'UAH', '2024-11-17', 11.427551);
INSERT INTO exchange_rates (from_currency, to_currency, rate_date, exchange_rate) VALUES ('PLN', 'UAH', '2024-11-18', 11.303838);
INSERT INTO exchange_rates (from_currency, to_currency, rate_date, exchange_rate) VALUES ('PLN', 'UAH', '2024-11-19', 11.442788);
INSERT INTO exchange_rates (from_currency, to_currency, rate_date, exchange_rate) VALUES ('PLN', 'UAH', '2024-11-20', 11.449567);
INSERT INTO exchange_rates (from_currency, to_currency, rate_date, exchange_rate) VALUES ('PLN', 'UAH', '2024-11-21', 11.746630);
INSERT INTO exchange_rates (from_currency, to_currency, rate_date, exchange_rate) VALUES ('PLN', 'UAH', '2024-11-22', 11.542933);
INSERT INTO exchange_rates (from_currency, to_currency, rate_date, exchange_rate) VALUES ('PLN', 'UAH', '2024-11-23', 11.500409);
INSERT INTO exchange_rates (from_currency, to_currency, rate_date, exchange_rate) VALUES ('PLN', 'UAH', '2024-11-24', 11.598512);
INSERT INTO exchange_rates (from_currency, to_currency, rate_date, exchange_rate) VALUES ('PLN', 'UAH', '2024-11-25', 11.473134);
INSERT INTO exchange_rates (from_currency, to_currency, rate_date, exchange_rate) VALUES ('PLN', 'UAH', '2024-11-26', 11.569369);
INSERT INTO exchange_rates (from_currency, to_currency, rate_date, exchange_rate) VALUES ('PLN', 'UAH', '2024-11-27', 11.553129);
INSERT INTO exchange_rates (from_currency, to_currency, rate_date, exchange_rate) VALUES ('PLN', 'UAH', '2024-11-28', 11.287430);
INSERT INTO exchange_rates (from_currency, to_currency, rate_date, exchange_rate) VALUES ('PLN', 'UAH', '2024-11-29', 11.225594);
INSERT INTO exchange_rates (from_currency, to_currency, rate_date, exchange_rate) VALUES ('PLN', 'UAH', '2024-11-30', 11.002481);
INSERT INTO exchange_rates (from_currency, to_currency, rate_date, exchange_rate) VALUES ('PLN', 'UAH', '2024-12-01', 11.084350);
INSERT INTO exchange_rates (from_currency, to_currency, rate_date, exchange_rate) VALUES ('PLN', 'UAH', '2024-12-02', 11.124847);
INSERT INTO exchange_rates (from_currency, to_currency, rate_date, exchange_rate) VALUES ('PLN', 'UAH', '2024-12-03', 10.953420);
INSERT INTO exchange_rates (from_currency, to_currency, rate_date, exchange_rate) VALUES ('PLN', 'UAH', '2024-12-04', 11.170722);
INSERT INTO exchange_rates (from_currency, to_currency, rate_date, exchange_rate) VALUES ('PLN', 'UAH', '2024-12-05', 11.079800);
INSERT INTO exchange_rates (from_currency, to_currency, rate_date, exchange_rate) VALUES ('PLN', 'UAH', '2024-12-06', 11.082993);
INSERT INTO exchange_rates (from_currency, to_currency, rate_date, exchange_rate) VALUES ('PLN', 'UAH', '2024-12-07', 10.887274);
INSERT INTO exchange_rates (from_currency, to_currency, rate_date, exchange_rate) VALUES ('PLN', 'UAH', '2024-12-08', 10.850061);
INSERT INTO exchange_rates (from_currency, to_currency, rate_date, exchange_rate) VALUES ('PLN', 'UAH', '2024-12-09', 11.018112);
INSERT INTO exchange_rates (from_currency, to_currency, rate_date, exchange_rate) VALUES ('PLN', 'UAH', '2024-12-10', 11.020963);
INSERT INTO exchange_rates (from_currency, to_currency, rate_date, exchange_rate) VALUES ('PLN', 'UAH', '2024-12-11', 11.005619);
INSERT INTO exchange_rates (from_currency, to_currency, rate_date, exchange_rate) VALUES ('PLN', 'UAH', '2024-12-12', 10.965082);
INSERT INTO exchange_rates (from_currency, to_currency, rate_date, exchange_rate) VALUES ('PLN', 'UAH', '2024-12-13', 10.775024);
INSERT INTO exchange_rates (from_currency, to_currency, rate_date, exchange_rate) VALUES ('PLN', 'UAH', '2024-12-14', 10.828771);
INSERT INTO exchange_rates (from_currency, to_currency, rate_date, exchange_rate) VALUES ('PLN', 'UAH', '2024-12-15', 10.780717);
INSERT INTO exchange_rates (from_currency, to_currency, rate_date, exchange_rate) VALUES ('PLN', 'UAH', '2024-12-16', 10.819841);
INSERT INTO exchange_rates (from_currency, to_currency, rate_date, exchange_rate) VALUES ('PLN', 'UAH', '2024-12-17', 10.910154);
INSERT INTO exchange_rates (from_currency, to_currency, rate_date, exchange_rate) VALUES ('PLN', 'UAH', '2024-12-18', 10.830032);
INSERT INTO exchange_rates (from_currency, to_currency, rate_date, exchange_rate) VALUES ('PLN', 'UAH', '2024-12-19', 10.674218);
INSERT INTO exchange_rates (from_currency, to_currency, rate_date, exchange_rate) VALUES ('PLN', 'UAH', '2024-12-20', 10.809533);
INSERT INTO exchange_rates (from_currency, to_currency, rate_date, exchange_rate) VALUES ('PLN', 'UAH', '2024-12-21', 11.122518);
INSERT INTO exchange_rates (from_currency, to_currency, rate_date, exchange_rate) VALUES ('PLN', 'UAH', '2024-12-22', 11.089503);
INSERT INTO exchange_rates (from_currency, to_currency, rate_date, exchange_rate) VALUES ('PLN', 'UAH', '2024-12-23', 11.026210);
INSERT INTO exchange_rates (from_currency, to_currency, rate_date, exchange_rate) VALUES ('PLN', 'UAH', '2024-12-24', 11.092203);
INSERT INTO exchange_rates (from_currency, to_currency, rate_date, exchange_rate) VALUES ('PLN', 'UAH', '2024-12-25', 11.080813);
INSERT INTO exchange_rates (from_currency, to_currency, rate_date, exchange_rate) VALUES ('PLN', 'UAH', '2024-12-26', 10.976952);
INSERT INTO exchange_rates (from_currency, to_currency, rate_date, exchange_rate) VALUES ('PLN', 'UAH', '2024-12-27', 10.860346);
INSERT INTO exchange_rates (from_currency, to_currency, rate_date, exchange_rate) VALUES ('PLN', 'UAH', '2024-12-28', 10.819549);
INSERT INTO exchange_rates (from_currency, to_currency, rate_date, exchange_rate) VALUES ('PLN', 'UAH', '2024-12-29', 10.686214);
INSERT INTO exchange_rates (from_currency, to_currency, rate_date, exchange_rate) VALUES ('PLN', 'UAH', '2024-12-30', 10.495818);
INSERT INTO exchange_rates (from_currency, to_currency, rate_date, exchange_rate) VALUES ('PLN', 'UAH', '2024-12-31', 10.519438);

-- Heater Models
INSERT INTO heater_models (sku, model_name, manufacturer, capacity_kw) VALUES ('BOSCH-IH-5000', 'Bosch Industrial Heater 5000', 'Bosch', 50.0);
INSERT INTO heater_models (sku, model_name, manufacturer, capacity_kw) VALUES ('BOSCH-IH-7500', 'Bosch Industrial Heater 7500', 'Bosch', 75.0);
INSERT INTO heater_models (sku, model_name, manufacturer, capacity_kw) VALUES ('BOSCH-IH-10K', 'Bosch Industrial Heater 10000', 'Bosch', 100.0);
INSERT INTO heater_models (sku, model_name, manufacturer, capacity_kw) VALUES ('CARRIER-CH-3000', 'Carrier Commercial Heater 3000', 'Carrier', 30.0);
INSERT INTO heater_models (sku, model_name, manufacturer, capacity_kw) VALUES ('CARRIER-CH-4500', 'Carrier Commercial Heater 4500', 'Carrier', 45.0);
INSERT INTO heater_models (sku, model_name, manufacturer, capacity_kw) VALUES ('CARRIER-CH-6000', 'Carrier Commercial Heater 6000', 'Carrier', 60.0);
INSERT INTO heater_models (sku, model_name, manufacturer, capacity_kw) VALUES ('MITS-HE-2500', 'Mitsubishi Heavy Electric 2500', 'Mitsubishi', 25.0);
INSERT INTO heater_models (sku, model_name, manufacturer, capacity_kw) VALUES ('MITS-HE-5000', 'Mitsubishi Heavy Electric 5000', 'Mitsubishi', 50.0);
INSERT INTO heater_models (sku, model_name, manufacturer, capacity_kw) VALUES ('MITS-HE-8000', 'Mitsubishi Heavy Electric 8000', 'Mitsubishi', 80.0);
INSERT INTO heater_models (sku, model_name, manufacturer, capacity_kw) VALUES ('HW-EC-2000', 'HeatWave EconoMax 2000', 'HeatWave', 20.0);
INSERT INTO heater_models (sku, model_name, manufacturer, capacity_kw) VALUES ('HW-EC-3500', 'HeatWave EconoMax 3500', 'HeatWave', 35.0);
INSERT INTO heater_models (sku, model_name, manufacturer, capacity_kw) VALUES ('HW-EC-5000', 'HeatWave EconoMax 5000', 'HeatWave', 50.0);
INSERT INTO heater_models (sku, model_name, manufacturer, capacity_kw) VALUES ('PG-TH-3000', 'PolGrzew ThermoMax 3000', 'PolGrzew', 30.0);
INSERT INTO heater_models (sku, model_name, manufacturer, capacity_kw) VALUES ('PG-TH-4000', 'PolGrzew ThermoMax 4000', 'PolGrzew', 40.0);
INSERT INTO heater_models (sku, model_name, manufacturer, capacity_kw) VALUES ('BOSCH-IP-15K', 'Bosch Industrial Pro 15000', 'Bosch', 150.0);
INSERT INTO heater_models (sku, model_name, manufacturer, capacity_kw) VALUES ('CARRIER-HP-12K', 'Carrier HeavyPower 12000', 'Carrier', 120.0);
INSERT INTO heater_models (sku, model_name, manufacturer, capacity_kw) VALUES ('MITS-CM-1500', 'Mitsubishi Compact 1500', 'Mitsubishi', 15.0);
INSERT INTO heater_models (sku, model_name, manufacturer, capacity_kw) VALUES ('BOSCH-CM-1800', 'Bosch Compact 1800', 'Bosch', 18.0);
INSERT INTO heater_models (sku, model_name, manufacturer, capacity_kw) VALUES ('CARRIER-EE-3500', 'Carrier EcoEfficient 3500', 'Carrier', 35.0);
INSERT INTO heater_models (sku, model_name, manufacturer, capacity_kw) VALUES ('MITS-EE-4000', 'Mitsubishi EcoEfficient 4000', 'Mitsubishi', 40.0);
INSERT INTO heater_models (sku, model_name, manufacturer, capacity_kw) VALUES ('BOSCH-HD-20K', 'Bosch HeavyDuty 20000', 'Bosch', 200.0);
INSERT INTO heater_models (sku, model_name, manufacturer, capacity_kw) VALUES ('CARRIER-HD-18K', 'Carrier HeavyDuty 18000', 'Carrier', 180.0);
INSERT INTO heater_models (sku, model_name, manufacturer, capacity_kw) VALUES ('HW-BS-1500', 'HeatWave BasicStar 1500', 'HeatWave', 15.0);
INSERT INTO heater_models (sku, model_name, manufacturer, capacity_kw) VALUES ('HW-BS-2500', 'HeatWave BasicStar 2500', 'HeatWave', 25.0);
INSERT INTO heater_models (sku, model_name, manufacturer, capacity_kw) VALUES ('PG-ST-2000', 'PolGrzew Standard 2000', 'PolGrzew', 20.0);
INSERT INTO heater_models (sku, model_name, manufacturer, capacity_kw) VALUES ('BOSCH-SM-8000', 'Bosch SmartMax 8000', 'Bosch', 80.0);
INSERT INTO heater_models (sku, model_name, manufacturer, capacity_kw) VALUES ('MITS-SM-7000', 'Mitsubishi SmartMax 7000', 'Mitsubishi', 70.0);
INSERT INTO heater_models (sku, model_name, manufacturer, capacity_kw) VALUES ('CARRIER-SM-9000', 'Carrier SmartMax 9000', 'Carrier', 90.0);

-- List Prices (current)
INSERT INTO list_prices (sku, list_price_uah, effective_date, is_current) VALUES ('BOSCH-IH-5000', 27550.64, '2024-12-31', true);
INSERT INTO list_prices (sku, list_price_uah, effective_date, is_current) VALUES ('BOSCH-IH-7500', 39363.81, '2024-12-31', true);
INSERT INTO list_prices (sku, list_price_uah, effective_date, is_current) VALUES ('BOSCH-IH-10K', 50813.69, '2024-12-31', true);
INSERT INTO list_prices (sku, list_price_uah, effective_date, is_current) VALUES ('CARRIER-CH-3000', 18875.97, '2024-12-31', true);
INSERT INTO list_prices (sku, list_price_uah, effective_date, is_current) VALUES ('CARRIER-CH-4500', 27975.44, '2024-12-31', true);
INSERT INTO list_prices (sku, list_price_uah, effective_date, is_current) VALUES ('CARRIER-CH-6000', 32813.25, '2024-12-31', true);
INSERT INTO list_prices (sku, list_price_uah, effective_date, is_current) VALUES ('MITS-HE-2500', 17844.90, '2024-12-31', true);
INSERT INTO list_prices (sku, list_price_uah, effective_date, is_current) VALUES ('MITS-HE-5000', 29674.13, '2024-12-31', true);
INSERT INTO list_prices (sku, list_price_uah, effective_date, is_current) VALUES ('MITS-HE-8000', 46942.63, '2024-12-31', true);
INSERT INTO list_prices (sku, list_price_uah, effective_date, is_current) VALUES ('HW-EC-2000', 10164.20, '2024-12-31', true);
INSERT INTO list_prices (sku, list_price_uah, effective_date, is_current) VALUES ('HW-EC-3500', 15002.21, '2024-12-31', true);
INSERT INTO list_prices (sku, list_price_uah, effective_date, is_current) VALUES ('HW-EC-5000', 20017.27, '2024-12-31', true);
INSERT INTO list_prices (sku, list_price_uah, effective_date, is_current) VALUES ('PG-TH-3000', 19934.63, '2024-12-31', true);
INSERT INTO list_prices (sku, list_price_uah, effective_date, is_current) VALUES ('PG-TH-4000', 24492.76, '2024-12-31', true);
INSERT INTO list_prices (sku, list_price_uah, effective_date, is_current) VALUES ('BOSCH-IP-15K', 72683.20, '2024-12-31', true);
INSERT INTO list_prices (sku, list_price_uah, effective_date, is_current) VALUES ('CARRIER-HP-12K', 58020.07, '2024-12-31', true);
INSERT INTO list_prices (sku, list_price_uah, effective_date, is_current) VALUES ('MITS-CM-1500', 12536.39, '2024-12-31', true);
INSERT INTO list_prices (sku, list_price_uah, effective_date, is_current) VALUES ('BOSCH-CM-1800', 13425.97, '2024-12-31', true);
INSERT INTO list_prices (sku, list_price_uah, effective_date, is_current) VALUES ('CARRIER-EE-3500', 26231.30, '2024-12-31', true);
INSERT INTO list_prices (sku, list_price_uah, effective_date, is_current) VALUES ('MITS-EE-4000', 30132.68, '2024-12-31', true);
INSERT INTO list_prices (sku, list_price_uah, effective_date, is_current) VALUES ('BOSCH-HD-20K', 90089.58, '2024-12-31', true);
INSERT INTO list_prices (sku, list_price_uah, effective_date, is_current) VALUES ('CARRIER-HD-18K', 81072.80, '2024-12-31', true);
INSERT INTO list_prices (sku, list_price_uah, effective_date, is_current) VALUES ('HW-BS-1500', 7735.82, '2024-12-31', true);
INSERT INTO list_prices (sku, list_price_uah, effective_date, is_current) VALUES ('HW-BS-2500', 10405.56, '2024-12-31', true);
INSERT INTO list_prices (sku, list_price_uah, effective_date, is_current) VALUES ('PG-ST-2000', 13399.23, '2024-12-31', true);
INSERT INTO list_prices (sku, list_price_uah, effective_date, is_current) VALUES ('BOSCH-SM-8000', 49155.81, '2024-12-31', true);
INSERT INTO list_prices (sku, list_price_uah, effective_date, is_current) VALUES ('MITS-SM-7000', 40810.62, '2024-12-31', true);
INSERT INTO list_prices (sku, list_price_uah, effective_date, is_current) VALUES ('CARRIER-SM-9000', 53890.16, '2024-12-31', true);

-- Vendors
INSERT INTO vendors (vendor_id, vendor_name, country_code, currency_code, contact_info) VALUES (1, 'ThermoTech USA Inc.', 'US', 'USD', 'contact@thermotech-usa.com');
INSERT INTO vendors (vendor_id, vendor_name, country_code, currency_code, contact_info) VALUES (2, 'HeizKraft GmbH', 'DE', 'EUR', 'info@heizkraft.de');
INSERT INTO vendors (vendor_id, vendor_name, country_code, currency_code, contact_info) VALUES (3, 'Warmth Industries Ltd.', 'CN', 'CNY', 'sales@warmth.cn');
INSERT INTO vendors (vendor_id, vendor_name, country_code, currency_code, contact_info) VALUES (4, 'Polski Grzewczy Sp. z o.o.', 'PL', 'PLN', 'biuro@polskigrzewczy.pl');

-- Customers
INSERT INTO customers (customer_id, company_name, contact_person, email, phone) VALUES (1, 'Kyiv Manufacturing Corp.', 'Oleksandr Petrenko', 'o.petrenko@kyivmfg.ua', '+380441234567');
INSERT INTO customers (customer_id, company_name, contact_person, email, phone) VALUES (2, 'Lviv Industrial Solutions', 'Natalia Kovalenko', 'n.kovalenko@lvivind.ua', '+380322345678');
INSERT INTO customers (customer_id, company_name, contact_person, email, phone) VALUES (3, 'Odesa Logistics Hub', 'Viktor Shevchenko', 'v.shevchenko@odesalog.ua', '+380482456789');
INSERT INTO customers (customer_id, company_name, contact_person, email, phone) VALUES (4, 'Kharkiv Engineering Ltd.', 'Iryna Bondarenko', 'i.bondarenko@kharkiveng.ua', '+380573567890');
INSERT INTO customers (customer_id, company_name, contact_person, email, phone) VALUES (5, 'Dnipro Heavy Industries', 'Andriy Kravchenko', 'a.kravchenko@dnipro-heavy.ua', '+380562678901');
INSERT INTO customers (customer_id, company_name, contact_person, email, phone) VALUES (6, 'Zaporizhzhia Steel Works', 'Oksana Moroz', 'o.moroz@zapsteel.ua', '+380612789012');
INSERT INTO customers (customer_id, company_name, contact_person, email, phone) VALUES (7, 'Poltava Agricultural Systems', 'Dmytro Tkachenko', 'd.tkachenko@poltavaagri.ua', '+380532890123');
INSERT INTO customers (customer_id, company_name, contact_person, email, phone) VALUES (8, 'Chernihiv Processing Plant', 'Yulia Lysenko', 'y.lysenko@chernihivproc.ua', '+380462901234');
INSERT INTO customers (customer_id, company_name, contact_person, email, phone) VALUES (9, 'Vinnytsia Food Industries', 'Sergiy Koval', 's.koval@vinnytsiafood.ua', '+380432012345');
INSERT INTO customers (customer_id, company_name, contact_person, email, phone) VALUES (10, 'Zhytomyr Construction Group', 'Tetiana Savchenko', 't.savchenko@zhytomyrconstr.ua', '+380412123456');
INSERT INTO customers (customer_id, company_name, contact_person, email, phone) VALUES (11, 'Rivne Energy Systems', 'Maksym Polishchuk', 'm.polishchuk@rivneenergy.ua', '+380362234567');
INSERT INTO customers (customer_id, company_name, contact_person, email, phone) VALUES (12, 'Ternopil Manufacturing Hub', 'Olena Melnyk', 'o.melnyk@ternopilmfg.ua', '+380352345678');
INSERT INTO customers (customer_id, company_name, contact_person, email, phone) VALUES (13, 'Ivano-Frankivsk Industries', 'Roman Boyko', 'r.boyko@ifind.ua', '+380342456789');
INSERT INTO customers (customer_id, company_name, contact_person, email, phone) VALUES (14, 'Lutsk Production Facility', 'Marina Koval', 'm.koval@lutskprod.ua', '+380332567890');
INSERT INTO customers (customer_id, company_name, contact_person, email, phone) VALUES (15, 'Uzhhorod Border Logistics', 'Vasyl Horvat', 'v.horvat@uzhlog.ua', '+380312678901');

-- Purchase Orders and Lots
-- PO #1 on 2024-01-06
INSERT INTO purchase_orders (po_id, vendor_id, po_date, total_amount) VALUES (1, 3, '2024-01-06', 933433.30);
INSERT INTO purchase_lots (lot_id, po_id, sku, lot_number, quantity_purchased, quantity_remaining, unit_price_original, purchase_date) VALUES (1, 1, 'CARRIER-HP-12K', 'LOT-20240106-0001', 20, 20, 11098.48, '2024-01-06');
INSERT INTO purchase_lots (lot_id, po_id, sku, lot_number, quantity_purchased, quantity_remaining, unit_price_original, purchase_date) VALUES (2, 1, 'CARRIER-HD-18K', 'LOT-20240106-0002', 30, 30, 14645.36, '2024-01-06');
INSERT INTO purchase_lots (lot_id, po_id, sku, lot_number, quantity_purchased, quantity_remaining, unit_price_original, purchase_date) VALUES (3, 1, 'BOSCH-IH-7500', 'LOT-20240106-0003', 25, 25, 7341.58, '2024-01-06');
INSERT INTO purchase_lots (lot_id, po_id, sku, lot_number, quantity_purchased, quantity_remaining, unit_price_original, purchase_date) VALUES (4, 1, 'BOSCH-IH-10K', 'LOT-20240106-0004', 10, 10, 8856.34, '2024-01-06');

-- PO #2 on 2024-01-15
INSERT INTO purchase_orders (po_id, vendor_id, po_date, total_amount) VALUES (2, 4, '2024-01-15', 294539.95);
INSERT INTO purchase_lots (lot_id, po_id, sku, lot_number, quantity_purchased, quantity_remaining, unit_price_original, purchase_date) VALUES (5, 2, 'HW-BS-2500', 'LOT-20240115-0005', 50, 50, 1079.92, '2024-01-15');
INSERT INTO purchase_lots (lot_id, po_id, sku, lot_number, quantity_purchased, quantity_remaining, unit_price_original, purchase_date) VALUES (6, 2, 'BOSCH-HD-20K', 'LOT-20240115-0006', 15, 15, 8852.77, '2024-01-15');
INSERT INTO purchase_lots (lot_id, po_id, sku, lot_number, quantity_purchased, quantity_remaining, unit_price_original, purchase_date) VALUES (7, 2, 'MITS-HE-5000', 'LOT-20240115-0007', 15, 15, 2957.60, '2024-01-15');
INSERT INTO purchase_lots (lot_id, po_id, sku, lot_number, quantity_purchased, quantity_remaining, unit_price_original, purchase_date) VALUES (8, 2, 'MITS-EE-4000', 'LOT-20240115-0008', 20, 20, 3169.42, '2024-01-15');

-- PO #3 on 2024-02-20
INSERT INTO purchase_orders (po_id, vendor_id, po_date, total_amount) VALUES (3, 4, '2024-02-20', 181385.20);
INSERT INTO purchase_lots (lot_id, po_id, sku, lot_number, quantity_purchased, quantity_remaining, unit_price_original, purchase_date) VALUES (9, 3, 'HW-EC-5000', 'LOT-20240220-0009', 50, 50, 2012.10, '2024-02-20');
INSERT INTO purchase_lots (lot_id, po_id, sku, lot_number, quantity_purchased, quantity_remaining, unit_price_original, purchase_date) VALUES (10, 3, 'CARRIER-CH-3000', 'LOT-20240220-0010', 10, 10, 1895.90, '2024-02-20');
INSERT INTO purchase_lots (lot_id, po_id, sku, lot_number, quantity_purchased, quantity_remaining, unit_price_original, purchase_date) VALUES (11, 3, 'HW-EC-3500', 'LOT-20240220-0011', 40, 40, 1545.53, '2024-02-20');

-- PO #4 on 2024-02-26
INSERT INTO purchase_orders (po_id, vendor_id, po_date, total_amount) VALUES (4, 4, '2024-02-26', 56162.20);
INSERT INTO purchase_lots (lot_id, po_id, sku, lot_number, quantity_purchased, quantity_remaining, unit_price_original, purchase_date) VALUES (12, 4, 'CARRIER-EE-3500', 'LOT-20240226-0012', 20, 20, 2808.11, '2024-02-26');

-- PO #5 on 2024-02-28
INSERT INTO purchase_orders (po_id, vendor_id, po_date, total_amount) VALUES (5, 2, '2024-02-28', 26506.95);
INSERT INTO purchase_lots (lot_id, po_id, sku, lot_number, quantity_purchased, quantity_remaining, unit_price_original, purchase_date) VALUES (13, 5, 'MITS-HE-2500', 'LOT-20240228-0013', 15, 15, 358.57, '2024-02-28');
INSERT INTO purchase_lots (lot_id, po_id, sku, lot_number, quantity_purchased, quantity_remaining, unit_price_original, purchase_date) VALUES (14, 5, 'PG-TH-3000', 'LOT-20240228-0014', 30, 30, 443.48, '2024-02-28');
INSERT INTO purchase_lots (lot_id, po_id, sku, lot_number, quantity_purchased, quantity_remaining, unit_price_original, purchase_date) VALUES (15, 5, 'PG-TH-4000', 'LOT-20240228-0015', 15, 15, 521.60, '2024-02-28');

-- PO #6 on 2024-03-08
INSERT INTO purchase_orders (po_id, vendor_id, po_date, total_amount) VALUES (6, 2, '2024-03-08', 3817.40);
INSERT INTO purchase_lots (lot_id, po_id, sku, lot_number, quantity_purchased, quantity_remaining, unit_price_original, purchase_date) VALUES (16, 6, 'HW-BS-1500', 'LOT-20240308-0016', 20, 20, 190.87, '2024-03-08');

-- PO #7 on 2024-03-17
INSERT INTO purchase_orders (po_id, vendor_id, po_date, total_amount) VALUES (7, 4, '2024-03-17', 40168.10);
INSERT INTO purchase_lots (lot_id, po_id, sku, lot_number, quantity_purchased, quantity_remaining, unit_price_original, purchase_date) VALUES (17, 7, 'BOSCH-IH-7500', 'LOT-20240317-0017', 10, 10, 4016.81, '2024-03-17');

-- PO #8 on 2024-03-20
INSERT INTO purchase_orders (po_id, vendor_id, po_date, total_amount) VALUES (8, 2, '2024-03-20', 55480.20);
INSERT INTO purchase_lots (lot_id, po_id, sku, lot_number, quantity_purchased, quantity_remaining, unit_price_original, purchase_date) VALUES (18, 8, 'PG-TH-3000', 'LOT-20240320-0018', 50, 50, 403.42, '2024-03-20');
INSERT INTO purchase_lots (lot_id, po_id, sku, lot_number, quantity_purchased, quantity_remaining, unit_price_original, purchase_date) VALUES (19, 8, 'BOSCH-IH-5000', 'LOT-20240320-0019', 40, 40, 585.74, '2024-03-20');
INSERT INTO purchase_lots (lot_id, po_id, sku, lot_number, quantity_purchased, quantity_remaining, unit_price_original, purchase_date) VALUES (20, 8, 'CARRIER-EE-3500', 'LOT-20240320-0020', 20, 20, 593.98, '2024-03-20');

-- PO #9 on 2024-03-21
INSERT INTO purchase_orders (po_id, vendor_id, po_date, total_amount) VALUES (9, 2, '2024-03-21', 122840.80);
INSERT INTO purchase_lots (lot_id, po_id, sku, lot_number, quantity_purchased, quantity_remaining, unit_price_original, purchase_date) VALUES (21, 9, 'CARRIER-SM-9000', 'LOT-20240321-0021', 30, 30, 1091.37, '2024-03-21');
INSERT INTO purchase_lots (lot_id, po_id, sku, lot_number, quantity_purchased, quantity_remaining, unit_price_original, purchase_date) VALUES (22, 9, 'CARRIER-HP-12K', 'LOT-20240321-0022', 40, 40, 1319.87, '2024-03-21');
INSERT INTO purchase_lots (lot_id, po_id, sku, lot_number, quantity_purchased, quantity_remaining, unit_price_original, purchase_date) VALUES (23, 9, 'BOSCH-IH-7500', 'LOT-20240321-0023', 40, 40, 786.39, '2024-03-21');
INSERT INTO purchase_lots (lot_id, po_id, sku, lot_number, quantity_purchased, quantity_remaining, unit_price_original, purchase_date) VALUES (24, 9, 'BOSCH-IH-5000', 'LOT-20240321-0024', 10, 10, 584.93, '2024-03-21');

-- PO #10 on 2024-03-24
INSERT INTO purchase_orders (po_id, vendor_id, po_date, total_amount) VALUES (10, 4, '2024-03-24', 72844.30);
INSERT INTO purchase_lots (lot_id, po_id, sku, lot_number, quantity_purchased, quantity_remaining, unit_price_original, purchase_date) VALUES (25, 10, 'MITS-EE-4000', 'LOT-20240324-0025', 10, 10, 2853.53, '2024-03-24');
INSERT INTO purchase_lots (lot_id, po_id, sku, lot_number, quantity_purchased, quantity_remaining, unit_price_original, purchase_date) VALUES (26, 10, 'HW-EC-5000', 'LOT-20240324-0026', 20, 20, 2215.45, '2024-03-24');

-- PO #11 on 2024-03-28
INSERT INTO purchase_orders (po_id, vendor_id, po_date, total_amount) VALUES (11, 3, '2024-03-28', 263356.30);
INSERT INTO purchase_lots (lot_id, po_id, sku, lot_number, quantity_purchased, quantity_remaining, unit_price_original, purchase_date) VALUES (27, 11, 'HW-BS-1500', 'LOT-20240328-0027', 20, 20, 1533.95, '2024-03-28');
INSERT INTO purchase_lots (lot_id, po_id, sku, lot_number, quantity_purchased, quantity_remaining, unit_price_original, purchase_date) VALUES (28, 11, 'MITS-EE-4000', 'LOT-20240328-0028', 30, 30, 5687.77, '2024-03-28');
INSERT INTO purchase_lots (lot_id, po_id, sku, lot_number, quantity_purchased, quantity_remaining, unit_price_original, purchase_date) VALUES (29, 11, 'CARRIER-CH-3000', 'LOT-20240328-0029', 10, 10, 3623.90, '2024-03-28');
INSERT INTO purchase_lots (lot_id, po_id, sku, lot_number, quantity_purchased, quantity_remaining, unit_price_original, purchase_date) VALUES (30, 11, 'BOSCH-CM-1800', 'LOT-20240328-0030', 10, 10, 2580.52, '2024-03-28');

-- PO #12 on 2024-03-29
INSERT INTO purchase_orders (po_id, vendor_id, po_date, total_amount) VALUES (12, 1, '2024-03-29', 193263.70);
INSERT INTO purchase_lots (lot_id, po_id, sku, lot_number, quantity_purchased, quantity_remaining, unit_price_original, purchase_date) VALUES (31, 12, 'MITS-SM-7000', 'LOT-20240329-0031', 40, 40, 1085.48, '2024-03-29');
INSERT INTO purchase_lots (lot_id, po_id, sku, lot_number, quantity_purchased, quantity_remaining, unit_price_original, purchase_date) VALUES (32, 12, 'BOSCH-SM-8000', 'LOT-20240329-0032', 40, 40, 1272.78, '2024-03-29');
INSERT INTO purchase_lots (lot_id, po_id, sku, lot_number, quantity_purchased, quantity_remaining, unit_price_original, purchase_date) VALUES (33, 12, 'BOSCH-CM-1800', 'LOT-20240329-0033', 5, 5, 336.74, '2024-03-29');
INSERT INTO purchase_lots (lot_id, po_id, sku, lot_number, quantity_purchased, quantity_remaining, unit_price_original, purchase_date) VALUES (34, 12, 'BOSCH-HD-20K', 'LOT-20240329-0034', 40, 40, 2431.24, '2024-03-29');

-- PO #13 on 2024-04-14
INSERT INTO purchase_orders (po_id, vendor_id, po_date, total_amount) VALUES (13, 1, '2024-04-14', 51965.60);
INSERT INTO purchase_lots (lot_id, po_id, sku, lot_number, quantity_purchased, quantity_remaining, unit_price_original, purchase_date) VALUES (35, 13, 'BOSCH-IH-10K', 'LOT-20240414-0035', 20, 20, 1250.51, '2024-04-14');
INSERT INTO purchase_lots (lot_id, po_id, sku, lot_number, quantity_purchased, quantity_remaining, unit_price_original, purchase_date) VALUES (36, 13, 'MITS-EE-4000', 'LOT-20240414-0036', 5, 5, 724.82, '2024-04-14');
INSERT INTO purchase_lots (lot_id, po_id, sku, lot_number, quantity_purchased, quantity_remaining, unit_price_original, purchase_date) VALUES (37, 13, 'CARRIER-CH-3000', 'LOT-20240414-0037', 30, 30, 469.44, '2024-04-14');
INSERT INTO purchase_lots (lot_id, po_id, sku, lot_number, quantity_purchased, quantity_remaining, unit_price_original, purchase_date) VALUES (38, 13, 'PG-ST-2000', 'LOT-20240414-0038', 30, 30, 308.27, '2024-04-14');

-- PO #14 on 2024-04-16
INSERT INTO purchase_orders (po_id, vendor_id, po_date, total_amount) VALUES (14, 3, '2024-04-16', 68597.60);
INSERT INTO purchase_lots (lot_id, po_id, sku, lot_number, quantity_purchased, quantity_remaining, unit_price_original, purchase_date) VALUES (39, 14, 'PG-TH-3000', 'LOT-20240416-0039', 20, 20, 3429.88, '2024-04-16');

-- PO #15 on 2024-04-21
INSERT INTO purchase_orders (po_id, vendor_id, po_date, total_amount) VALUES (15, 2, '2024-04-21', 21165.25);
INSERT INTO purchase_lots (lot_id, po_id, sku, lot_number, quantity_purchased, quantity_remaining, unit_price_original, purchase_date) VALUES (40, 15, 'HW-EC-5000', 'LOT-20240421-0040', 25, 25, 519.84, '2024-04-21');
INSERT INTO purchase_lots (lot_id, po_id, sku, lot_number, quantity_purchased, quantity_remaining, unit_price_original, purchase_date) VALUES (41, 15, 'BOSCH-IP-15K', 'LOT-20240421-0041', 5, 5, 1633.85, '2024-04-21');

-- PO #16 on 2024-04-22
INSERT INTO purchase_orders (po_id, vendor_id, po_date, total_amount) VALUES (16, 2, '2024-04-22', 6855.30);
INSERT INTO purchase_lots (lot_id, po_id, sku, lot_number, quantity_purchased, quantity_remaining, unit_price_original, purchase_date) VALUES (42, 16, 'CARRIER-CH-3000', 'LOT-20240422-0042', 15, 15, 457.02, '2024-04-22');

-- PO #17 on 2024-04-28
INSERT INTO purchase_orders (po_id, vendor_id, po_date, total_amount) VALUES (17, 1, '2024-04-28', 41404.70);
INSERT INTO purchase_lots (lot_id, po_id, sku, lot_number, quantity_purchased, quantity_remaining, unit_price_original, purchase_date) VALUES (43, 17, 'MITS-EE-4000', 'LOT-20240428-0043', 15, 15, 723.35, '2024-04-28');
INSERT INTO purchase_lots (lot_id, po_id, sku, lot_number, quantity_purchased, quantity_remaining, unit_price_original, purchase_date) VALUES (44, 17, 'HW-BS-2500', 'LOT-20240428-0044', 40, 40, 332.48, '2024-04-28');
INSERT INTO purchase_lots (lot_id, po_id, sku, lot_number, quantity_purchased, quantity_remaining, unit_price_original, purchase_date) VALUES (45, 17, 'CARRIER-EE-3500', 'LOT-20240428-0045', 25, 25, 690.21, '2024-04-28');

-- PO #18 on 2024-04-30
INSERT INTO purchase_orders (po_id, vendor_id, po_date, total_amount) VALUES (18, 1, '2024-04-30', 34441.90);
INSERT INTO purchase_lots (lot_id, po_id, sku, lot_number, quantity_purchased, quantity_remaining, unit_price_original, purchase_date) VALUES (46, 18, 'CARRIER-CH-4500', 'LOT-20240430-0046', 25, 25, 665.18, '2024-04-30');
INSERT INTO purchase_lots (lot_id, po_id, sku, lot_number, quantity_purchased, quantity_remaining, unit_price_original, purchase_date) VALUES (47, 18, 'MITS-HE-2500', 'LOT-20240430-0047', 10, 10, 376.24, '2024-04-30');
INSERT INTO purchase_lots (lot_id, po_id, sku, lot_number, quantity_purchased, quantity_remaining, unit_price_original, purchase_date) VALUES (48, 18, 'PG-ST-2000', 'LOT-20240430-0048', 50, 50, 281.00, '2024-04-30');

-- PO #19 on 2024-05-07
INSERT INTO purchase_orders (po_id, vendor_id, po_date, total_amount) VALUES (19, 1, '2024-05-07', 11314.20);
INSERT INTO purchase_lots (lot_id, po_id, sku, lot_number, quantity_purchased, quantity_remaining, unit_price_original, purchase_date) VALUES (49, 19, 'PG-ST-2000', 'LOT-20240507-0049', 20, 20, 291.86, '2024-05-07');
INSERT INTO purchase_lots (lot_id, po_id, sku, lot_number, quantity_purchased, quantity_remaining, unit_price_original, purchase_date) VALUES (50, 19, 'HW-EC-5000', 'LOT-20240507-0050', 10, 10, 547.70, '2024-05-07');

-- PO #20 on 2024-05-10
INSERT INTO purchase_orders (po_id, vendor_id, po_date, total_amount) VALUES (20, 1, '2024-05-10', 48725.40);
INSERT INTO purchase_lots (lot_id, po_id, sku, lot_number, quantity_purchased, quantity_remaining, unit_price_original, purchase_date) VALUES (51, 20, 'BOSCH-IH-7500', 'LOT-20240510-0051', 25, 25, 950.44, '2024-05-10');
INSERT INTO purchase_lots (lot_id, po_id, sku, lot_number, quantity_purchased, quantity_remaining, unit_price_original, purchase_date) VALUES (52, 20, 'BOSCH-IH-5000', 'LOT-20240510-0052', 20, 20, 662.95, '2024-05-10');
INSERT INTO purchase_lots (lot_id, po_id, sku, lot_number, quantity_purchased, quantity_remaining, unit_price_original, purchase_date) VALUES (53, 20, 'HW-BS-2500', 'LOT-20240510-0053', 15, 15, 280.10, '2024-05-10');
INSERT INTO purchase_lots (lot_id, po_id, sku, lot_number, quantity_purchased, quantity_remaining, unit_price_original, purchase_date) VALUES (54, 20, 'CARRIER-CH-3000', 'LOT-20240510-0054', 15, 15, 500.26, '2024-05-10');

-- PO #21 on 2024-05-18
INSERT INTO purchase_orders (po_id, vendor_id, po_date, total_amount) VALUES (21, 4, '2024-05-18', 193467.00);
INSERT INTO purchase_lots (lot_id, po_id, sku, lot_number, quantity_purchased, quantity_remaining, unit_price_original, purchase_date) VALUES (55, 21, 'BOSCH-IH-7500', 'LOT-20240518-0055', 10, 10, 4198.32, '2024-05-18');
INSERT INTO purchase_lots (lot_id, po_id, sku, lot_number, quantity_purchased, quantity_remaining, unit_price_original, purchase_date) VALUES (56, 21, 'BOSCH-SM-8000', 'LOT-20240518-0056', 30, 30, 5049.46, '2024-05-18');

-- PO #22 on 2024-05-21
INSERT INTO purchase_orders (po_id, vendor_id, po_date, total_amount) VALUES (22, 2, '2024-05-21', 108914.30);
INSERT INTO purchase_lots (lot_id, po_id, sku, lot_number, quantity_purchased, quantity_remaining, unit_price_original, purchase_date) VALUES (57, 22, 'CARRIER-HD-18K', 'LOT-20240521-0057', 40, 40, 1822.46, '2024-05-21');
INSERT INTO purchase_lots (lot_id, po_id, sku, lot_number, quantity_purchased, quantity_remaining, unit_price_original, purchase_date) VALUES (58, 22, 'BOSCH-CM-1800', 'LOT-20240521-0058', 30, 30, 282.78, '2024-05-21');
INSERT INTO purchase_lots (lot_id, po_id, sku, lot_number, quantity_purchased, quantity_remaining, unit_price_original, purchase_date) VALUES (59, 22, 'HW-EC-5000', 'LOT-20240521-0059', 50, 50, 550.65, '2024-05-21');

-- PO #23 on 2024-05-29
INSERT INTO purchase_orders (po_id, vendor_id, po_date, total_amount) VALUES (23, 1, '2024-05-29', 48710.55);
INSERT INTO purchase_lots (lot_id, po_id, sku, lot_number, quantity_purchased, quantity_remaining, unit_price_original, purchase_date) VALUES (60, 23, 'CARRIER-EE-3500', 'LOT-20240529-0060', 15, 15, 690.05, '2024-05-29');
INSERT INTO purchase_lots (lot_id, po_id, sku, lot_number, quantity_purchased, quantity_remaining, unit_price_original, purchase_date) VALUES (61, 23, 'BOSCH-IP-15K', 'LOT-20240529-0061', 20, 20, 1917.99, '2024-05-29');

-- PO #24 on 2024-05-30
INSERT INTO purchase_orders (po_id, vendor_id, po_date, total_amount) VALUES (24, 1, '2024-05-30', 32433.95);
INSERT INTO purchase_lots (lot_id, po_id, sku, lot_number, quantity_purchased, quantity_remaining, unit_price_original, purchase_date) VALUES (62, 24, 'BOSCH-IH-5000', 'LOT-20240530-0062', 25, 25, 706.03, '2024-05-30');
INSERT INTO purchase_lots (lot_id, po_id, sku, lot_number, quantity_purchased, quantity_remaining, unit_price_original, purchase_date) VALUES (63, 24, 'HW-EC-2000', 'LOT-20240530-0063', 30, 30, 242.86, '2024-05-30');
INSERT INTO purchase_lots (lot_id, po_id, sku, lot_number, quantity_purchased, quantity_remaining, unit_price_original, purchase_date) VALUES (64, 24, 'MITS-EE-4000', 'LOT-20240530-0064', 10, 10, 749.74, '2024-05-30');

-- PO #25 on 2024-06-10
INSERT INTO purchase_orders (po_id, vendor_id, po_date, total_amount) VALUES (25, 1, '2024-06-10', 84803.05);
INSERT INTO purchase_lots (lot_id, po_id, sku, lot_number, quantity_purchased, quantity_remaining, unit_price_original, purchase_date) VALUES (65, 25, 'BOSCH-SM-8000', 'LOT-20240610-0065', 15, 15, 1172.77, '2024-06-10');
INSERT INTO purchase_lots (lot_id, po_id, sku, lot_number, quantity_purchased, quantity_remaining, unit_price_original, purchase_date) VALUES (66, 25, 'CARRIER-SM-9000', 'LOT-20240610-0066', 50, 50, 1344.23, '2024-06-10');

-- PO #26 on 2024-06-20
INSERT INTO purchase_orders (po_id, vendor_id, po_date, total_amount) VALUES (26, 1, '2024-06-20', 13141.60);
INSERT INTO purchase_lots (lot_id, po_id, sku, lot_number, quantity_purchased, quantity_remaining, unit_price_original, purchase_date) VALUES (67, 26, 'BOSCH-IH-5000', 'LOT-20240620-0067', 20, 20, 657.08, '2024-06-20');

-- PO #27 on 2024-06-22
INSERT INTO purchase_orders (po_id, vendor_id, po_date, total_amount) VALUES (27, 4, '2024-06-22', 138421.80);
INSERT INTO purchase_lots (lot_id, po_id, sku, lot_number, quantity_purchased, quantity_remaining, unit_price_original, purchase_date) VALUES (68, 27, 'BOSCH-IP-15K', 'LOT-20240622-0068', 20, 20, 6921.09, '2024-06-22');

-- PO #28 on 2024-06-22
INSERT INTO purchase_orders (po_id, vendor_id, po_date, total_amount) VALUES (28, 2, '2024-06-22', 17024.70);
INSERT INTO purchase_lots (lot_id, po_id, sku, lot_number, quantity_purchased, quantity_remaining, unit_price_original, purchase_date) VALUES (69, 28, 'BOSCH-IH-5000', 'LOT-20240622-0069', 20, 20, 654.63, '2024-06-22');
INSERT INTO purchase_lots (lot_id, po_id, sku, lot_number, quantity_purchased, quantity_remaining, unit_price_original, purchase_date) VALUES (70, 28, 'PG-TH-3000', 'LOT-20240622-0070', 10, 10, 393.21, '2024-06-22');

-- PO #29 on 2024-06-27
INSERT INTO purchase_orders (po_id, vendor_id, po_date, total_amount) VALUES (29, 1, '2024-06-27', 29014.10);
INSERT INTO purchase_lots (lot_id, po_id, sku, lot_number, quantity_purchased, quantity_remaining, unit_price_original, purchase_date) VALUES (71, 29, 'PG-TH-4000', 'LOT-20240627-0071', 5, 5, 640.94, '2024-06-27');
INSERT INTO purchase_lots (lot_id, po_id, sku, lot_number, quantity_purchased, quantity_remaining, unit_price_original, purchase_date) VALUES (72, 29, 'HW-BS-2500', 'LOT-20240627-0072', 20, 20, 299.47, '2024-06-27');
INSERT INTO purchase_lots (lot_id, po_id, sku, lot_number, quantity_purchased, quantity_remaining, unit_price_original, purchase_date) VALUES (73, 29, 'MITS-EE-4000', 'LOT-20240627-0073', 25, 25, 792.80, '2024-06-27');

-- PO #30 on 2024-07-06
INSERT INTO purchase_orders (po_id, vendor_id, po_date, total_amount) VALUES (30, 1, '2024-07-06', 80312.10);
INSERT INTO purchase_lots (lot_id, po_id, sku, lot_number, quantity_purchased, quantity_remaining, unit_price_original, purchase_date) VALUES (74, 30, 'PG-ST-2000', 'LOT-20240706-0074', 20, 20, 296.51, '2024-07-06');
INSERT INTO purchase_lots (lot_id, po_id, sku, lot_number, quantity_purchased, quantity_remaining, unit_price_original, purchase_date) VALUES (75, 30, 'HW-EC-5000', 'LOT-20240706-0075', 30, 30, 548.21, '2024-07-06');
INSERT INTO purchase_lots (lot_id, po_id, sku, lot_number, quantity_purchased, quantity_remaining, unit_price_original, purchase_date) VALUES (76, 30, 'MITS-HE-8000', 'LOT-20240706-0076', 25, 25, 1185.08, '2024-07-06');
INSERT INTO purchase_lots (lot_id, po_id, sku, lot_number, quantity_purchased, quantity_remaining, unit_price_original, purchase_date) VALUES (77, 30, 'BOSCH-IH-7500', 'LOT-20240706-0077', 30, 30, 943.62, '2024-07-06');

-- PO #31 on 2024-07-11
INSERT INTO purchase_orders (po_id, vendor_id, po_date, total_amount) VALUES (31, 3, '2024-07-11', 251344.00);
INSERT INTO purchase_lots (lot_id, po_id, sku, lot_number, quantity_purchased, quantity_remaining, unit_price_original, purchase_date) VALUES (78, 31, 'CARRIER-CH-6000', 'LOT-20240711-0078', 40, 40, 6283.60, '2024-07-11');

-- PO #32 on 2024-07-15
INSERT INTO purchase_orders (po_id, vendor_id, po_date, total_amount) VALUES (32, 2, '2024-07-15', 12720.50);
INSERT INTO purchase_lots (lot_id, po_id, sku, lot_number, quantity_purchased, quantity_remaining, unit_price_original, purchase_date) VALUES (79, 32, 'PG-ST-2000', 'LOT-20240715-0079', 50, 50, 254.41, '2024-07-15');

-- PO #33 on 2024-07-20
INSERT INTO purchase_orders (po_id, vendor_id, po_date, total_amount) VALUES (33, 2, '2024-07-20', 35689.30);
INSERT INTO purchase_lots (lot_id, po_id, sku, lot_number, quantity_purchased, quantity_remaining, unit_price_original, purchase_date) VALUES (80, 33, 'BOSCH-IH-10K', 'LOT-20240720-0080', 5, 5, 1129.08, '2024-07-20');
INSERT INTO purchase_lots (lot_id, po_id, sku, lot_number, quantity_purchased, quantity_remaining, unit_price_original, purchase_date) VALUES (81, 33, 'MITS-HE-2500', 'LOT-20240720-0081', 20, 20, 352.05, '2024-07-20');
INSERT INTO purchase_lots (lot_id, po_id, sku, lot_number, quantity_purchased, quantity_remaining, unit_price_original, purchase_date) VALUES (82, 33, 'PG-TH-3000', 'LOT-20240720-0082', 30, 30, 412.91, '2024-07-20');
INSERT INTO purchase_lots (lot_id, po_id, sku, lot_number, quantity_purchased, quantity_remaining, unit_price_original, purchase_date) VALUES (83, 33, 'PG-TH-4000', 'LOT-20240720-0083', 20, 20, 530.78, '2024-07-20');

-- PO #34 on 2024-07-25
INSERT INTO purchase_orders (po_id, vendor_id, po_date, total_amount) VALUES (34, 3, '2024-07-25', 578048.90);
INSERT INTO purchase_lots (lot_id, po_id, sku, lot_number, quantity_purchased, quantity_remaining, unit_price_original, purchase_date) VALUES (84, 34, 'CARRIER-SM-9000', 'LOT-20240725-0084', 30, 30, 9868.97, '2024-07-25');
INSERT INTO purchase_lots (lot_id, po_id, sku, lot_number, quantity_purchased, quantity_remaining, unit_price_original, purchase_date) VALUES (85, 34, 'HW-BS-2500', 'LOT-20240725-0085', 30, 30, 2437.98, '2024-07-25');
INSERT INTO purchase_lots (lot_id, po_id, sku, lot_number, quantity_purchased, quantity_remaining, unit_price_original, purchase_date) VALUES (86, 34, 'MITS-HE-2500', 'LOT-20240725-0086', 20, 20, 2729.17, '2024-07-25');
INSERT INTO purchase_lots (lot_id, po_id, sku, lot_number, quantity_purchased, quantity_remaining, unit_price_original, purchase_date) VALUES (87, 34, 'CARRIER-HD-18K', 'LOT-20240725-0087', 10, 10, 15425.70, '2024-07-25');

-- PO #35 on 2024-07-27
INSERT INTO purchase_orders (po_id, vendor_id, po_date, total_amount) VALUES (35, 1, '2024-07-27', 92469.60);
INSERT INTO purchase_lots (lot_id, po_id, sku, lot_number, quantity_purchased, quantity_remaining, unit_price_original, purchase_date) VALUES (88, 35, 'BOSCH-HD-20K', 'LOT-20240727-0088', 10, 10, 2382.44, '2024-07-27');
INSERT INTO purchase_lots (lot_id, po_id, sku, lot_number, quantity_purchased, quantity_remaining, unit_price_original, purchase_date) VALUES (89, 35, 'CARRIER-HD-18K', 'LOT-20240727-0089', 25, 25, 2035.15, '2024-07-27');
INSERT INTO purchase_lots (lot_id, po_id, sku, lot_number, quantity_purchased, quantity_remaining, unit_price_original, purchase_date) VALUES (90, 35, 'MITS-HE-8000', 'LOT-20240727-0090', 15, 15, 1184.43, '2024-07-27');

-- PO #36 on 2024-07-30
INSERT INTO purchase_orders (po_id, vendor_id, po_date, total_amount) VALUES (36, 1, '2024-07-30', 104790.00);
INSERT INTO purchase_lots (lot_id, po_id, sku, lot_number, quantity_purchased, quantity_remaining, unit_price_original, purchase_date) VALUES (91, 36, 'CARRIER-EE-3500', 'LOT-20240730-0091', 40, 40, 681.16, '2024-07-30');
INSERT INTO purchase_lots (lot_id, po_id, sku, lot_number, quantity_purchased, quantity_remaining, unit_price_original, purchase_date) VALUES (92, 36, 'BOSCH-IP-15K', 'LOT-20240730-0092', 40, 40, 1938.59, '2024-07-30');

-- PO #37 on 2024-07-30
INSERT INTO purchase_orders (po_id, vendor_id, po_date, total_amount) VALUES (37, 2, '2024-07-30', 49853.15);
INSERT INTO purchase_lots (lot_id, po_id, sku, lot_number, quantity_purchased, quantity_remaining, unit_price_original, purchase_date) VALUES (93, 37, 'BOSCH-CM-1800', 'LOT-20240730-0093', 25, 25, 333.26, '2024-07-30');
INSERT INTO purchase_lots (lot_id, po_id, sku, lot_number, quantity_purchased, quantity_remaining, unit_price_original, purchase_date) VALUES (94, 37, 'HW-EC-5000', 'LOT-20240730-0094', 50, 50, 471.60, '2024-07-30');
INSERT INTO purchase_lots (lot_id, po_id, sku, lot_number, quantity_purchased, quantity_remaining, unit_price_original, purchase_date) VALUES (95, 37, 'MITS-HE-2500', 'LOT-20240730-0095', 25, 25, 347.43, '2024-07-30');
INSERT INTO purchase_lots (lot_id, po_id, sku, lot_number, quantity_purchased, quantity_remaining, unit_price_original, purchase_date) VALUES (96, 37, 'PG-ST-2000', 'LOT-20240730-0096', 30, 30, 308.53, '2024-07-30');

-- PO #38 on 2024-07-31
INSERT INTO purchase_orders (po_id, vendor_id, po_date, total_amount) VALUES (38, 2, '2024-07-31', 84077.70);
INSERT INTO purchase_lots (lot_id, po_id, sku, lot_number, quantity_purchased, quantity_remaining, unit_price_original, purchase_date) VALUES (97, 38, 'BOSCH-IP-15K', 'LOT-20240731-0097', 30, 30, 1620.50, '2024-07-31');
INSERT INTO purchase_lots (lot_id, po_id, sku, lot_number, quantity_purchased, quantity_remaining, unit_price_original, purchase_date) VALUES (98, 38, 'HW-EC-5000', 'LOT-20240731-0098', 15, 15, 539.61, '2024-07-31');
INSERT INTO purchase_lots (lot_id, po_id, sku, lot_number, quantity_purchased, quantity_remaining, unit_price_original, purchase_date) VALUES (99, 38, 'CARRIER-HD-18K', 'LOT-20240731-0099', 15, 15, 1824.57, '2024-07-31');

-- PO #39 on 2024-07-31
INSERT INTO purchase_orders (po_id, vendor_id, po_date, total_amount) VALUES (39, 2, '2024-07-31', 57142.35);
INSERT INTO purchase_lots (lot_id, po_id, sku, lot_number, quantity_purchased, quantity_remaining, unit_price_original, purchase_date) VALUES (100, 39, 'BOSCH-HD-20K', 'LOT-20240731-0100', 15, 15, 2090.39, '2024-07-31');
INSERT INTO purchase_lots (lot_id, po_id, sku, lot_number, quantity_purchased, quantity_remaining, unit_price_original, purchase_date) VALUES (101, 39, 'PG-TH-4000', 'LOT-20240731-0101', 50, 50, 491.78, '2024-07-31');
INSERT INTO purchase_lots (lot_id, po_id, sku, lot_number, quantity_purchased, quantity_remaining, unit_price_original, purchase_date) VALUES (102, 39, 'MITS-CM-1500', 'LOT-20240731-0102', 5, 5, 239.50, '2024-07-31');

-- PO #40 on 2024-08-09
INSERT INTO purchase_orders (po_id, vendor_id, po_date, total_amount) VALUES (40, 2, '2024-08-09', 46311.40);
INSERT INTO purchase_lots (lot_id, po_id, sku, lot_number, quantity_purchased, quantity_remaining, unit_price_original, purchase_date) VALUES (103, 40, 'HW-BS-1500', 'LOT-20240809-0103', 20, 20, 164.51, '2024-08-09');
INSERT INTO purchase_lots (lot_id, po_id, sku, lot_number, quantity_purchased, quantity_remaining, unit_price_original, purchase_date) VALUES (104, 40, 'BOSCH-HD-20K', 'LOT-20240809-0104', 20, 20, 2151.06, '2024-08-09');

-- PO #41 on 2024-08-15
INSERT INTO purchase_orders (po_id, vendor_id, po_date, total_amount) VALUES (41, 4, '2024-08-15', 43656.60);
INSERT INTO purchase_lots (lot_id, po_id, sku, lot_number, quantity_purchased, quantity_remaining, unit_price_original, purchase_date) VALUES (105, 41, 'HW-EC-5000', 'LOT-20240815-0105', 20, 20, 2182.83, '2024-08-15');

-- PO #42 on 2024-08-26
INSERT INTO purchase_orders (po_id, vendor_id, po_date, total_amount) VALUES (42, 1, '2024-08-26', 53849.50);
INSERT INTO purchase_lots (lot_id, po_id, sku, lot_number, quantity_purchased, quantity_remaining, unit_price_original, purchase_date) VALUES (106, 42, 'MITS-HE-5000', 'LOT-20240826-0106', 50, 50, 824.91, '2024-08-26');
INSERT INTO purchase_lots (lot_id, po_id, sku, lot_number, quantity_purchased, quantity_remaining, unit_price_original, purchase_date) VALUES (107, 42, 'HW-BS-2500', 'LOT-20240826-0107', 40, 40, 315.10, '2024-08-26');

-- PO #43 on 2024-09-02
INSERT INTO purchase_orders (po_id, vendor_id, po_date, total_amount) VALUES (43, 2, '2024-09-02', 39325.95);
INSERT INTO purchase_lots (lot_id, po_id, sku, lot_number, quantity_purchased, quantity_remaining, unit_price_original, purchase_date) VALUES (108, 43, 'PG-TH-3000', 'LOT-20240902-0108', 50, 50, 373.97, '2024-09-02');
INSERT INTO purchase_lots (lot_id, po_id, sku, lot_number, quantity_purchased, quantity_remaining, unit_price_original, purchase_date) VALUES (109, 43, 'BOSCH-IH-7500', 'LOT-20240902-0109', 15, 15, 864.48, '2024-09-02');
INSERT INTO purchase_lots (lot_id, po_id, sku, lot_number, quantity_purchased, quantity_remaining, unit_price_original, purchase_date) VALUES (110, 43, 'BOSCH-IP-15K', 'LOT-20240902-0110', 5, 5, 1532.05, '2024-09-02');

-- PO #44 on 2024-09-08
INSERT INTO purchase_orders (po_id, vendor_id, po_date, total_amount) VALUES (44, 4, '2024-09-08', 140138.40);
INSERT INTO purchase_lots (lot_id, po_id, sku, lot_number, quantity_purchased, quantity_remaining, unit_price_original, purchase_date) VALUES (111, 44, 'CARRIER-CH-6000', 'LOT-20240908-0111', 15, 15, 3397.85, '2024-09-08');
INSERT INTO purchase_lots (lot_id, po_id, sku, lot_number, quantity_purchased, quantity_remaining, unit_price_original, purchase_date) VALUES (112, 44, 'HW-EC-5000', 'LOT-20240908-0112', 25, 25, 2062.48, '2024-09-08');
INSERT INTO purchase_lots (lot_id, po_id, sku, lot_number, quantity_purchased, quantity_remaining, unit_price_original, purchase_date) VALUES (113, 44, 'BOSCH-IP-15K', 'LOT-20240908-0113', 5, 5, 7521.73, '2024-09-08');

-- PO #45 on 2024-09-10
INSERT INTO purchase_orders (po_id, vendor_id, po_date, total_amount) VALUES (45, 4, '2024-09-10', 17221.90);
INSERT INTO purchase_lots (lot_id, po_id, sku, lot_number, quantity_purchased, quantity_remaining, unit_price_original, purchase_date) VALUES (114, 45, 'MITS-HE-2500', 'LOT-20240910-0114', 10, 10, 1722.19, '2024-09-10');

-- PO #46 on 2024-09-12
INSERT INTO purchase_orders (po_id, vendor_id, po_date, total_amount) VALUES (46, 3, '2024-09-12', 197477.40);
INSERT INTO purchase_lots (lot_id, po_id, sku, lot_number, quantity_purchased, quantity_remaining, unit_price_original, purchase_date) VALUES (115, 46, 'PG-ST-2000', 'LOT-20240912-0115', 10, 10, 2079.90, '2024-09-12');
INSERT INTO purchase_lots (lot_id, po_id, sku, lot_number, quantity_purchased, quantity_remaining, unit_price_original, purchase_date) VALUES (116, 46, 'HW-BS-2500', 'LOT-20240912-0116', 10, 10, 2460.90, '2024-09-12');
INSERT INTO purchase_lots (lot_id, po_id, sku, lot_number, quantity_purchased, quantity_remaining, unit_price_original, purchase_date) VALUES (117, 46, 'BOSCH-IH-7500', 'LOT-20240912-0117', 20, 20, 7603.47, '2024-09-12');

-- PO #47 on 2024-09-14
INSERT INTO purchase_orders (po_id, vendor_id, po_date, total_amount) VALUES (47, 3, '2024-09-14', 57077.40);
INSERT INTO purchase_lots (lot_id, po_id, sku, lot_number, quantity_purchased, quantity_remaining, unit_price_original, purchase_date) VALUES (118, 47, 'CARRIER-HP-12K', 'LOT-20240914-0118', 5, 5, 11415.48, '2024-09-14');

-- PO #48 on 2024-09-20
INSERT INTO purchase_orders (po_id, vendor_id, po_date, total_amount) VALUES (48, 4, '2024-09-20', 198852.75);
INSERT INTO purchase_lots (lot_id, po_id, sku, lot_number, quantity_purchased, quantity_remaining, unit_price_original, purchase_date) VALUES (119, 48, 'CARRIER-HD-18K', 'LOT-20240920-0119', 25, 25, 7954.11, '2024-09-20');

-- PO #49 on 2024-09-21
INSERT INTO purchase_orders (po_id, vendor_id, po_date, total_amount) VALUES (49, 3, '2024-09-21', 265060.10);
INSERT INTO purchase_lots (lot_id, po_id, sku, lot_number, quantity_purchased, quantity_remaining, unit_price_original, purchase_date) VALUES (120, 49, 'CARRIER-CH-6000', 'LOT-20240921-0120', 10, 10, 6581.69, '2024-09-21');
INSERT INTO purchase_lots (lot_id, po_id, sku, lot_number, quantity_purchased, quantity_remaining, unit_price_original, purchase_date) VALUES (121, 49, 'HW-EC-5000', 'LOT-20240921-0121', 25, 25, 4273.68, '2024-09-21');
INSERT INTO purchase_lots (lot_id, po_id, sku, lot_number, quantity_purchased, quantity_remaining, unit_price_original, purchase_date) VALUES (122, 49, 'PG-TH-4000', 'LOT-20240921-0122', 20, 20, 4620.06, '2024-09-21');

-- PO #50 on 2024-09-23
INSERT INTO purchase_orders (po_id, vendor_id, po_date, total_amount) VALUES (50, 2, '2024-09-23', 100059.70);
INSERT INTO purchase_lots (lot_id, po_id, sku, lot_number, quantity_purchased, quantity_remaining, unit_price_original, purchase_date) VALUES (123, 50, 'BOSCH-IH-5000', 'LOT-20240923-0123', 10, 10, 629.69, '2024-09-23');
INSERT INTO purchase_lots (lot_id, po_id, sku, lot_number, quantity_purchased, quantity_remaining, unit_price_original, purchase_date) VALUES (124, 50, 'CARRIER-HP-12K', 'LOT-20240923-0124', 30, 30, 1316.71, '2024-09-23');
INSERT INTO purchase_lots (lot_id, po_id, sku, lot_number, quantity_purchased, quantity_remaining, unit_price_original, purchase_date) VALUES (125, 50, 'BOSCH-HD-20K', 'LOT-20240923-0125', 25, 25, 2170.46, '2024-09-23');

-- PO #51 on 2024-10-01
INSERT INTO purchase_orders (po_id, vendor_id, po_date, total_amount) VALUES (51, 2, '2024-10-01', 62626.75);
INSERT INTO purchase_lots (lot_id, po_id, sku, lot_number, quantity_purchased, quantity_remaining, unit_price_original, purchase_date) VALUES (126, 51, 'MITS-HE-8000', 'LOT-20241001-0126', 50, 50, 950.09, '2024-10-01');
INSERT INTO purchase_lots (lot_id, po_id, sku, lot_number, quantity_purchased, quantity_remaining, unit_price_original, purchase_date) VALUES (127, 51, 'HW-BS-2500', 'LOT-20241001-0127', 15, 15, 253.53, '2024-10-01');
INSERT INTO purchase_lots (lot_id, po_id, sku, lot_number, quantity_purchased, quantity_remaining, unit_price_original, purchase_date) VALUES (128, 51, 'HW-EC-5000', 'LOT-20241001-0128', 20, 20, 461.32, '2024-10-01');
INSERT INTO purchase_lots (lot_id, po_id, sku, lot_number, quantity_purchased, quantity_remaining, unit_price_original, purchase_date) VALUES (129, 51, 'CARRIER-CH-3000', 'LOT-20241001-0129', 5, 5, 418.58, '2024-10-01');

-- PO #52 on 2024-10-01
INSERT INTO purchase_orders (po_id, vendor_id, po_date, total_amount) VALUES (52, 3, '2024-10-01', 155614.90);
INSERT INTO purchase_lots (lot_id, po_id, sku, lot_number, quantity_purchased, quantity_remaining, unit_price_original, purchase_date) VALUES (130, 52, 'HW-BS-1500', 'LOT-20241001-0130', 10, 10, 1538.59, '2024-10-01');
INSERT INTO purchase_lots (lot_id, po_id, sku, lot_number, quantity_purchased, quantity_remaining, unit_price_original, purchase_date) VALUES (131, 52, 'BOSCH-IP-15K', 'LOT-20241001-0131', 10, 10, 14022.90, '2024-10-01');

-- PO #53 on 2024-10-02
INSERT INTO purchase_orders (po_id, vendor_id, po_date, total_amount) VALUES (53, 1, '2024-10-02', 45139.80);
INSERT INTO purchase_lots (lot_id, po_id, sku, lot_number, quantity_purchased, quantity_remaining, unit_price_original, purchase_date) VALUES (132, 53, 'CARRIER-CH-6000', 'LOT-20241002-0132', 25, 25, 900.78, '2024-10-02');
INSERT INTO purchase_lots (lot_id, po_id, sku, lot_number, quantity_purchased, quantity_remaining, unit_price_original, purchase_date) VALUES (133, 53, 'MITS-EE-4000', 'LOT-20241002-0133', 30, 30, 754.01, '2024-10-02');

-- PO #54 on 2024-10-03
INSERT INTO purchase_orders (po_id, vendor_id, po_date, total_amount) VALUES (54, 4, '2024-10-03', 625064.35);
INSERT INTO purchase_lots (lot_id, po_id, sku, lot_number, quantity_purchased, quantity_remaining, unit_price_original, purchase_date) VALUES (134, 54, 'BOSCH-IH-10K', 'LOT-20241003-0134', 30, 30, 5182.67, '2024-10-03');
INSERT INTO purchase_lots (lot_id, po_id, sku, lot_number, quantity_purchased, quantity_remaining, unit_price_original, purchase_date) VALUES (135, 54, 'MITS-CM-1500', 'LOT-20241003-0135', 25, 25, 1125.19, '2024-10-03');
INSERT INTO purchase_lots (lot_id, po_id, sku, lot_number, quantity_purchased, quantity_remaining, unit_price_original, purchase_date) VALUES (136, 54, 'BOSCH-HD-20K', 'LOT-20241003-0136', 50, 50, 8829.09, '2024-10-03');

-- PO #55 on 2024-10-04
INSERT INTO purchase_orders (po_id, vendor_id, po_date, total_amount) VALUES (55, 1, '2024-10-04', 27413.00);
INSERT INTO purchase_lots (lot_id, po_id, sku, lot_number, quantity_purchased, quantity_remaining, unit_price_original, purchase_date) VALUES (137, 55, 'MITS-HE-8000', 'LOT-20241004-0137', 25, 25, 1096.52, '2024-10-04');

-- PO #56 on 2024-10-07
INSERT INTO purchase_orders (po_id, vendor_id, po_date, total_amount) VALUES (56, 1, '2024-10-07', 12582.00);
INSERT INTO purchase_lots (lot_id, po_id, sku, lot_number, quantity_purchased, quantity_remaining, unit_price_original, purchase_date) VALUES (138, 56, 'HW-EC-2000', 'LOT-20241007-0138', 50, 50, 251.64, '2024-10-07');

-- PO #57 on 2024-10-09
INSERT INTO purchase_orders (po_id, vendor_id, po_date, total_amount) VALUES (57, 3, '2024-10-09', 66832.50);
INSERT INTO purchase_lots (lot_id, po_id, sku, lot_number, quantity_purchased, quantity_remaining, unit_price_original, purchase_date) VALUES (139, 57, 'BOSCH-CM-1800', 'LOT-20241009-0139', 30, 30, 2227.75, '2024-10-09');

-- PO #58 on 2024-10-13
INSERT INTO purchase_orders (po_id, vendor_id, po_date, total_amount) VALUES (58, 3, '2024-10-13', 93604.60);
INSERT INTO purchase_lots (lot_id, po_id, sku, lot_number, quantity_purchased, quantity_remaining, unit_price_original, purchase_date) VALUES (140, 58, 'HW-BS-1500', 'LOT-20241013-0140', 5, 5, 1352.84, '2024-10-13');
INSERT INTO purchase_lots (lot_id, po_id, sku, lot_number, quantity_purchased, quantity_remaining, unit_price_original, purchase_date) VALUES (141, 58, 'MITS-HE-8000', 'LOT-20241013-0141', 10, 10, 8684.04, '2024-10-13');

-- PO #59 on 2024-10-14
INSERT INTO purchase_orders (po_id, vendor_id, po_date, total_amount) VALUES (59, 2, '2024-10-14', 27359.00);
INSERT INTO purchase_lots (lot_id, po_id, sku, lot_number, quantity_purchased, quantity_remaining, unit_price_original, purchase_date) VALUES (142, 59, 'BOSCH-SM-8000', 'LOT-20241014-0142', 25, 25, 1094.36, '2024-10-14');

-- PO #60 on 2024-10-14
INSERT INTO purchase_orders (po_id, vendor_id, po_date, total_amount) VALUES (60, 3, '2024-10-14', 377376.45);
INSERT INTO purchase_lots (lot_id, po_id, sku, lot_number, quantity_purchased, quantity_remaining, unit_price_original, purchase_date) VALUES (143, 60, 'CARRIER-SM-9000', 'LOT-20241014-0143', 5, 5, 8866.27, '2024-10-14');
INSERT INTO purchase_lots (lot_id, po_id, sku, lot_number, quantity_purchased, quantity_remaining, unit_price_original, purchase_date) VALUES (144, 60, 'HW-EC-3500', 'LOT-20241014-0144', 25, 25, 2907.43, '2024-10-14');
INSERT INTO purchase_lots (lot_id, po_id, sku, lot_number, quantity_purchased, quantity_remaining, unit_price_original, purchase_date) VALUES (145, 60, 'CARRIER-HP-12K', 'LOT-20241014-0145', 20, 20, 11183.73, '2024-10-14');
INSERT INTO purchase_lots (lot_id, po_id, sku, lot_number, quantity_purchased, quantity_remaining, unit_price_original, purchase_date) VALUES (146, 60, 'PG-ST-2000', 'LOT-20241014-0146', 15, 15, 2445.65, '2024-10-14');

-- PO #61 on 2024-10-18
INSERT INTO purchase_orders (po_id, vendor_id, po_date, total_amount) VALUES (61, 2, '2024-10-18', 93234.40);
INSERT INTO purchase_lots (lot_id, po_id, sku, lot_number, quantity_purchased, quantity_remaining, unit_price_original, purchase_date) VALUES (147, 61, 'CARRIER-HD-18K', 'LOT-20241018-0147', 40, 40, 1765.13, '2024-10-18');
INSERT INTO purchase_lots (lot_id, po_id, sku, lot_number, quantity_purchased, quantity_remaining, unit_price_original, purchase_date) VALUES (148, 61, 'CARRIER-SM-9000', 'LOT-20241018-0148', 10, 10, 1168.12, '2024-10-18');
INSERT INTO purchase_lots (lot_id, po_id, sku, lot_number, quantity_purchased, quantity_remaining, unit_price_original, purchase_date) VALUES (149, 61, 'BOSCH-CM-1800', 'LOT-20241018-0149', 40, 40, 273.70, '2024-10-18');

-- PO #62 on 2024-10-19
INSERT INTO purchase_orders (po_id, vendor_id, po_date, total_amount) VALUES (62, 2, '2024-10-19', 159607.30);
INSERT INTO purchase_lots (lot_id, po_id, sku, lot_number, quantity_purchased, quantity_remaining, unit_price_original, purchase_date) VALUES (150, 62, 'BOSCH-HD-20K', 'LOT-20241019-0150', 30, 30, 2052.15, '2024-10-19');
INSERT INTO purchase_lots (lot_id, po_id, sku, lot_number, quantity_purchased, quantity_remaining, unit_price_original, purchase_date) VALUES (151, 62, 'BOSCH-IP-15K', 'LOT-20241019-0151', 40, 40, 1530.07, '2024-10-19');
INSERT INTO purchase_lots (lot_id, po_id, sku, lot_number, quantity_purchased, quantity_remaining, unit_price_original, purchase_date) VALUES (152, 62, 'MITS-HE-2500', 'LOT-20241019-0152', 25, 25, 353.76, '2024-10-19');
INSERT INTO purchase_lots (lot_id, po_id, sku, lot_number, quantity_purchased, quantity_remaining, unit_price_original, purchase_date) VALUES (153, 62, 'CARRIER-SM-9000', 'LOT-20241019-0153', 25, 25, 1119.84, '2024-10-19');

-- PO #63 on 2024-10-20
INSERT INTO purchase_orders (po_id, vendor_id, po_date, total_amount) VALUES (63, 3, '2024-10-20', 821746.25);
INSERT INTO purchase_lots (lot_id, po_id, sku, lot_number, quantity_purchased, quantity_remaining, unit_price_original, purchase_date) VALUES (154, 63, 'MITS-HE-8000', 'LOT-20241020-0154', 30, 30, 8029.53, '2024-10-20');
INSERT INTO purchase_lots (lot_id, po_id, sku, lot_number, quantity_purchased, quantity_remaining, unit_price_original, purchase_date) VALUES (155, 63, 'MITS-SM-7000', 'LOT-20241020-0155', 30, 30, 7838.39, '2024-10-20');
INSERT INTO purchase_lots (lot_id, po_id, sku, lot_number, quantity_purchased, quantity_remaining, unit_price_original, purchase_date) VALUES (156, 63, 'PG-ST-2000', 'LOT-20241020-0156', 50, 50, 2042.86, '2024-10-20');
INSERT INTO purchase_lots (lot_id, po_id, sku, lot_number, quantity_purchased, quantity_remaining, unit_price_original, purchase_date) VALUES (157, 63, 'BOSCH-HD-20K', 'LOT-20241020-0157', 15, 15, 16237.71, '2024-10-20');

-- PO #64 on 2024-10-21
INSERT INTO purchase_orders (po_id, vendor_id, po_date, total_amount) VALUES (64, 4, '2024-10-21', 402906.20);
INSERT INTO purchase_lots (lot_id, po_id, sku, lot_number, quantity_purchased, quantity_remaining, unit_price_original, purchase_date) VALUES (158, 64, 'CARRIER-HP-12K', 'LOT-20241021-0158', 20, 20, 6319.79, '2024-10-21');
INSERT INTO purchase_lots (lot_id, po_id, sku, lot_number, quantity_purchased, quantity_remaining, unit_price_original, purchase_date) VALUES (159, 64, 'BOSCH-IH-7500', 'LOT-20241021-0159', 30, 30, 3847.39, '2024-10-21');
INSERT INTO purchase_lots (lot_id, po_id, sku, lot_number, quantity_purchased, quantity_remaining, unit_price_original, purchase_date) VALUES (160, 64, 'PG-TH-3000', 'LOT-20241021-0160', 50, 50, 1969.64, '2024-10-21');
INSERT INTO purchase_lots (lot_id, po_id, sku, lot_number, quantity_purchased, quantity_remaining, unit_price_original, purchase_date) VALUES (161, 64, 'CARRIER-CH-3000', 'LOT-20241021-0161', 30, 30, 2086.89, '2024-10-21');

-- PO #65 on 2024-10-28
INSERT INTO purchase_orders (po_id, vendor_id, po_date, total_amount) VALUES (65, 1, '2024-10-28', 36383.65);
INSERT INTO purchase_lots (lot_id, po_id, sku, lot_number, quantity_purchased, quantity_remaining, unit_price_original, purchase_date) VALUES (162, 65, 'HW-EC-5000', 'LOT-20241028-0162', 15, 15, 531.34, '2024-10-28');
INSERT INTO purchase_lots (lot_id, po_id, sku, lot_number, quantity_purchased, quantity_remaining, unit_price_original, purchase_date) VALUES (163, 65, 'CARRIER-SM-9000', 'LOT-20241028-0163', 15, 15, 1231.19, '2024-10-28');
INSERT INTO purchase_lots (lot_id, po_id, sku, lot_number, quantity_purchased, quantity_remaining, unit_price_original, purchase_date) VALUES (164, 65, 'CARRIER-CH-4500', 'LOT-20241028-0164', 5, 5, 643.94, '2024-10-28');
INSERT INTO purchase_lots (lot_id, po_id, sku, lot_number, quantity_purchased, quantity_remaining, unit_price_original, purchase_date) VALUES (165, 65, 'HW-EC-2000', 'LOT-20241028-0165', 30, 30, 224.20, '2024-10-28');

-- PO #66 on 2024-10-29
INSERT INTO purchase_orders (po_id, vendor_id, po_date, total_amount) VALUES (66, 1, '2024-10-29', 28912.45);
INSERT INTO purchase_lots (lot_id, po_id, sku, lot_number, quantity_purchased, quantity_remaining, unit_price_original, purchase_date) VALUES (166, 66, 'CARRIER-CH-3000', 'LOT-20241029-0166', 15, 15, 538.83, '2024-10-29');
INSERT INTO purchase_lots (lot_id, po_id, sku, lot_number, quantity_purchased, quantity_remaining, unit_price_original, purchase_date) VALUES (167, 66, 'HW-EC-3500', 'LOT-20241029-0167', 50, 50, 416.60, '2024-10-29');

-- PO #67 on 2024-10-29
INSERT INTO purchase_orders (po_id, vendor_id, po_date, total_amount) VALUES (67, 4, '2024-10-29', 390367.20);
INSERT INTO purchase_lots (lot_id, po_id, sku, lot_number, quantity_purchased, quantity_remaining, unit_price_original, purchase_date) VALUES (168, 67, 'MITS-HE-8000', 'LOT-20241029-0168', 30, 30, 4794.46, '2024-10-29');
INSERT INTO purchase_lots (lot_id, po_id, sku, lot_number, quantity_purchased, quantity_remaining, unit_price_original, purchase_date) VALUES (169, 67, 'BOSCH-IH-10K', 'LOT-20241029-0169', 20, 20, 5204.92, '2024-10-29');
INSERT INTO purchase_lots (lot_id, po_id, sku, lot_number, quantity_purchased, quantity_remaining, unit_price_original, purchase_date) VALUES (170, 67, 'BOSCH-IH-5000', 'LOT-20241029-0170', 50, 50, 2848.70, '2024-10-29');

-- PO #68 on 2024-11-01
INSERT INTO purchase_orders (po_id, vendor_id, po_date, total_amount) VALUES (68, 2, '2024-11-01', 20643.20);
INSERT INTO purchase_lots (lot_id, po_id, sku, lot_number, quantity_purchased, quantity_remaining, unit_price_original, purchase_date) VALUES (171, 68, 'BOSCH-HD-20K', 'LOT-20241101-0171', 10, 10, 2064.32, '2024-11-01');

-- PO #69 on 2024-11-03
INSERT INTO purchase_orders (po_id, vendor_id, po_date, total_amount) VALUES (69, 4, '2024-11-03', 147561.65);
INSERT INTO purchase_lots (lot_id, po_id, sku, lot_number, quantity_purchased, quantity_remaining, unit_price_original, purchase_date) VALUES (172, 69, 'PG-TH-3000', 'LOT-20241103-0172', 25, 25, 1906.19, '2024-11-03');
INSERT INTO purchase_lots (lot_id, po_id, sku, lot_number, quantity_purchased, quantity_remaining, unit_price_original, purchase_date) VALUES (173, 69, 'MITS-CM-1500', 'LOT-20241103-0173', 30, 30, 1207.07, '2024-11-03');
INSERT INTO purchase_lots (lot_id, po_id, sku, lot_number, quantity_purchased, quantity_remaining, unit_price_original, purchase_date) VALUES (174, 69, 'BOSCH-SM-8000', 'LOT-20241103-0174', 10, 10, 4863.82, '2024-11-03');
INSERT INTO purchase_lots (lot_id, po_id, sku, lot_number, quantity_purchased, quantity_remaining, unit_price_original, purchase_date) VALUES (175, 69, 'HW-EC-3500', 'LOT-20241103-0175', 10, 10, 1505.66, '2024-11-03');

-- PO #70 on 2024-11-05
INSERT INTO purchase_orders (po_id, vendor_id, po_date, total_amount) VALUES (70, 1, '2024-11-05', 78084.30);
INSERT INTO purchase_lots (lot_id, po_id, sku, lot_number, quantity_purchased, quantity_remaining, unit_price_original, purchase_date) VALUES (176, 70, 'CARRIER-HP-12K', 'LOT-20241105-0176', 10, 10, 1592.03, '2024-11-05');
INSERT INTO purchase_lots (lot_id, po_id, sku, lot_number, quantity_purchased, quantity_remaining, unit_price_original, purchase_date) VALUES (177, 70, 'CARRIER-CH-3000', 'LOT-20241105-0177', 30, 30, 535.78, '2024-11-05');
INSERT INTO purchase_lots (lot_id, po_id, sku, lot_number, quantity_purchased, quantity_remaining, unit_price_original, purchase_date) VALUES (178, 70, 'HW-EC-5000', 'LOT-20241105-0178', 20, 20, 552.79, '2024-11-05');
INSERT INTO purchase_lots (lot_id, po_id, sku, lot_number, quantity_purchased, quantity_remaining, unit_price_original, purchase_date) VALUES (179, 70, 'CARRIER-CH-6000', 'LOT-20241105-0179', 40, 40, 875.87, '2024-11-05');

-- PO #71 on 2024-11-08
INSERT INTO purchase_orders (po_id, vendor_id, po_date, total_amount) VALUES (71, 1, '2024-11-08', 3003.90);
INSERT INTO purchase_lots (lot_id, po_id, sku, lot_number, quantity_purchased, quantity_remaining, unit_price_original, purchase_date) VALUES (180, 71, 'HW-EC-2000', 'LOT-20241108-0180', 15, 15, 200.26, '2024-11-08');

-- PO #72 on 2024-11-09
INSERT INTO purchase_orders (po_id, vendor_id, po_date, total_amount) VALUES (72, 2, '2024-11-09', 71885.70);
INSERT INTO purchase_lots (lot_id, po_id, sku, lot_number, quantity_purchased, quantity_remaining, unit_price_original, purchase_date) VALUES (181, 72, 'BOSCH-IH-7500', 'LOT-20241109-0181', 25, 25, 849.52, '2024-11-09');
INSERT INTO purchase_lots (lot_id, po_id, sku, lot_number, quantity_purchased, quantity_remaining, unit_price_original, purchase_date) VALUES (182, 72, 'MITS-CM-1500', 'LOT-20241109-0182', 5, 5, 223.34, '2024-11-09');
INSERT INTO purchase_lots (lot_id, po_id, sku, lot_number, quantity_purchased, quantity_remaining, unit_price_original, purchase_date) VALUES (183, 72, 'CARRIER-HD-18K', 'LOT-20241109-0183', 20, 20, 1859.16, '2024-11-09');
INSERT INTO purchase_lots (lot_id, po_id, sku, lot_number, quantity_purchased, quantity_remaining, unit_price_original, purchase_date) VALUES (184, 72, 'CARRIER-EE-3500', 'LOT-20241109-0184', 20, 20, 617.39, '2024-11-09');

-- PO #73 on 2024-11-10
INSERT INTO purchase_orders (po_id, vendor_id, po_date, total_amount) VALUES (73, 3, '2024-11-10', 155135.60);
INSERT INTO purchase_lots (lot_id, po_id, sku, lot_number, quantity_purchased, quantity_remaining, unit_price_original, purchase_date) VALUES (185, 73, 'HW-EC-3500', 'LOT-20241110-0185', 5, 5, 2956.38, '2024-11-10');
INSERT INTO purchase_lots (lot_id, po_id, sku, lot_number, quantity_purchased, quantity_remaining, unit_price_original, purchase_date) VALUES (186, 73, 'MITS-HE-8000', 'LOT-20241110-0186', 15, 15, 8513.22, '2024-11-10');
INSERT INTO purchase_lots (lot_id, po_id, sku, lot_number, quantity_purchased, quantity_remaining, unit_price_original, purchase_date) VALUES (187, 73, 'HW-BS-1500', 'LOT-20241110-0187', 10, 10, 1265.54, '2024-11-10');

-- PO #74 on 2024-11-10
INSERT INTO purchase_orders (po_id, vendor_id, po_date, total_amount) VALUES (74, 1, '2024-11-10', 102342.30);
INSERT INTO purchase_lots (lot_id, po_id, sku, lot_number, quantity_purchased, quantity_remaining, unit_price_original, purchase_date) VALUES (188, 74, 'CARRIER-HP-12K', 'LOT-20241110-0188', 30, 30, 1454.05, '2024-11-10');
INSERT INTO purchase_lots (lot_id, po_id, sku, lot_number, quantity_purchased, quantity_remaining, unit_price_original, purchase_date) VALUES (189, 74, 'MITS-HE-8000', 'LOT-20241110-0189', 40, 40, 1104.03, '2024-11-10');
INSERT INTO purchase_lots (lot_id, po_id, sku, lot_number, quantity_purchased, quantity_remaining, unit_price_original, purchase_date) VALUES (190, 74, 'BOSCH-CM-1800', 'LOT-20241110-0190', 40, 40, 363.99, '2024-11-10');

-- PO #75 on 2024-11-15
INSERT INTO purchase_orders (po_id, vendor_id, po_date, total_amount) VALUES (75, 1, '2024-11-15', 1317.35);
INSERT INTO purchase_lots (lot_id, po_id, sku, lot_number, quantity_purchased, quantity_remaining, unit_price_original, purchase_date) VALUES (191, 75, 'HW-EC-2000', 'LOT-20241115-0191', 5, 5, 263.47, '2024-11-15');

-- PO #76 on 2024-11-22
INSERT INTO purchase_orders (po_id, vendor_id, po_date, total_amount) VALUES (76, 1, '2024-11-22', 35523.80);
INSERT INTO purchase_lots (lot_id, po_id, sku, lot_number, quantity_purchased, quantity_remaining, unit_price_original, purchase_date) VALUES (192, 76, 'CARRIER-SM-9000', 'LOT-20241122-0192', 20, 20, 1291.77, '2024-11-22');
INSERT INTO purchase_lots (lot_id, po_id, sku, lot_number, quantity_purchased, quantity_remaining, unit_price_original, purchase_date) VALUES (193, 76, 'CARRIER-EE-3500', 'LOT-20241122-0193', 5, 5, 676.32, '2024-11-22');
INSERT INTO purchase_lots (lot_id, po_id, sku, lot_number, quantity_purchased, quantity_remaining, unit_price_original, purchase_date) VALUES (194, 76, 'PG-TH-4000', 'LOT-20241122-0194', 10, 10, 630.68, '2024-11-22');

-- PO #77 on 2024-11-22
INSERT INTO purchase_orders (po_id, vendor_id, po_date, total_amount) VALUES (77, 3, '2024-11-22', 615610.30);
INSERT INTO purchase_lots (lot_id, po_id, sku, lot_number, quantity_purchased, quantity_remaining, unit_price_original, purchase_date) VALUES (195, 77, 'PG-ST-2000', 'LOT-20241122-0195', 25, 25, 2218.04, '2024-11-22');
INSERT INTO purchase_lots (lot_id, po_id, sku, lot_number, quantity_purchased, quantity_remaining, unit_price_original, purchase_date) VALUES (196, 77, 'PG-TH-4000', 'LOT-20241122-0196', 5, 5, 4425.86, '2024-11-22');
INSERT INTO purchase_lots (lot_id, po_id, sku, lot_number, quantity_purchased, quantity_remaining, unit_price_original, purchase_date) VALUES (197, 77, 'CARRIER-HP-12K', 'LOT-20241122-0197', 50, 50, 10760.60, '2024-11-22');

-- PO #78 on 2024-12-24
INSERT INTO purchase_orders (po_id, vendor_id, po_date, total_amount) VALUES (78, 2, '2024-12-24', 32464.30);
INSERT INTO purchase_lots (lot_id, po_id, sku, lot_number, quantity_purchased, quantity_remaining, unit_price_original, purchase_date) VALUES (198, 78, 'BOSCH-IH-7500', 'LOT-20241224-0198', 30, 30, 790.45, '2024-12-24');
INSERT INTO purchase_lots (lot_id, po_id, sku, lot_number, quantity_purchased, quantity_remaining, unit_price_original, purchase_date) VALUES (199, 78, 'CARRIER-CH-3000', 'LOT-20241224-0199', 20, 20, 437.54, '2024-12-24');

-- PO #79 on 2024-12-26
INSERT INTO purchase_orders (po_id, vendor_id, po_date, total_amount) VALUES (79, 2, '2024-12-26', 4575.45);
INSERT INTO purchase_lots (lot_id, po_id, sku, lot_number, quantity_purchased, quantity_remaining, unit_price_original, purchase_date) VALUES (200, 79, 'BOSCH-IH-7500', 'LOT-20241226-0200', 5, 5, 915.09, '2024-12-26');

-- PO #80 on 2024-12-28
INSERT INTO purchase_orders (po_id, vendor_id, po_date, total_amount) VALUES (80, 3, '2024-12-28', 528922.60);
INSERT INTO purchase_lots (lot_id, po_id, sku, lot_number, quantity_purchased, quantity_remaining, unit_price_original, purchase_date) VALUES (201, 80, 'BOSCH-IP-15K', 'LOT-20241228-0201', 5, 5, 12466.68, '2024-12-28');
INSERT INTO purchase_lots (lot_id, po_id, sku, lot_number, quantity_purchased, quantity_remaining, unit_price_original, purchase_date) VALUES (202, 80, 'CARRIER-HP-12K', 'LOT-20241228-0202', 40, 40, 11664.73, '2024-12-28');

-- Sales Invoices and Lines
INSERT INTO invoices (invoice_id, customer_id, invoice_date, total_amount) VALUES (1, 4, '2024-01-08', 467961.63);
INSERT INTO invoice_lines (invoice_line_id, invoice_id, sku, quantity_sold, unit_price_uah) VALUES (1, 1, 'MITS-HE-2500', 1, 16008.03);
INSERT INTO invoice_lines (invoice_line_id, invoice_id, sku, quantity_sold, unit_price_uah) VALUES (2, 1, 'MITS-HE-8000', 10, 45195.36);
INSERT INTO invoices (invoice_id, customer_id, invoice_date, total_amount) VALUES (2, 2, '2024-01-08', 804080.97);
INSERT INTO invoice_lines (invoice_line_id, invoice_id, sku, quantity_sold, unit_price_uah) VALUES (3, 2, 'CARRIER-CH-6000', 8, 33188.84);
INSERT INTO invoice_lines (invoice_line_id, invoice_id, sku, quantity_sold, unit_price_uah) VALUES (4, 2, 'CARRIER-HD-18K', 5, 86785.31);
INSERT INTO invoice_lines (invoice_line_id, invoice_id, sku, quantity_sold, unit_price_uah) VALUES (5, 2, 'BOSCH-SM-8000', 2, 52321.85);
INSERT INTO invoices (invoice_id, customer_id, invoice_date, total_amount) VALUES (3, 12, '2024-01-09', 601147.28);
INSERT INTO invoice_lines (invoice_line_id, invoice_id, sku, quantity_sold, unit_price_uah) VALUES (6, 3, 'BOSCH-IH-10K', 2, 53600.86);
INSERT INTO invoice_lines (invoice_line_id, invoice_id, sku, quantity_sold, unit_price_uah) VALUES (7, 3, 'BOSCH-IH-5000', 10, 25373.38);
INSERT INTO invoice_lines (invoice_line_id, invoice_id, sku, quantity_sold, unit_price_uah) VALUES (8, 3, 'MITS-HE-5000', 8, 30026.47);
INSERT INTO invoices (invoice_id, customer_id, invoice_date, total_amount) VALUES (4, 7, '2024-01-10', 54686.22);
INSERT INTO invoice_lines (invoice_line_id, invoice_id, sku, quantity_sold, unit_price_uah) VALUES (9, 4, 'MITS-HE-2500', 3, 18228.74);
INSERT INTO invoices (invoice_id, customer_id, invoice_date, total_amount) VALUES (5, 4, '2024-01-16', 381506.72);
INSERT INTO invoice_lines (invoice_line_id, invoice_id, sku, quantity_sold, unit_price_uah) VALUES (10, 5, 'MITS-SM-7000', 5, 41082.96);
INSERT INTO invoice_lines (invoice_line_id, invoice_id, sku, quantity_sold, unit_price_uah) VALUES (11, 5, 'CARRIER-CH-6000', 3, 38208.66);
INSERT INTO invoice_lines (invoice_line_id, invoice_id, sku, quantity_sold, unit_price_uah) VALUES (12, 5, 'MITS-EE-4000', 2, 30732.97);
INSERT INTO invoices (invoice_id, customer_id, invoice_date, total_amount) VALUES (6, 13, '2024-01-16', 516546.12);
INSERT INTO invoice_lines (invoice_line_id, invoice_id, sku, quantity_sold, unit_price_uah) VALUES (13, 6, 'BOSCH-IH-10K', 8, 48910.98);
INSERT INTO invoice_lines (invoice_line_id, invoice_id, sku, quantity_sold, unit_price_uah) VALUES (14, 6, 'BOSCH-IH-7500', 3, 41752.76);
INSERT INTO invoices (invoice_id, customer_id, invoice_date, total_amount) VALUES (7, 6, '2024-01-17', 379814.20);
INSERT INTO invoice_lines (invoice_line_id, invoice_id, sku, quantity_sold, unit_price_uah) VALUES (15, 7, 'BOSCH-IH-5000', 10, 27284.24);
INSERT INTO invoice_lines (invoice_line_id, invoice_id, sku, quantity_sold, unit_price_uah) VALUES (16, 7, 'HW-EC-2000', 10, 10697.18);
INSERT INTO invoices (invoice_id, customer_id, invoice_date, total_amount) VALUES (8, 11, '2024-01-17', 101338.91);
INSERT INTO invoice_lines (invoice_line_id, invoice_id, sku, quantity_sold, unit_price_uah) VALUES (17, 8, 'MITS-EE-4000', 1, 30578.71);
INSERT INTO invoice_lines (invoice_line_id, invoice_id, sku, quantity_sold, unit_price_uah) VALUES (18, 8, 'CARRIER-SM-9000', 1, 54024.52);
INSERT INTO invoice_lines (invoice_line_id, invoice_id, sku, quantity_sold, unit_price_uah) VALUES (19, 8, 'HW-BS-1500', 2, 8367.84);
INSERT INTO invoices (invoice_id, customer_id, invoice_date, total_amount) VALUES (9, 13, '2024-01-25', 465063.15);
INSERT INTO invoice_lines (invoice_line_id, invoice_id, sku, quantity_sold, unit_price_uah) VALUES (20, 9, 'BOSCH-HD-20K', 5, 93012.63);
INSERT INTO invoices (invoice_id, customer_id, invoice_date, total_amount) VALUES (10, 5, '2024-01-26', 324324.39);
INSERT INTO invoice_lines (invoice_line_id, invoice_id, sku, quantity_sold, unit_price_uah) VALUES (21, 10, 'CARRIER-CH-6000', 5, 37053.28);
INSERT INTO invoice_lines (invoice_line_id, invoice_id, sku, quantity_sold, unit_price_uah) VALUES (22, 10, 'CARRIER-SM-9000', 1, 50583.21);
INSERT INTO invoice_lines (invoice_line_id, invoice_id, sku, quantity_sold, unit_price_uah) VALUES (23, 10, 'MITS-HE-8000', 2, 44237.39);
INSERT INTO invoices (invoice_id, customer_id, invoice_date, total_amount) VALUES (11, 1, '2024-01-27', 71789.08);
INSERT INTO invoice_lines (invoice_line_id, invoice_id, sku, quantity_sold, unit_price_uah) VALUES (24, 11, 'PG-TH-3000', 2, 20416.64);
INSERT INTO invoice_lines (invoice_line_id, invoice_id, sku, quantity_sold, unit_price_uah) VALUES (25, 11, 'HW-BS-1500', 5, 6191.16);
INSERT INTO invoices (invoice_id, customer_id, invoice_date, total_amount) VALUES (12, 4, '2024-01-27', 115582.34);
INSERT INTO invoice_lines (invoice_line_id, invoice_id, sku, quantity_sold, unit_price_uah) VALUES (26, 12, 'BOSCH-SM-8000', 2, 43872.07);
INSERT INTO invoice_lines (invoice_line_id, invoice_id, sku, quantity_sold, unit_price_uah) VALUES (27, 12, 'CARRIER-CH-4500', 1, 27838.20);
INSERT INTO invoices (invoice_id, customer_id, invoice_date, total_amount) VALUES (13, 6, '2024-01-28', 807863.04);
INSERT INTO invoice_lines (invoice_line_id, invoice_id, sku, quantity_sold, unit_price_uah) VALUES (28, 13, 'CARRIER-HD-18K', 8, 89000.05);
INSERT INTO invoice_lines (invoice_line_id, invoice_id, sku, quantity_sold, unit_price_uah) VALUES (29, 13, 'HW-BS-2500', 8, 11982.83);
INSERT INTO invoices (invoice_id, customer_id, invoice_date, total_amount) VALUES (14, 1, '2024-01-31', 387467.51);
INSERT INTO invoice_lines (invoice_line_id, invoice_id, sku, quantity_sold, unit_price_uah) VALUES (30, 14, 'MITS-HE-8000', 3, 46984.93);
INSERT INTO invoice_lines (invoice_line_id, invoice_id, sku, quantity_sold, unit_price_uah) VALUES (31, 14, 'CARRIER-EE-3500', 8, 30814.09);
INSERT INTO invoices (invoice_id, customer_id, invoice_date, total_amount) VALUES (15, 15, '2024-02-02', 27426.64);
INSERT INTO invoice_lines (invoice_line_id, invoice_id, sku, quantity_sold, unit_price_uah) VALUES (32, 15, 'BOSCH-CM-1800', 2, 13713.32);
INSERT INTO invoices (invoice_id, customer_id, invoice_date, total_amount) VALUES (16, 5, '2024-02-03', 1022382.24);
INSERT INTO invoice_lines (invoice_line_id, invoice_id, sku, quantity_sold, unit_price_uah) VALUES (33, 16, 'MITS-SM-7000', 8, 39599.76);
INSERT INTO invoice_lines (invoice_line_id, invoice_id, sku, quantity_sold, unit_price_uah) VALUES (34, 16, 'BOSCH-HD-20K', 8, 88198.02);
INSERT INTO invoices (invoice_id, customer_id, invoice_date, total_amount) VALUES (17, 6, '2024-02-04', 123253.32);
INSERT INTO invoice_lines (invoice_line_id, invoice_id, sku, quantity_sold, unit_price_uah) VALUES (35, 17, 'MITS-CM-1500', 5, 13352.30);
INSERT INTO invoice_lines (invoice_line_id, invoice_id, sku, quantity_sold, unit_price_uah) VALUES (36, 17, 'MITS-HE-5000', 2, 28245.91);
INSERT INTO invoices (invoice_id, customer_id, invoice_date, total_amount) VALUES (18, 14, '2024-02-04', 178508.19);
INSERT INTO invoice_lines (invoice_line_id, invoice_id, sku, quantity_sold, unit_price_uah) VALUES (37, 18, 'PG-TH-4000', 2, 23780.37);
INSERT INTO invoice_lines (invoice_line_id, invoice_id, sku, quantity_sold, unit_price_uah) VALUES (38, 18, 'CARRIER-CH-4500', 5, 26189.49);
INSERT INTO invoices (invoice_id, customer_id, invoice_date, total_amount) VALUES (19, 11, '2024-02-05', 6417.15);
INSERT INTO invoice_lines (invoice_line_id, invoice_id, sku, quantity_sold, unit_price_uah) VALUES (39, 19, 'HW-BS-1500', 1, 6417.15);

INSERT INTO invoices (invoice_id, customer_id, invoice_date, total_amount) VALUES (20, 12, '2024-02-05', 186930.03);
INSERT INTO invoice_lines (invoice_line_id, invoice_id, sku, quantity_sold, unit_price_uah) VALUES (40, 20, 'HW-BS-2500', 1, 12649.47);
INSERT INTO invoice_lines (invoice_line_id, invoice_id, sku, quantity_sold, unit_price_uah) VALUES (41, 20, 'CARRIER-HP-12K', 3, 58093.52);
INSERT INTO invoices (invoice_id, customer_id, invoice_date, total_amount) VALUES (21, 3, '2024-02-07', 657297.45);
INSERT INTO invoice_lines (invoice_line_id, invoice_id, sku, quantity_sold, unit_price_uah) VALUES (42, 21, 'MITS-HE-8000', 3, 43288.75);
INSERT INTO invoice_lines (invoice_line_id, invoice_id, sku, quantity_sold, unit_price_uah) VALUES (43, 21, 'CARRIER-SM-9000', 10, 52743.12);
INSERT INTO invoices (invoice_id, customer_id, invoice_date, total_amount) VALUES (22, 2, '2024-02-08', 398667.08);
INSERT INTO invoice_lines (invoice_line_id, invoice_id, sku, quantity_sold, unit_price_uah) VALUES (44, 22, 'MITS-EE-4000', 2, 30502.14);
INSERT INTO invoice_lines (invoice_line_id, invoice_id, sku, quantity_sold, unit_price_uah) VALUES (45, 22, 'PG-ST-2000', 10, 11299.92);
INSERT INTO invoice_lines (invoice_line_id, invoice_id, sku, quantity_sold, unit_price_uah) VALUES (46, 22, 'CARRIER-EE-3500', 8, 28082.95);
INSERT INTO invoices (invoice_id, customer_id, invoice_date, total_amount) VALUES (23, 15, '2024-02-09', 286210.20);
INSERT INTO invoice_lines (invoice_line_id, invoice_id, sku, quantity_sold, unit_price_uah) VALUES (47, 23, 'CARRIER-SM-9000', 5, 57242.04);
INSERT INTO invoices (invoice_id, customer_id, invoice_date, total_amount) VALUES (24, 14, '2024-02-10', 223492.00);
INSERT INTO invoice_lines (invoice_line_id, invoice_id, sku, quantity_sold, unit_price_uah) VALUES (48, 24, 'PG-TH-3000', 3, 19626.11);
INSERT INTO invoice_lines (invoice_line_id, invoice_id, sku, quantity_sold, unit_price_uah) VALUES (49, 24, 'BOSCH-IH-7500', 2, 40806.80);
INSERT INTO invoice_lines (invoice_line_id, invoice_id, sku, quantity_sold, unit_price_uah) VALUES (50, 24, 'CARRIER-EE-3500', 3, 27666.69);
INSERT INTO invoices (invoice_id, customer_id, invoice_date, total_amount) VALUES (25, 11, '2024-02-11', 106216.42);
INSERT INTO invoice_lines (invoice_line_id, invoice_id, sku, quantity_sold, unit_price_uah) VALUES (51, 25, 'BOSCH-IP-15K', 1, 78053.68);
INSERT INTO invoice_lines (invoice_line_id, invoice_id, sku, quantity_sold, unit_price_uah) VALUES (52, 25, 'BOSCH-IH-5000', 1, 28162.74);
INSERT INTO invoices (invoice_id, customer_id, invoice_date, total_amount) VALUES (26, 9, '2024-02-13', 8332.66);
INSERT INTO invoice_lines (invoice_line_id, invoice_id, sku, quantity_sold, unit_price_uah) VALUES (53, 26, 'HW-BS-1500', 1, 8332.66);
INSERT INTO invoices (invoice_id, customer_id, invoice_date, total_amount) VALUES (27, 9, '2024-02-13', 551901.28);
INSERT INTO invoice_lines (invoice_line_id, invoice_id, sku, quantity_sold, unit_price_uah) VALUES (54, 27, 'CARRIER-SM-9000', 10, 52700.65);
INSERT INTO invoice_lines (invoice_line_id, invoice_id, sku, quantity_sold, unit_price_uah) VALUES (55, 27, 'HW-EC-5000', 1, 24894.78);
INSERT INTO invoices (invoice_id, customer_id, invoice_date, total_amount) VALUES (28, 15, '2024-02-16', 49785.42);
INSERT INTO invoice_lines (invoice_line_id, invoice_id, sku, quantity_sold, unit_price_uah) VALUES (56, 28, 'MITS-HE-2500', 3, 16595.14);
INSERT INTO invoices (invoice_id, customer_id, invoice_date, total_amount) VALUES (29, 12, '2024-02-18', 121606.64);
INSERT INTO invoice_lines (invoice_line_id, invoice_id, sku, quantity_sold, unit_price_uah) VALUES (57, 29, 'HW-EC-3500', 8, 15200.83);
INSERT INTO invoices (invoice_id, customer_id, invoice_date, total_amount) VALUES (30, 9, '2024-02-19', 31801.20);
INSERT INTO invoice_lines (invoice_line_id, invoice_id, sku, quantity_sold, unit_price_uah) VALUES (58, 30, 'HW-EC-2000', 3, 10600.40);
INSERT INTO invoices (invoice_id, customer_id, invoice_date, total_amount) VALUES (31, 2, '2024-02-20', 455719.79);
INSERT INTO invoice_lines (invoice_line_id, invoice_id, sku, quantity_sold, unit_price_uah) VALUES (59, 31, 'BOSCH-CM-1800', 3, 14566.48);
INSERT INTO invoice_lines (invoice_line_id, invoice_id, sku, quantity_sold, unit_price_uah) VALUES (60, 31, 'CARRIER-HD-18K', 5, 82404.07);
INSERT INTO invoices (invoice_id, customer_id, invoice_date, total_amount) VALUES (32, 3, '2024-02-22', 162911.43);
INSERT INTO invoice_lines (invoice_line_id, invoice_id, sku, quantity_sold, unit_price_uah) VALUES (61, 32, 'PG-TH-4000', 3, 22061.39);
INSERT INTO invoice_lines (invoice_line_id, invoice_id, sku, quantity_sold, unit_price_uah) VALUES (62, 32, 'MITS-HE-8000', 2, 48363.63);
INSERT INTO invoices (invoice_id, customer_id, invoice_date, total_amount) VALUES (33, 6, '2024-02-24', 102113.76);
INSERT INTO invoice_lines (invoice_line_id, invoice_id, sku, quantity_sold, unit_price_uah) VALUES (63, 33, 'HW-BS-2500', 2, 9638.75);
INSERT INTO invoice_lines (invoice_line_id, invoice_id, sku, quantity_sold, unit_price_uah) VALUES (64, 33, 'CARRIER-CH-3000', 2, 19341.83);
INSERT INTO invoice_lines (invoice_line_id, invoice_id, sku, quantity_sold, unit_price_uah) VALUES (65, 33, 'HW-EC-2000', 5, 8830.52);
INSERT INTO invoices (invoice_id, customer_id, invoice_date, total_amount) VALUES (34, 4, '2024-02-24', 217279.70);
INSERT INTO invoice_lines (invoice_line_id, invoice_id, sku, quantity_sold, unit_price_uah) VALUES (66, 34, 'CARRIER-CH-3000', 10, 21727.97);
INSERT INTO invoices (invoice_id, customer_id, invoice_date, total_amount) VALUES (35, 14, '2024-02-24', 206317.28);
INSERT INTO invoice_lines (invoice_line_id, invoice_id, sku, quantity_sold, unit_price_uah) VALUES (67, 35, 'PG-TH-3000', 3, 17960.78);
INSERT INTO invoice_lines (invoice_line_id, invoice_id, sku, quantity_sold, unit_price_uah) VALUES (68, 35, 'BOSCH-CM-1800', 8, 12592.73);
INSERT INTO invoice_lines (invoice_line_id, invoice_id, sku, quantity_sold, unit_price_uah) VALUES (69, 35, 'HW-BS-2500', 5, 10338.62);
INSERT INTO invoices (invoice_id, customer_id, invoice_date, total_amount) VALUES (36, 9, '2024-02-24', 244791.40);
INSERT INTO invoice_lines (invoice_line_id, invoice_id, sku, quantity_sold, unit_price_uah) VALUES (70, 36, 'BOSCH-SM-8000', 5, 48958.28);
INSERT INTO invoices (invoice_id, customer_id, invoice_date, total_amount) VALUES (37, 9, '2024-02-26', 142982.84);
INSERT INTO invoice_lines (invoice_line_id, invoice_id, sku, quantity_sold, unit_price_uah) VALUES (71, 37, 'BOSCH-IP-15K', 2, 71491.42);
INSERT INTO invoices (invoice_id, customer_id, invoice_date, total_amount) VALUES (38, 1, '2024-02-29', 260280.50);
INSERT INTO invoice_lines (invoice_line_id, invoice_id, sku, quantity_sold, unit_price_uah) VALUES (72, 38, 'BOSCH-IH-5000', 10, 26028.05);
INSERT INTO invoices (invoice_id, customer_id, invoice_date, total_amount) VALUES (39, 13, '2024-03-02', 35704.46);
INSERT INTO invoice_lines (invoice_line_id, invoice_id, sku, quantity_sold, unit_price_uah) VALUES (73, 39, 'BOSCH-IH-7500', 1, 35704.46);

INSERT INTO invoices (invoice_id, customer_id, invoice_date, total_amount) VALUES (40, 2, '2024-03-02', 212441.55);
INSERT INTO invoice_lines (invoice_line_id, invoice_id, sku, quantity_sold, unit_price_uah) VALUES (74, 40, 'CARRIER-CH-3000', 10, 17933.32);
INSERT INTO invoice_lines (invoice_line_id, invoice_id, sku, quantity_sold, unit_price_uah) VALUES (75, 40, 'HW-BS-1500', 5, 6621.67);
INSERT INTO invoices (invoice_id, customer_id, invoice_date, total_amount) VALUES (41, 12, '2024-03-04', 784144.48);
INSERT INTO invoice_lines (invoice_line_id, invoice_id, sku, quantity_sold, unit_price_uah) VALUES (76, 41, 'BOSCH-HD-20K', 8, 98018.06);
INSERT INTO invoices (invoice_id, customer_id, invoice_date, total_amount) VALUES (42, 15, '2024-03-04', 443389.32);
INSERT INTO invoice_lines (invoice_line_id, invoice_id, sku, quantity_sold, unit_price_uah) VALUES (77, 42, 'PG-TH-4000', 5, 22110.42);
INSERT INTO invoice_lines (invoice_line_id, invoice_id, sku, quantity_sold, unit_price_uah) VALUES (78, 42, 'CARRIER-CH-4500', 8, 25847.84);
INSERT INTO invoice_lines (invoice_line_id, invoice_id, sku, quantity_sold, unit_price_uah) VALUES (79, 42, 'PG-ST-2000', 10, 12605.45);
INSERT INTO invoices (invoice_id, customer_id, invoice_date, total_amount) VALUES (43, 6, '2024-03-05', 368422.14);
INSERT INTO invoice_lines (invoice_line_id, invoice_id, sku, quantity_sold, unit_price_uah) VALUES (80, 43, 'HW-BS-2500', 2, 13106.26);
INSERT INTO invoice_lines (invoice_line_id, invoice_id, sku, quantity_sold, unit_price_uah) VALUES (81, 43, 'BOSCH-HD-20K', 2, 95853.06);
INSERT INTO invoice_lines (invoice_line_id, invoice_id, sku, quantity_sold, unit_price_uah) VALUES (82, 43, 'MITS-HE-5000', 5, 30100.70);
INSERT INTO invoices (invoice_id, customer_id, invoice_date, total_amount) VALUES (44, 1, '2024-03-06', 116543.56);
INSERT INTO invoice_lines (invoice_line_id, invoice_id, sku, quantity_sold, unit_price_uah) VALUES (83, 44, 'HW-BS-2500', 8, 13172.07);
INSERT INTO invoice_lines (invoice_line_id, invoice_id, sku, quantity_sold, unit_price_uah) VALUES (84, 44, 'HW-EC-2000', 1, 11167.00);
INSERT INTO invoices (invoice_id, customer_id, invoice_date, total_amount) VALUES (45, 14, '2024-03-06', 85232.10);
INSERT INTO invoice_lines (invoice_line_id, invoice_id, sku, quantity_sold, unit_price_uah) VALUES (85, 45, 'MITS-EE-4000', 3, 28410.70);
INSERT INTO invoices (invoice_id, customer_id, invoice_date, total_amount) VALUES (46, 6, '2024-03-09', 182096.60);
INSERT INTO invoice_lines (invoice_line_id, invoice_id, sku, quantity_sold, unit_price_uah) VALUES (86, 46, 'BOSCH-IH-5000', 5, 24749.91);
INSERT INTO invoice_lines (invoice_line_id, invoice_id, sku, quantity_sold, unit_price_uah) VALUES (87, 46, 'MITS-CM-1500', 5, 11669.41);
INSERT INTO invoices (invoice_id, customer_id, invoice_date, total_amount) VALUES (47, 3, '2024-03-11', 95602.25);
INSERT INTO invoice_lines (invoice_line_id, invoice_id, sku, quantity_sold, unit_price_uah) VALUES (88, 47, 'CARRIER-CH-3000', 5, 19120.45);
INSERT INTO invoices (invoice_id, customer_id, invoice_date, total_amount) VALUES (48, 2, '2024-03-13', 791132.98);
INSERT INTO invoice_lines (invoice_line_id, invoice_id, sku, quantity_sold, unit_price_uah) VALUES (89, 48, 'PG-TH-4000', 2, 25396.42);
INSERT INTO invoice_lines (invoice_line_id, invoice_id, sku, quantity_sold, unit_price_uah) VALUES (90, 48, 'MITS-HE-8000', 10, 43808.27);
INSERT INTO invoice_lines (invoice_line_id, invoice_id, sku, quantity_sold, unit_price_uah) VALUES (91, 48, 'CARRIER-CH-6000', 8, 37782.18);
INSERT INTO invoices (invoice_id, customer_id, invoice_date, total_amount) VALUES (49, 14, '2024-03-13', 84208.80);
INSERT INTO invoice_lines (invoice_line_id, invoice_id, sku, quantity_sold, unit_price_uah) VALUES (92, 49, 'HW-BS-1500', 10, 8420.88);
INSERT INTO invoices (invoice_id, customer_id, invoice_date, total_amount) VALUES (50, 14, '2024-03-13', 374434.80);
INSERT INTO invoice_lines (invoice_line_id, invoice_id, sku, quantity_sold, unit_price_uah) VALUES (93, 50, 'BOSCH-SM-8000', 8, 46804.35);
INSERT INTO invoices (invoice_id, customer_id, invoice_date, total_amount) VALUES (51, 4, '2024-03-14', 514083.58);
INSERT INTO invoice_lines (invoice_line_id, invoice_id, sku, quantity_sold, unit_price_uah) VALUES (94, 51, 'CARRIER-CH-4500', 8, 24577.84);
INSERT INTO invoice_lines (invoice_line_id, invoice_id, sku, quantity_sold, unit_price_uah) VALUES (95, 51, 'HW-EC-2000', 10, 9373.99);
INSERT INTO invoice_lines (invoice_line_id, invoice_id, sku, quantity_sold, unit_price_uah) VALUES (96, 51, 'MITS-HE-5000', 8, 27965.12);
INSERT INTO invoices (invoice_id, customer_id, invoice_date, total_amount) VALUES (52, 2, '2024-03-15', 401456.60);
INSERT INTO invoice_lines (invoice_line_id, invoice_id, sku, quantity_sold, unit_price_uah) VALUES (97, 52, 'CARRIER-EE-3500', 5, 25176.82);
INSERT INTO invoice_lines (invoice_line_id, invoice_id, sku, quantity_sold, unit_price_uah) VALUES (98, 52, 'HW-BS-2500', 10, 13323.21);
INSERT INTO invoice_lines (invoice_line_id, invoice_id, sku, quantity_sold, unit_price_uah) VALUES (99, 52, 'CARRIER-CH-4500', 5, 28468.08);
INSERT INTO invoices (invoice_id, customer_id, invoice_date, total_amount) VALUES (53, 3, '2024-03-19', 208113.58);
INSERT INTO invoice_lines (invoice_line_id, invoice_id, sku, quantity_sold, unit_price_uah) VALUES (100, 53, 'HW-EC-3500', 1, 16426.03);
INSERT INTO invoice_lines (invoice_line_id, invoice_id, sku, quantity_sold, unit_price_uah) VALUES (101, 53, 'BOSCH-IH-7500', 5, 38337.51);
INSERT INTO invoices (invoice_id, customer_id, invoice_date, total_amount) VALUES (54, 12, '2024-03-21', 13102.18);
INSERT INTO invoice_lines (invoice_line_id, invoice_id, sku, quantity_sold, unit_price_uah) VALUES (102, 54, 'HW-BS-1500', 2, 6551.09);
INSERT INTO invoices (invoice_id, customer_id, invoice_date, total_amount) VALUES (55, 3, '2024-03-22', 254870.80);
INSERT INTO invoice_lines (invoice_line_id, invoice_id, sku, quantity_sold, unit_price_uah) VALUES (103, 55, 'CARRIER-CH-3000', 2, 19745.75);
INSERT INTO invoice_lines (invoice_line_id, invoice_id, sku, quantity_sold, unit_price_uah) VALUES (104, 55, 'CARRIER-EE-3500', 5, 26310.29);
INSERT INTO invoice_lines (invoice_line_id, invoice_id, sku, quantity_sold, unit_price_uah) VALUES (105, 55, 'PG-TH-3000', 5, 16765.57);
INSERT INTO invoices (invoice_id, customer_id, invoice_date, total_amount) VALUES (56, 7, '2024-03-22', 133989.10);
INSERT INTO invoice_lines (invoice_line_id, invoice_id, sku, quantity_sold, unit_price_uah) VALUES (106, 56, 'CARRIER-CH-4500', 5, 26797.82);
INSERT INTO invoices (invoice_id, customer_id, invoice_date, total_amount) VALUES (57, 14, '2024-03-23', 189903.95);
INSERT INTO invoice_lines (invoice_line_id, invoice_id, sku, quantity_sold, unit_price_uah) VALUES (107, 57, 'CARRIER-SM-9000', 2, 48755.80);
INSERT INTO invoice_lines (invoice_line_id, invoice_id, sku, quantity_sold, unit_price_uah) VALUES (108, 57, 'BOSCH-IP-15K', 1, 76351.53);
INSERT INTO invoice_lines (invoice_line_id, invoice_id, sku, quantity_sold, unit_price_uah) VALUES (109, 57, 'MITS-HE-2500', 1, 16040.82);
INSERT INTO invoices (invoice_id, customer_id, invoice_date, total_amount) VALUES (58, 8, '2024-03-23', 135013.04);
INSERT INTO invoice_lines (invoice_line_id, invoice_id, sku, quantity_sold, unit_price_uah) VALUES (110, 58, 'MITS-HE-2500', 8, 16876.63);
INSERT INTO invoices (invoice_id, customer_id, invoice_date, total_amount) VALUES (59, 9, '2024-03-24', 893469.54);
INSERT INTO invoice_lines (invoice_line_id, invoice_id, sku, quantity_sold, unit_price_uah) VALUES (111, 59, 'CARRIER-HP-12K', 2, 61622.09);
INSERT INTO invoice_lines (invoice_line_id, invoice_id, sku, quantity_sold, unit_price_uah) VALUES (112, 59, 'BOSCH-HD-20K', 8, 96278.17);

INSERT INTO invoices (invoice_id, customer_id, invoice_date, total_amount) VALUES (60, 5, '2024-03-26', 64075.63);
INSERT INTO invoice_lines (invoice_line_id, invoice_id, sku, quantity_sold, unit_price_uah) VALUES (113, 60, 'CARRIER-HP-12K', 1, 64075.63);
INSERT INTO invoices (invoice_id, customer_id, invoice_date, total_amount) VALUES (61, 4, '2024-03-31', 1119408.94);
INSERT INTO invoice_lines (invoice_line_id, invoice_id, sku, quantity_sold, unit_price_uah) VALUES (114, 61, 'BOSCH-IH-5000', 10, 29592.38);
INSERT INTO invoice_lines (invoice_line_id, invoice_id, sku, quantity_sold, unit_price_uah) VALUES (115, 61, 'BOSCH-IP-15K', 10, 79076.24);
INSERT INTO invoice_lines (invoice_line_id, invoice_id, sku, quantity_sold, unit_price_uah) VALUES (116, 61, 'MITS-HE-2500', 2, 16361.37);
INSERT INTO invoices (invoice_id, customer_id, invoice_date, total_amount) VALUES (62, 14, '2024-04-05', 176458.06);
INSERT INTO invoice_lines (invoice_line_id, invoice_id, sku, quantity_sold, unit_price_uah) VALUES (117, 62, 'MITS-HE-2500', 1, 16027.54);
INSERT INTO invoice_lines (invoice_line_id, invoice_id, sku, quantity_sold, unit_price_uah) VALUES (118, 62, 'PG-TH-3000', 1, 17086.56);
INSERT INTO invoice_lines (invoice_line_id, invoice_id, sku, quantity_sold, unit_price_uah) VALUES (119, 62, 'BOSCH-IP-15K', 2, 71671.98);
INSERT INTO invoices (invoice_id, customer_id, invoice_date, total_amount) VALUES (63, 8, '2024-04-06', 203779.10);
INSERT INTO invoice_lines (invoice_line_id, invoice_id, sku, quantity_sold, unit_price_uah) VALUES (120, 63, 'MITS-SM-7000', 5, 40755.82);
INSERT INTO invoices (invoice_id, customer_id, invoice_date, total_amount) VALUES (64, 14, '2024-04-06', 641277.73);
INSERT INTO invoice_lines (invoice_line_id, invoice_id, sku, quantity_sold, unit_price_uah) VALUES (121, 64, 'BOSCH-IH-7500', 10, 39305.94);
INSERT INTO invoice_lines (invoice_line_id, invoice_id, sku, quantity_sold, unit_price_uah) VALUES (122, 64, 'CARRIER-CH-3000', 10, 20506.68);
INSERT INTO invoice_lines (invoice_line_id, invoice_id, sku, quantity_sold, unit_price_uah) VALUES (123, 64, 'MITS-SM-7000', 1, 43151.53);
INSERT INTO invoices (invoice_id, customer_id, invoice_date, total_amount) VALUES (65, 14, '2024-04-07', 950615.30);
INSERT INTO invoice_lines (invoice_line_id, invoice_id, sku, quantity_sold, unit_price_uah) VALUES (124, 65, 'CARRIER-HD-18K', 10, 80576.26);
INSERT INTO invoice_lines (invoice_line_id, invoice_id, sku, quantity_sold, unit_price_uah) VALUES (125, 65, 'BOSCH-IH-5000', 5, 28970.54);
INSERT INTO invoices (invoice_id, customer_id, invoice_date, total_amount) VALUES (66, 9, '2024-04-10', 179182.92);
INSERT INTO invoice_lines (invoice_line_id, invoice_id, sku, quantity_sold, unit_price_uah) VALUES (126, 66, 'CARRIER-HP-12K', 3, 59727.64);
INSERT INTO invoices (invoice_id, customer_id, invoice_date, total_amount) VALUES (67, 6, '2024-04-12', 831576.45);
INSERT INTO invoice_lines (invoice_line_id, invoice_id, sku, quantity_sold, unit_price_uah) VALUES (127, 67, 'MITS-EE-4000', 5, 33020.55);
INSERT INTO invoice_lines (invoice_line_id, invoice_id, sku, quantity_sold, unit_price_uah) VALUES (128, 67, 'BOSCH-IP-15K', 8, 76673.88);
INSERT INTO invoice_lines (invoice_line_id, invoice_id, sku, quantity_sold, unit_price_uah) VALUES (129, 67, 'BOSCH-IH-5000', 2, 26541.33);
INSERT INTO invoices (invoice_id, customer_id, invoice_date, total_amount) VALUES (68, 8, '2024-04-14', 45309.50);
INSERT INTO invoice_lines (invoice_line_id, invoice_id, sku, quantity_sold, unit_price_uah) VALUES (130, 68, 'BOSCH-SM-8000', 1, 45309.50);
INSERT INTO invoices (invoice_id, customer_id, invoice_date, total_amount) VALUES (69, 9, '2024-04-15', 276246.40);
INSERT INTO invoice_lines (invoice_line_id, invoice_id, sku, quantity_sold, unit_price_uah) VALUES (131, 69, 'BOSCH-SM-8000', 2, 45396.44);
INSERT INTO invoice_lines (invoice_line_id, invoice_id, sku, quantity_sold, unit_price_uah) VALUES (132, 69, 'MITS-CM-1500', 3, 10255.88);
INSERT INTO invoice_lines (invoice_line_id, invoice_id, sku, quantity_sold, unit_price_uah) VALUES (133, 69, 'BOSCH-IP-15K', 2, 77342.94);
INSERT INTO invoices (invoice_id, customer_id, invoice_date, total_amount) VALUES (70, 10, '2024-04-15', 459171.89);
INSERT INTO invoice_lines (invoice_line_id, invoice_id, sku, quantity_sold, unit_price_uah) VALUES (134, 70, 'HW-BS-2500', 3, 11473.19);
INSERT INTO invoice_lines (invoice_line_id, invoice_id, sku, quantity_sold, unit_price_uah) VALUES (135, 70, 'CARRIER-SM-9000', 8, 53094.04);
INSERT INTO invoices (invoice_id, customer_id, invoice_date, total_amount) VALUES (71, 4, '2024-04-17', 650042.19);
INSERT INTO invoice_lines (invoice_line_id, invoice_id, sku, quantity_sold, unit_price_uah) VALUES (136, 71, 'CARRIER-EE-3500', 10, 27983.50);
INSERT INTO invoice_lines (invoice_line_id, invoice_id, sku, quantity_sold, unit_price_uah) VALUES (137, 71, 'CARRIER-CH-3000', 5, 21059.14);
INSERT INTO invoice_lines (invoice_line_id, invoice_id, sku, quantity_sold, unit_price_uah) VALUES (138, 71, 'CARRIER-HD-18K', 3, 88303.83);
INSERT INTO invoices (invoice_id, customer_id, invoice_date, total_amount) VALUES (72, 5, '2024-04-17', 149781.34);
INSERT INTO invoice_lines (invoice_line_id, invoice_id, sku, quantity_sold, unit_price_uah) VALUES (139, 72, 'PG-TH-3000', 5, 18451.00);
INSERT INTO invoice_lines (invoice_line_id, invoice_id, sku, quantity_sold, unit_price_uah) VALUES (140, 72, 'CARRIER-EE-3500', 2, 28763.17);
INSERT INTO invoices (invoice_id, customer_id, invoice_date, total_amount) VALUES (73, 11, '2024-04-18', 249398.96);
INSERT INTO invoice_lines (invoice_line_id, invoice_id, sku, quantity_sold, unit_price_uah) VALUES (141, 73, 'PG-TH-3000', 3, 17146.65);
INSERT INTO invoice_lines (invoice_line_id, invoice_id, sku, quantity_sold, unit_price_uah) VALUES (142, 73, 'BOSCH-IH-5000', 1, 29105.65);
INSERT INTO invoice_lines (invoice_line_id, invoice_id, sku, quantity_sold, unit_price_uah) VALUES (143, 73, 'PG-TH-4000', 8, 21106.67);
INSERT INTO invoices (invoice_id, customer_id, invoice_date, total_amount) VALUES (74, 15, '2024-04-18', 87020.17);
INSERT INTO invoice_lines (invoice_line_id, invoice_id, sku, quantity_sold, unit_price_uah) VALUES (144, 74, 'PG-ST-2000', 3, 11814.76);
INSERT INTO invoice_lines (invoice_line_id, invoice_id, sku, quantity_sold, unit_price_uah) VALUES (145, 74, 'BOSCH-IH-10K', 1, 51575.89);
INSERT INTO invoices (invoice_id, customer_id, invoice_date, total_amount) VALUES (75, 12, '2024-04-20', 804229.20);
INSERT INTO invoice_lines (invoice_line_id, invoice_id, sku, quantity_sold, unit_price_uah) VALUES (146, 75, 'CARRIER-CH-6000', 1, 34661.21);
INSERT INTO invoice_lines (invoice_line_id, invoice_id, sku, quantity_sold, unit_price_uah) VALUES (147, 75, 'BOSCH-HD-20K', 8, 88355.28);
INSERT INTO invoice_lines (invoice_line_id, invoice_id, sku, quantity_sold, unit_price_uah) VALUES (148, 75, 'HW-BS-2500', 5, 12545.15);
INSERT INTO invoices (invoice_id, customer_id, invoice_date, total_amount) VALUES (76, 4, '2024-04-22', 98295.80);
INSERT INTO invoice_lines (invoice_line_id, invoice_id, sku, quantity_sold, unit_price_uah) VALUES (149, 76, 'PG-TH-3000', 5, 19659.16);
INSERT INTO invoices (invoice_id, customer_id, invoice_date, total_amount) VALUES (77, 14, '2024-04-22', 159892.83);
INSERT INTO invoice_lines (invoice_line_id, invoice_id, sku, quantity_sold, unit_price_uah) VALUES (150, 77, 'CARRIER-SM-9000', 3, 47224.97);
INSERT INTO invoice_lines (invoice_line_id, invoice_id, sku, quantity_sold, unit_price_uah) VALUES (151, 77, 'HW-BS-1500', 3, 6072.64);
INSERT INTO invoices (invoice_id, customer_id, invoice_date, total_amount) VALUES (78, 12, '2024-04-24', 28691.38);
INSERT INTO invoice_lines (invoice_line_id, invoice_id, sku, quantity_sold, unit_price_uah) VALUES (152, 78, 'MITS-HE-2500', 2, 14345.69);
INSERT INTO invoices (invoice_id, customer_id, invoice_date, total_amount) VALUES (79, 6, '2024-04-25', 109443.91);
INSERT INTO invoice_lines (invoice_line_id, invoice_id, sku, quantity_sold, unit_price_uah) VALUES (153, 79, 'MITS-EE-4000', 1, 28660.10);
INSERT INTO invoice_lines (invoice_line_id, invoice_id, sku, quantity_sold, unit_price_uah) VALUES (154, 79, 'CARRIER-SM-9000', 1, 52916.29);
INSERT INTO invoice_lines (invoice_line_id, invoice_id, sku, quantity_sold, unit_price_uah) VALUES (155, 79, 'HW-BS-2500', 2, 13933.76);

INSERT INTO invoices (invoice_id, customer_id, invoice_date, total_amount) VALUES (80, 2, '2024-04-25', 134761.60);
INSERT INTO invoice_lines (invoice_line_id, invoice_id, sku, quantity_sold, unit_price_uah) VALUES (156, 80, 'CARRIER-CH-4500', 5, 26952.32);
INSERT INTO invoices (invoice_id, customer_id, invoice_date, total_amount) VALUES (81, 3, '2024-04-26', 103010.01);
INSERT INTO invoice_lines (invoice_line_id, invoice_id, sku, quantity_sold, unit_price_uah) VALUES (157, 81, 'PG-ST-2000', 2, 10890.19);
INSERT INTO invoice_lines (invoice_line_id, invoice_id, sku, quantity_sold, unit_price_uah) VALUES (158, 81, 'MITS-CM-1500', 3, 11639.99);
INSERT INTO invoice_lines (invoice_line_id, invoice_id, sku, quantity_sold, unit_price_uah) VALUES (159, 81, 'MITS-HE-8000', 1, 46309.66);
INSERT INTO invoices (invoice_id, customer_id, invoice_date, total_amount) VALUES (82, 14, '2024-04-28', 169067.62);
INSERT INTO invoice_lines (invoice_line_id, invoice_id, sku, quantity_sold, unit_price_uah) VALUES (160, 82, 'BOSCH-IH-5000', 1, 25988.58);
INSERT INTO invoice_lines (invoice_line_id, invoice_id, sku, quantity_sold, unit_price_uah) VALUES (161, 82, 'CARRIER-CH-3000', 8, 17884.88);
INSERT INTO invoices (invoice_id, customer_id, invoice_date, total_amount) VALUES (83, 6, '2024-04-29', 77175.91);
INSERT INTO invoice_lines (invoice_line_id, invoice_id, sku, quantity_sold, unit_price_uah) VALUES (162, 83, 'BOSCH-IH-5000', 1, 26809.31);
INSERT INTO invoice_lines (invoice_line_id, invoice_id, sku, quantity_sold, unit_price_uah) VALUES (163, 83, 'CARRIER-CH-4500', 2, 25183.30);
INSERT INTO invoices (invoice_id, customer_id, invoice_date, total_amount) VALUES (84, 5, '2024-05-01', 129502.62);
INSERT INTO invoice_lines (invoice_line_id, invoice_id, sku, quantity_sold, unit_price_uah) VALUES (164, 84, 'HW-EC-5000', 3, 20775.24);
INSERT INTO invoice_lines (invoice_line_id, invoice_id, sku, quantity_sold, unit_price_uah) VALUES (165, 84, 'CARRIER-CH-6000', 2, 33588.45);
INSERT INTO invoices (invoice_id, customer_id, invoice_date, total_amount) VALUES (85, 3, '2024-05-01', 33272.26);
INSERT INTO invoice_lines (invoice_line_id, invoice_id, sku, quantity_sold, unit_price_uah) VALUES (166, 85, 'PG-TH-3000', 2, 16636.13);
INSERT INTO invoices (invoice_id, customer_id, invoice_date, total_amount) VALUES (86, 15, '2024-05-01', 357863.05);
INSERT INTO invoice_lines (invoice_line_id, invoice_id, sku, quantity_sold, unit_price_uah) VALUES (167, 86, 'CARRIER-SM-9000', 3, 49279.43);
INSERT INTO invoice_lines (invoice_line_id, invoice_id, sku, quantity_sold, unit_price_uah) VALUES (168, 86, 'BOSCH-CM-1800', 8, 12791.07);
INSERT INTO invoice_lines (invoice_line_id, invoice_id, sku, quantity_sold, unit_price_uah) VALUES (169, 86, 'MITS-CM-1500', 10, 10769.62);
INSERT INTO invoices (invoice_id, customer_id, invoice_date, total_amount) VALUES (87, 14, '2024-05-02', 219317.90);
INSERT INTO invoice_lines (invoice_line_id, invoice_id, sku, quantity_sold, unit_price_uah) VALUES (170, 87, 'HW-EC-5000', 10, 21931.79);
INSERT INTO invoices (invoice_id, customer_id, invoice_date, total_amount) VALUES (88, 6, '2024-05-02', 75975.00);
INSERT INTO invoice_lines (invoice_line_id, invoice_id, sku, quantity_sold, unit_price_uah) VALUES (171, 88, 'HW-EC-3500', 5, 15195.00);
INSERT INTO invoices (invoice_id, customer_id, invoice_date, total_amount) VALUES (89, 6, '2024-05-03', 53115.86);
INSERT INTO invoice_lines (invoice_line_id, invoice_id, sku, quantity_sold, unit_price_uah) VALUES (172, 89, 'BOSCH-SM-8000', 1, 53115.86);
INSERT INTO invoices (invoice_id, customer_id, invoice_date, total_amount) VALUES (90, 11, '2024-05-04', 27069.86);
INSERT INTO invoice_lines (invoice_line_id, invoice_id, sku, quantity_sold, unit_price_uah) VALUES (173, 90, 'BOSCH-CM-1800', 2, 13534.93);
INSERT INTO invoices (invoice_id, customer_id, invoice_date, total_amount) VALUES (91, 5, '2024-05-04', 17255.57);
INSERT INTO invoice_lines (invoice_line_id, invoice_id, sku, quantity_sold, unit_price_uah) VALUES (174, 91, 'HW-EC-3500', 1, 17255.57);
INSERT INTO invoices (invoice_id, customer_id, invoice_date, total_amount) VALUES (92, 14, '2024-05-04', 127820.73);
INSERT INTO invoice_lines (invoice_line_id, invoice_id, sku, quantity_sold, unit_price_uah) VALUES (175, 92, 'MITS-SM-7000', 3, 42606.91);
INSERT INTO invoices (invoice_id, customer_id, invoice_date, total_amount) VALUES (93, 14, '2024-05-05', 122610.64);
INSERT INTO invoice_lines (invoice_line_id, invoice_id, sku, quantity_sold, unit_price_uah) VALUES (176, 93, 'HW-EC-2000', 5, 10862.49);
INSERT INTO invoice_lines (invoice_line_id, invoice_id, sku, quantity_sold, unit_price_uah) VALUES (177, 93, 'CARRIER-CH-3000', 1, 19708.23);
INSERT INTO invoice_lines (invoice_line_id, invoice_id, sku, quantity_sold, unit_price_uah) VALUES (178, 93, 'CARRIER-CH-4500', 2, 24294.98);
INSERT INTO invoices (invoice_id, customer_id, invoice_date, total_amount) VALUES (94, 4, '2024-05-05', 234518.89);
INSERT INTO invoice_lines (invoice_line_id, invoice_id, sku, quantity_sold, unit_price_uah) VALUES (179, 94, 'CARRIER-CH-6000', 2, 33976.22);
INSERT INTO invoice_lines (invoice_line_id, invoice_id, sku, quantity_sold, unit_price_uah) VALUES (180, 94, 'CARRIER-EE-3500', 3, 27402.60);
INSERT INTO invoice_lines (invoice_line_id, invoice_id, sku, quantity_sold, unit_price_uah) VALUES (181, 94, 'BOSCH-IH-5000', 3, 28119.55);
INSERT INTO invoices (invoice_id, customer_id, invoice_date, total_amount) VALUES (95, 4, '2024-05-06', 428100.48);
INSERT INTO invoice_lines (invoice_line_id, invoice_id, sku, quantity_sold, unit_price_uah) VALUES (182, 95, 'BOSCH-SM-8000', 8, 53512.56);
INSERT INTO invoices (invoice_id, customer_id, invoice_date, total_amount) VALUES (96, 14, '2024-05-08', 477302.68);
INSERT INTO invoice_lines (invoice_line_id, invoice_id, sku, quantity_sold, unit_price_uah) VALUES (183, 96, 'CARRIER-SM-9000', 3, 49625.16);
INSERT INTO invoice_lines (invoice_line_id, invoice_id, sku, quantity_sold, unit_price_uah) VALUES (184, 96, 'MITS-HE-5000', 10, 32842.72);
INSERT INTO invoices (invoice_id, customer_id, invoice_date, total_amount) VALUES (97, 9, '2024-05-09', 194760.54);
INSERT INTO invoice_lines (invoice_line_id, invoice_id, sku, quantity_sold, unit_price_uah) VALUES (185, 97, 'CARRIER-SM-9000', 3, 47845.61);
INSERT INTO invoice_lines (invoice_line_id, invoice_id, sku, quantity_sold, unit_price_uah) VALUES (186, 97, 'MITS-HE-2500', 3, 17074.57);
INSERT INTO invoices (invoice_id, customer_id, invoice_date, total_amount) VALUES (98, 6, '2024-05-09', 105393.40);
INSERT INTO invoice_lines (invoice_line_id, invoice_id, sku, quantity_sold, unit_price_uah) VALUES (187, 98, 'CARRIER-EE-3500', 3, 30161.34);
INSERT INTO invoice_lines (invoice_line_id, invoice_id, sku, quantity_sold, unit_price_uah) VALUES (188, 98, 'BOSCH-CM-1800', 1, 14909.38);
INSERT INTO invoices (invoice_id, customer_id, invoice_date, total_amount) VALUES (99, 14, '2024-05-09', 122353.07);
INSERT INTO invoice_lines (invoice_line_id, invoice_id, sku, quantity_sold, unit_price_uah) VALUES (189, 99, 'PG-ST-2000', 5, 12709.31);
INSERT INTO invoice_lines (invoice_line_id, invoice_id, sku, quantity_sold, unit_price_uah) VALUES (190, 99, 'CARRIER-EE-3500', 2, 29403.26);

INSERT INTO invoices (invoice_id, customer_id, invoice_date, total_amount) VALUES (100, 11, '2024-05-10', 125252.76);
INSERT INTO invoice_lines (invoice_line_id, invoice_id, sku, quantity_sold, unit_price_uah) VALUES (191, 100, 'MITS-CM-1500', 1, 10461.08);
INSERT INTO invoice_lines (invoice_line_id, invoice_id, sku, quantity_sold, unit_price_uah) VALUES (192, 100, 'PG-TH-4000', 2, 22827.08);
INSERT INTO invoice_lines (invoice_line_id, invoice_id, sku, quantity_sold, unit_price_uah) VALUES (193, 100, 'HW-EC-2000', 8, 8642.19);
INSERT INTO invoices (invoice_id, customer_id, invoice_date, total_amount) VALUES (101, 8, '2024-05-11', 925875.47);
INSERT INTO invoice_lines (invoice_line_id, invoice_id, sku, quantity_sold, unit_price_uah) VALUES (194, 101, 'CARRIER-HD-18K', 8, 78396.14);
INSERT INTO invoice_lines (invoice_line_id, invoice_id, sku, quantity_sold, unit_price_uah) VALUES (195, 101, 'HW-EC-3500', 3, 15268.05);
INSERT INTO invoice_lines (invoice_line_id, invoice_id, sku, quantity_sold, unit_price_uah) VALUES (196, 101, 'CARRIER-SM-9000', 5, 50580.44);
INSERT INTO invoices (invoice_id, customer_id, invoice_date, total_amount) VALUES (102, 10, '2024-05-14', 302757.09);
INSERT INTO invoice_lines (invoice_line_id, invoice_id, sku, quantity_sold, unit_price_uah) VALUES (197, 102, 'BOSCH-CM-1800', 1, 13768.39);
INSERT INTO invoice_lines (invoice_line_id, invoice_id, sku, quantity_sold, unit_price_uah) VALUES (198, 102, 'MITS-HE-5000', 10, 28898.87);
INSERT INTO invoices (invoice_id, customer_id, invoice_date, total_amount) VALUES (103, 9, '2024-05-16', 515555.55);
INSERT INTO invoice_lines (invoice_line_id, invoice_id, sku, quantity_sold, unit_price_uah) VALUES (199, 103, 'MITS-HE-2500', 2, 16212.13);
INSERT INTO invoice_lines (invoice_line_id, invoice_id, sku, quantity_sold, unit_price_uah) VALUES (200, 103, 'BOSCH-IP-15K', 5, 71838.21);
INSERT INTO invoice_lines (invoice_line_id, invoice_id, sku, quantity_sold, unit_price_uah) VALUES (201, 103, 'HW-EC-3500', 8, 15492.53);
INSERT INTO invoices (invoice_id, customer_id, invoice_date, total_amount) VALUES (104, 7, '2024-05-19', 238481.45);
INSERT INTO invoice_lines (invoice_line_id, invoice_id, sku, quantity_sold, unit_price_uah) VALUES (202, 104, 'BOSCH-IH-10K', 1, 49960.70);
INSERT INTO invoice_lines (invoice_line_id, invoice_id, sku, quantity_sold, unit_price_uah) VALUES (203, 104, 'CARRIER-HP-12K', 3, 62840.25);
INSERT INTO invoices (invoice_id, customer_id, invoice_date, total_amount) VALUES (105, 15, '2024-05-24', 171648.57);
INSERT INTO invoice_lines (invoice_line_id, invoice_id, sku, quantity_sold, unit_price_uah) VALUES (204, 105, 'MITS-CM-1500', 2, 12312.03);
INSERT INTO invoice_lines (invoice_line_id, invoice_id, sku, quantity_sold, unit_price_uah) VALUES (205, 105, 'BOSCH-SM-8000', 3, 49008.17);
INSERT INTO invoices (invoice_id, customer_id, invoice_date, total_amount) VALUES (106, 11, '2024-05-31', 91105.77);
INSERT INTO invoice_lines (invoice_line_id, invoice_id, sku, quantity_sold, unit_price_uah) VALUES (206, 106, 'MITS-EE-4000', 1, 28832.67);
INSERT INTO invoice_lines (invoice_line_id, invoice_id, sku, quantity_sold, unit_price_uah) VALUES (207, 106, 'PG-ST-2000', 5, 12454.62);
INSERT INTO invoices (invoice_id, customer_id, invoice_date, total_amount) VALUES (107, 15, '2024-05-31', 378197.04);
INSERT INTO invoice_lines (invoice_line_id, invoice_id, sku, quantity_sold, unit_price_uah) VALUES (208, 107, 'BOSCH-IH-10K', 5, 53265.10);
INSERT INTO invoice_lines (invoice_line_id, invoice_id, sku, quantity_sold, unit_price_uah) VALUES (209, 107, 'CARRIER-CH-6000', 3, 34021.60);
INSERT INTO invoice_lines (invoice_line_id, invoice_id, sku, quantity_sold, unit_price_uah) VALUES (210, 107, 'MITS-CM-1500', 1, 9806.74);
INSERT INTO invoices (invoice_id, customer_id, invoice_date, total_amount) VALUES (108, 2, '2024-06-02', 17117.31);
INSERT INTO invoice_lines (invoice_line_id, invoice_id, sku, quantity_sold, unit_price_uah) VALUES (211, 108, 'HW-EC-3500', 1, 17117.31);
INSERT INTO invoices (invoice_id, customer_id, invoice_date, total_amount) VALUES (109, 10, '2024-06-05', 270187.32);
INSERT INTO invoice_lines (invoice_line_id, invoice_id, sku, quantity_sold, unit_price_uah) VALUES (212, 109, 'MITS-EE-4000', 3, 27850.94);
INSERT INTO invoice_lines (invoice_line_id, invoice_id, sku, quantity_sold, unit_price_uah) VALUES (213, 109, 'MITS-CM-1500', 3, 10136.70);
INSERT INTO invoice_lines (invoice_line_id, invoice_id, sku, quantity_sold, unit_price_uah) VALUES (214, 109, 'CARRIER-EE-3500', 5, 31244.88);
INSERT INTO invoices (invoice_id, customer_id, invoice_date, total_amount) VALUES (110, 1, '2024-06-06', 220573.74);
INSERT INTO invoice_lines (invoice_line_id, invoice_id, sku, quantity_sold, unit_price_uah) VALUES (215, 110, 'HW-EC-5000', 3, 24338.95);
INSERT INTO invoice_lines (invoice_line_id, invoice_id, sku, quantity_sold, unit_price_uah) VALUES (216, 110, 'CARRIER-SM-9000', 3, 49185.63);
INSERT INTO invoices (invoice_id, customer_id, invoice_date, total_amount) VALUES (111, 10, '2024-06-06', 152346.70);
INSERT INTO invoice_lines (invoice_line_id, invoice_id, sku, quantity_sold, unit_price_uah) VALUES (217, 111, 'MITS-HE-2500', 8, 17824.21);
INSERT INTO invoice_lines (invoice_line_id, invoice_id, sku, quantity_sold, unit_price_uah) VALUES (218, 111, 'HW-BS-2500', 1, 9753.02);
INSERT INTO invoices (invoice_id, customer_id, invoice_date, total_amount) VALUES (112, 6, '2024-06-08', 374109.96);
INSERT INTO invoice_lines (invoice_line_id, invoice_id, sku, quantity_sold, unit_price_uah) VALUES (219, 112, 'MITS-HE-5000', 2, 30418.58);
INSERT INTO invoice_lines (invoice_line_id, invoice_id, sku, quantity_sold, unit_price_uah) VALUES (220, 112, 'CARRIER-HP-12K', 5, 62654.56);
INSERT INTO invoices (invoice_id, customer_id, invoice_date, total_amount) VALUES (113, 2, '2024-06-08', 806266.25);
INSERT INTO invoice_lines (invoice_line_id, invoice_id, sku, quantity_sold, unit_price_uah) VALUES (221, 113, 'MITS-CM-1500', 5, 10806.77);
INSERT INTO invoice_lines (invoice_line_id, invoice_id, sku, quantity_sold, unit_price_uah) VALUES (222, 113, 'BOSCH-IP-15K', 10, 75223.24);
INSERT INTO invoices (invoice_id, customer_id, invoice_date, total_amount) VALUES (114, 7, '2024-06-09', 24100.06);
INSERT INTO invoice_lines (invoice_line_id, invoice_id, sku, quantity_sold, unit_price_uah) VALUES (223, 114, 'PG-TH-4000', 1, 24100.06);
INSERT INTO invoices (invoice_id, customer_id, invoice_date, total_amount) VALUES (115, 8, '2024-06-10', 44375.74);
INSERT INTO invoice_lines (invoice_line_id, invoice_id, sku, quantity_sold, unit_price_uah) VALUES (224, 115, 'HW-EC-5000', 2, 22187.87);
INSERT INTO invoices (invoice_id, customer_id, invoice_date, total_amount) VALUES (116, 7, '2024-06-10', 135992.04);
INSERT INTO invoice_lines (invoice_line_id, invoice_id, sku, quantity_sold, unit_price_uah) VALUES (225, 116, 'BOSCH-IH-7500', 2, 39180.93);
INSERT INTO invoice_lines (invoice_line_id, invoice_id, sku, quantity_sold, unit_price_uah) VALUES (226, 116, 'MITS-EE-4000', 2, 28815.09);
INSERT INTO invoices (invoice_id, customer_id, invoice_date, total_amount) VALUES (117, 7, '2024-06-15', 371150.16);
INSERT INTO invoice_lines (invoice_line_id, invoice_id, sku, quantity_sold, unit_price_uah) VALUES (227, 117, 'CARRIER-CH-3000', 10, 20655.83);
INSERT INTO invoice_lines (invoice_line_id, invoice_id, sku, quantity_sold, unit_price_uah) VALUES (228, 117, 'CARRIER-CH-4500', 5, 27322.18);
INSERT INTO invoice_lines (invoice_line_id, invoice_id, sku, quantity_sold, unit_price_uah) VALUES (229, 117, 'BOSCH-IH-5000', 1, 27980.96);
INSERT INTO invoices (invoice_id, customer_id, invoice_date, total_amount) VALUES (118, 14, '2024-06-20', 385157.16);
INSERT INTO invoice_lines (invoice_line_id, invoice_id, sku, quantity_sold, unit_price_uah) VALUES (230, 118, 'MITS-HE-5000', 8, 27006.87);
INSERT INTO invoice_lines (invoice_line_id, invoice_id, sku, quantity_sold, unit_price_uah) VALUES (231, 118, 'HW-BS-2500', 3, 12624.65);
INSERT INTO invoice_lines (invoice_line_id, invoice_id, sku, quantity_sold, unit_price_uah) VALUES (232, 118, 'CARRIER-CH-4500', 5, 26245.65);
INSERT INTO invoices (invoice_id, customer_id, invoice_date, total_amount) VALUES (119, 2, '2024-06-23', 81911.36);
INSERT INTO invoice_lines (invoice_line_id, invoice_id, sku, quantity_sold, unit_price_uah) VALUES (233, 119, 'CARRIER-CH-3000', 1, 20833.58);
INSERT INTO invoice_lines (invoice_line_id, invoice_id, sku, quantity_sold, unit_price_uah) VALUES (234, 119, 'MITS-EE-4000', 2, 30538.89);

INSERT INTO invoices (invoice_id, customer_id, invoice_date, total_amount) VALUES (120, 3, '2024-06-26', 507063.48);
INSERT INTO invoice_lines (invoice_line_id, invoice_id, sku, quantity_sold, unit_price_uah) VALUES (235, 120, 'HW-BS-2500', 2, 13154.78);
INSERT INTO invoice_lines (invoice_line_id, invoice_id, sku, quantity_sold, unit_price_uah) VALUES (236, 120, 'BOSCH-SM-8000', 2, 51046.26);
INSERT INTO invoice_lines (invoice_line_id, invoice_id, sku, quantity_sold, unit_price_uah) VALUES (237, 120, 'BOSCH-IP-15K', 5, 75732.28);
INSERT INTO invoices (invoice_id, customer_id, invoice_date, total_amount) VALUES (121, 14, '2024-06-26', 362042.14);
INSERT INTO invoice_lines (invoice_line_id, invoice_id, sku, quantity_sold, unit_price_uah) VALUES (238, 121, 'BOSCH-IP-15K', 2, 71750.61);
INSERT INTO invoice_lines (invoice_line_id, invoice_id, sku, quantity_sold, unit_price_uah) VALUES (239, 121, 'CARRIER-CH-6000', 1, 38204.68);
INSERT INTO invoice_lines (invoice_line_id, invoice_id, sku, quantity_sold, unit_price_uah) VALUES (240, 121, 'PG-TH-4000', 8, 22542.03);
INSERT INTO invoices (invoice_id, customer_id, invoice_date, total_amount) VALUES (122, 2, '2024-06-28', 555282.79);
INSERT INTO invoice_lines (invoice_line_id, invoice_id, sku, quantity_sold, unit_price_uah) VALUES (241, 122, 'BOSCH-SM-8000', 1, 49340.53);
INSERT INTO invoice_lines (invoice_line_id, invoice_id, sku, quantity_sold, unit_price_uah) VALUES (242, 122, 'CARRIER-SM-9000', 8, 53527.08);
INSERT INTO invoice_lines (invoice_line_id, invoice_id, sku, quantity_sold, unit_price_uah) VALUES (243, 122, 'CARRIER-CH-4500', 3, 25908.54);
INSERT INTO invoices (invoice_id, customer_id, invoice_date, total_amount) VALUES (123, 13, '2024-06-28', 827616.90);
INSERT INTO invoice_lines (invoice_line_id, invoice_id, sku, quantity_sold, unit_price_uah) VALUES (244, 123, 'BOSCH-IP-15K', 5, 75028.63);
INSERT INTO invoice_lines (invoice_line_id, invoice_id, sku, quantity_sold, unit_price_uah) VALUES (245, 123, 'BOSCH-IH-10K', 5, 49400.50);
INSERT INTO invoice_lines (invoice_line_id, invoice_id, sku, quantity_sold, unit_price_uah) VALUES (246, 123, 'MITS-SM-7000', 5, 41094.25);
INSERT INTO invoices (invoice_id, customer_id, invoice_date, total_amount) VALUES (124, 7, '2024-06-29', 312833.54);
INSERT INTO invoice_lines (invoice_line_id, invoice_id, sku, quantity_sold, unit_price_uah) VALUES (247, 124, 'MITS-HE-2500', 10, 14881.89);
INSERT INTO invoice_lines (invoice_line_id, invoice_id, sku, quantity_sold, unit_price_uah) VALUES (248, 124, 'HW-EC-5000', 8, 20501.83);
INSERT INTO invoices (invoice_id, customer_id, invoice_date, total_amount) VALUES (125, 14, '2024-06-30', 121661.42);
INSERT INTO invoice_lines (invoice_line_id, invoice_id, sku, quantity_sold, unit_price_uah) VALUES (249, 125, 'MITS-HE-2500', 1, 16120.70);
INSERT INTO invoice_lines (invoice_line_id, invoice_id, sku, quantity_sold, unit_price_uah) VALUES (250, 125, 'MITS-EE-4000', 2, 32007.85);
INSERT INTO invoice_lines (invoice_line_id, invoice_id, sku, quantity_sold, unit_price_uah) VALUES (251, 125, 'HW-EC-5000', 2, 20762.51);
INSERT INTO invoices (invoice_id, customer_id, invoice_date, total_amount) VALUES (126, 2, '2024-07-01', 101475.26);
INSERT INTO invoice_lines (invoice_line_id, invoice_id, sku, quantity_sold, unit_price_uah) VALUES (252, 126, 'PG-ST-2000', 3, 13501.34);
INSERT INTO invoice_lines (invoice_line_id, invoice_id, sku, quantity_sold, unit_price_uah) VALUES (253, 126, 'CARRIER-HP-12K', 1, 60971.24);
INSERT INTO invoices (invoice_id, customer_id, invoice_date, total_amount) VALUES (127, 5, '2024-07-02', 484564.98);
INSERT INTO invoice_lines (invoice_line_id, invoice_id, sku, quantity_sold, unit_price_uah) VALUES (254, 127, 'CARRIER-EE-3500', 3, 29404.94);
INSERT INTO invoice_lines (invoice_line_id, invoice_id, sku, quantity_sold, unit_price_uah) VALUES (255, 127, 'CARRIER-SM-9000', 8, 49543.77);
INSERT INTO invoices (invoice_id, customer_id, invoice_date, total_amount) VALUES (128, 7, '2024-07-04', 251917.52);
INSERT INTO invoice_lines (invoice_line_id, invoice_id, sku, quantity_sold, unit_price_uah) VALUES (256, 128, 'MITS-EE-4000', 8, 31489.69);
INSERT INTO invoices (invoice_id, customer_id, invoice_date, total_amount) VALUES (129, 5, '2024-07-04', 421409.75);
INSERT INTO invoice_lines (invoice_line_id, invoice_id, sku, quantity_sold, unit_price_uah) VALUES (257, 129, 'BOSCH-IH-10K', 2, 53669.95);
INSERT INTO invoice_lines (invoice_line_id, invoice_id, sku, quantity_sold, unit_price_uah) VALUES (258, 129, 'CARRIER-HP-12K', 5, 62813.97);
INSERT INTO invoices (invoice_id, customer_id, invoice_date, total_amount) VALUES (130, 10, '2024-07-04', 180618.54);
INSERT INTO invoice_lines (invoice_line_id, invoice_id, sku, quantity_sold, unit_price_uah) VALUES (259, 130, 'BOSCH-CM-1800', 5, 14472.15);
INSERT INTO invoice_lines (invoice_line_id, invoice_id, sku, quantity_sold, unit_price_uah) VALUES (260, 130, 'MITS-HE-5000', 3, 31696.91);
INSERT INTO invoice_lines (invoice_line_id, invoice_id, sku, quantity_sold, unit_price_uah) VALUES (261, 130, 'MITS-CM-1500', 1, 13167.06);
INSERT INTO invoices (invoice_id, customer_id, invoice_date, total_amount) VALUES (131, 13, '2024-07-06', 124393.01);
INSERT INTO invoice_lines (invoice_line_id, invoice_id, sku, quantity_sold, unit_price_uah) VALUES (262, 131, 'HW-EC-5000', 1, 23181.50);
INSERT INTO invoice_lines (invoice_line_id, invoice_id, sku, quantity_sold, unit_price_uah) VALUES (263, 131, 'CARRIER-CH-4500', 2, 27397.17);
INSERT INTO invoice_lines (invoice_line_id, invoice_id, sku, quantity_sold, unit_price_uah) VALUES (264, 131, 'HW-EC-3500', 3, 15472.39);
INSERT INTO invoices (invoice_id, customer_id, invoice_date, total_amount) VALUES (132, 5, '2024-07-07', 479109.40);
INSERT INTO invoice_lines (invoice_line_id, invoice_id, sku, quantity_sold, unit_price_uah) VALUES (265, 132, 'BOSCH-CM-1800', 5, 12657.86);
INSERT INTO invoice_lines (invoice_line_id, invoice_id, sku, quantity_sold, unit_price_uah) VALUES (266, 132, 'PG-TH-4000', 10, 22999.21);
INSERT INTO invoice_lines (invoice_line_id, invoice_id, sku, quantity_sold, unit_price_uah) VALUES (267, 132, 'PG-TH-3000', 10, 18582.80);
INSERT INTO invoices (invoice_id, customer_id, invoice_date, total_amount) VALUES (133, 4, '2024-07-07', 418228.40);
INSERT INTO invoice_lines (invoice_line_id, invoice_id, sku, quantity_sold, unit_price_uah) VALUES (268, 133, 'BOSCH-SM-8000', 8, 52278.55);
INSERT INTO invoices (invoice_id, customer_id, invoice_date, total_amount) VALUES (134, 9, '2024-07-07', 487507.20);
INSERT INTO invoice_lines (invoice_line_id, invoice_id, sku, quantity_sold, unit_price_uah) VALUES (269, 134, 'BOSCH-IH-10K', 10, 48750.72);
INSERT INTO invoices (invoice_id, customer_id, invoice_date, total_amount) VALUES (135, 6, '2024-07-08', 92220.36);
INSERT INTO invoice_lines (invoice_line_id, invoice_id, sku, quantity_sold, unit_price_uah) VALUES (270, 135, 'HW-BS-1500', 1, 7010.43);
INSERT INTO invoice_lines (invoice_line_id, invoice_id, sku, quantity_sold, unit_price_uah) VALUES (271, 135, 'MITS-EE-4000', 3, 28403.31);
INSERT INTO invoices (invoice_id, customer_id, invoice_date, total_amount) VALUES (136, 5, '2024-07-10', 184323.00);
INSERT INTO invoice_lines (invoice_line_id, invoice_id, sku, quantity_sold, unit_price_uah) VALUES (272, 136, 'CARRIER-HP-12K', 3, 61441.00);
INSERT INTO invoices (invoice_id, customer_id, invoice_date, total_amount) VALUES (137, 13, '2024-07-11', 146251.52);
INSERT INTO invoice_lines (invoice_line_id, invoice_id, sku, quantity_sold, unit_price_uah) VALUES (273, 137, 'MITS-HE-8000', 1, 42002.81);
INSERT INTO invoice_lines (invoice_line_id, invoice_id, sku, quantity_sold, unit_price_uah) VALUES (274, 137, 'HW-BS-1500', 2, 7418.10);
INSERT INTO invoice_lines (invoice_line_id, invoice_id, sku, quantity_sold, unit_price_uah) VALUES (275, 137, 'MITS-HE-5000', 3, 29804.17);
INSERT INTO invoices (invoice_id, customer_id, invoice_date, total_amount) VALUES (138, 15, '2024-07-14', 399607.89);
INSERT INTO invoice_lines (invoice_line_id, invoice_id, sku, quantity_sold, unit_price_uah) VALUES (276, 138, 'MITS-CM-1500', 5, 12188.01);
INSERT INTO invoice_lines (invoice_line_id, invoice_id, sku, quantity_sold, unit_price_uah) VALUES (277, 138, 'MITS-HE-8000', 8, 42333.48);
INSERT INTO invoices (invoice_id, customer_id, invoice_date, total_amount) VALUES (139, 1, '2024-07-16', 269960.80);
INSERT INTO invoice_lines (invoice_line_id, invoice_id, sku, quantity_sold, unit_price_uah) VALUES (278, 139, 'CARRIER-EE-3500', 10, 26996.08);

INSERT INTO invoices (invoice_id, customer_id, invoice_date, total_amount) VALUES (140, 1, '2024-07-17', 134654.60);
INSERT INTO invoice_lines (invoice_line_id, invoice_id, sku, quantity_sold, unit_price_uah) VALUES (279, 140, 'CARRIER-CH-4500', 5, 26930.92);
INSERT INTO invoices (invoice_id, customer_id, invoice_date, total_amount) VALUES (141, 11, '2024-07-20', 335780.05);
INSERT INTO invoice_lines (invoice_line_id, invoice_id, sku, quantity_sold, unit_price_uah) VALUES (280, 141, 'MITS-CM-1500', 8, 12269.10);
INSERT INTO invoice_lines (invoice_line_id, invoice_id, sku, quantity_sold, unit_price_uah) VALUES (281, 141, 'BOSCH-IH-7500', 3, 35806.87);
INSERT INTO invoice_lines (invoice_line_id, invoice_id, sku, quantity_sold, unit_price_uah) VALUES (282, 141, 'MITS-HE-2500', 8, 16275.83);
INSERT INTO invoices (invoice_id, customer_id, invoice_date, total_amount) VALUES (142, 5, '2024-07-20', 95103.36);
INSERT INTO invoice_lines (invoice_line_id, invoice_id, sku, quantity_sold, unit_price_uah) VALUES (283, 142, 'HW-BS-1500', 8, 7364.54);
INSERT INTO invoice_lines (invoice_line_id, invoice_id, sku, quantity_sold, unit_price_uah) VALUES (284, 142, 'MITS-HE-2500', 2, 18093.52);
INSERT INTO invoices (invoice_id, customer_id, invoice_date, total_amount) VALUES (143, 11, '2024-07-20', 67966.88);
INSERT INTO invoice_lines (invoice_line_id, invoice_id, sku, quantity_sold, unit_price_uah) VALUES (285, 143, 'CARRIER-HP-12K', 1, 67966.88);
INSERT INTO invoices (invoice_id, customer_id, invoice_date, total_amount) VALUES (144, 12, '2024-07-20', 294176.33);
INSERT INTO invoice_lines (invoice_line_id, invoice_id, sku, quantity_sold, unit_price_uah) VALUES (286, 144, 'BOSCH-SM-8000', 1, 48719.63);
INSERT INTO invoice_lines (invoice_line_id, invoice_id, sku, quantity_sold, unit_price_uah) VALUES (287, 144, 'HW-EC-5000', 10, 24545.67);
INSERT INTO invoices (invoice_id, customer_id, invoice_date, total_amount) VALUES (145, 10, '2024-07-23', 31850.82);
INSERT INTO invoice_lines (invoice_line_id, invoice_id, sku, quantity_sold, unit_price_uah) VALUES (288, 145, 'CARRIER-CH-6000', 1, 31850.82);
INSERT INTO invoices (invoice_id, customer_id, invoice_date, total_amount) VALUES (146, 8, '2024-07-23', 360045.30);
INSERT INTO invoice_lines (invoice_line_id, invoice_id, sku, quantity_sold, unit_price_uah) VALUES (289, 146, 'BOSCH-IP-15K', 5, 72009.06);
INSERT INTO invoices (invoice_id, customer_id, invoice_date, total_amount) VALUES (147, 2, '2024-07-24', 511553.38);
INSERT INTO invoice_lines (invoice_line_id, invoice_id, sku, quantity_sold, unit_price_uah) VALUES (290, 147, 'HW-EC-5000', 8, 24586.56);
INSERT INTO invoice_lines (invoice_line_id, invoice_id, sku, quantity_sold, unit_price_uah) VALUES (291, 147, 'MITS-EE-4000', 10, 31486.09);
INSERT INTO invoices (invoice_id, customer_id, invoice_date, total_amount) VALUES (148, 2, '2024-07-25', 412547.86);
INSERT INTO invoice_lines (invoice_line_id, invoice_id, sku, quantity_sold, unit_price_uah) VALUES (292, 148, 'CARRIER-CH-4500', 10, 28599.04);
INSERT INTO invoice_lines (invoice_line_id, invoice_id, sku, quantity_sold, unit_price_uah) VALUES (293, 148, 'CARRIER-HP-12K', 2, 63278.73);
INSERT INTO invoices (invoice_id, customer_id, invoice_date, total_amount) VALUES (149, 1, '2024-07-25', 48391.06);
INSERT INTO invoice_lines (invoice_line_id, invoice_id, sku, quantity_sold, unit_price_uah) VALUES (294, 149, 'CARRIER-CH-4500', 2, 24195.53);
INSERT INTO invoices (invoice_id, customer_id, invoice_date, total_amount) VALUES (150, 1, '2024-07-25', 120591.20);
INSERT INTO invoice_lines (invoice_line_id, invoice_id, sku, quantity_sold, unit_price_uah) VALUES (295, 150, 'HW-EC-2000', 10, 12059.12);
INSERT INTO invoices (invoice_id, customer_id, invoice_date, total_amount) VALUES (151, 14, '2024-07-27', 59132.18);
INSERT INTO invoice_lines (invoice_line_id, invoice_id, sku, quantity_sold, unit_price_uah) VALUES (296, 151, 'PG-ST-2000', 1, 12344.80);
INSERT INTO invoice_lines (invoice_line_id, invoice_id, sku, quantity_sold, unit_price_uah) VALUES (297, 151, 'CARRIER-CH-4500', 2, 23393.69);
INSERT INTO invoices (invoice_id, customer_id, invoice_date, total_amount) VALUES (152, 9, '2024-07-29', 204333.57);
INSERT INTO invoice_lines (invoice_line_id, invoice_id, sku, quantity_sold, unit_price_uah) VALUES (298, 152, 'HW-EC-5000', 1, 22071.57);
INSERT INTO invoice_lines (invoice_line_id, invoice_id, sku, quantity_sold, unit_price_uah) VALUES (299, 152, 'MITS-SM-7000', 3, 43723.01);
INSERT INTO invoice_lines (invoice_line_id, invoice_id, sku, quantity_sold, unit_price_uah) VALUES (300, 152, 'PG-TH-3000', 3, 17030.99);
INSERT INTO invoices (invoice_id, customer_id, invoice_date, total_amount) VALUES (153, 12, '2024-07-31', 43946.10);
INSERT INTO invoice_lines (invoice_line_id, invoice_id, sku, quantity_sold, unit_price_uah) VALUES (301, 153, 'MITS-HE-8000', 1, 43946.10);
INSERT INTO invoices (invoice_id, customer_id, invoice_date, total_amount) VALUES (154, 2, '2024-07-31', 385614.30);
INSERT INTO invoice_lines (invoice_line_id, invoice_id, sku, quantity_sold, unit_price_uah) VALUES (302, 154, 'MITS-SM-7000', 5, 37622.92);
INSERT INTO invoice_lines (invoice_line_id, invoice_id, sku, quantity_sold, unit_price_uah) VALUES (303, 154, 'BOSCH-HD-20K', 2, 98749.85);
INSERT INTO invoices (invoice_id, customer_id, invoice_date, total_amount) VALUES (155, 9, '2024-08-03', 580493.25);
INSERT INTO invoice_lines (invoice_line_id, invoice_id, sku, quantity_sold, unit_price_uah) VALUES (304, 155, 'CARRIER-CH-6000', 10, 34652.78);
INSERT INTO invoice_lines (invoice_line_id, invoice_id, sku, quantity_sold, unit_price_uah) VALUES (305, 155, 'BOSCH-SM-8000', 5, 46793.09);
INSERT INTO invoices (invoice_id, customer_id, invoice_date, total_amount) VALUES (156, 4, '2024-08-04', 123453.12);
INSERT INTO invoice_lines (invoice_line_id, invoice_id, sku, quantity_sold, unit_price_uah) VALUES (306, 156, 'HW-EC-3500', 8, 15431.64);
INSERT INTO invoices (invoice_id, customer_id, invoice_date, total_amount) VALUES (157, 10, '2024-08-07', 197417.60);
INSERT INTO invoice_lines (invoice_line_id, invoice_id, sku, quantity_sold, unit_price_uah) VALUES (307, 157, 'CARRIER-CH-3000', 10, 19741.76);
INSERT INTO invoices (invoice_id, customer_id, invoice_date, total_amount) VALUES (158, 6, '2024-08-09', 144409.02);
INSERT INTO invoice_lines (invoice_line_id, invoice_id, sku, quantity_sold, unit_price_uah) VALUES (308, 158, 'BOSCH-CM-1800', 3, 14341.24);
INSERT INTO invoice_lines (invoice_line_id, invoice_id, sku, quantity_sold, unit_price_uah) VALUES (309, 158, 'HW-EC-5000', 5, 20277.06);
INSERT INTO invoices (invoice_id, customer_id, invoice_date, total_amount) VALUES (159, 1, '2024-08-10', 240788.67);
INSERT INTO invoice_lines (invoice_line_id, invoice_id, sku, quantity_sold, unit_price_uah) VALUES (310, 159, 'MITS-SM-7000', 5, 40057.99);
INSERT INTO invoice_lines (invoice_line_id, invoice_id, sku, quantity_sold, unit_price_uah) VALUES (311, 159, 'CARRIER-CH-3000', 2, 20249.36);

INSERT INTO invoices (invoice_id, customer_id, invoice_date, total_amount) VALUES (160, 11, '2024-08-10', 258148.10);
INSERT INTO invoice_lines (invoice_line_id, invoice_id, sku, quantity_sold, unit_price_uah) VALUES (312, 160, 'HW-EC-5000', 10, 25814.81);
INSERT INTO invoices (invoice_id, customer_id, invoice_date, total_amount) VALUES (161, 14, '2024-08-12', 323014.40);
INSERT INTO invoice_lines (invoice_line_id, invoice_id, sku, quantity_sold, unit_price_uah) VALUES (313, 161, 'HW-EC-5000', 10, 20728.85);
INSERT INTO invoice_lines (invoice_line_id, invoice_id, sku, quantity_sold, unit_price_uah) VALUES (314, 161, 'CARRIER-CH-6000', 3, 38575.30);
INSERT INTO invoices (invoice_id, customer_id, invoice_date, total_amount) VALUES (162, 4, '2024-08-14', 389778.05);
INSERT INTO invoice_lines (invoice_line_id, invoice_id, sku, quantity_sold, unit_price_uah) VALUES (315, 162, 'MITS-EE-4000', 5, 30086.59);
INSERT INTO invoice_lines (invoice_line_id, invoice_id, sku, quantity_sold, unit_price_uah) VALUES (316, 162, 'HW-EC-2000', 5, 11586.35);
INSERT INTO invoice_lines (invoice_line_id, invoice_id, sku, quantity_sold, unit_price_uah) VALUES (317, 162, 'CARRIER-CH-6000', 5, 36282.67);
INSERT INTO invoices (invoice_id, customer_id, invoice_date, total_amount) VALUES (163, 11, '2024-08-14', 522307.25);
INSERT INTO invoice_lines (invoice_line_id, invoice_id, sku, quantity_sold, unit_price_uah) VALUES (318, 163, 'HW-BS-2500', 1, 13284.21);
INSERT INTO invoice_lines (invoice_line_id, invoice_id, sku, quantity_sold, unit_price_uah) VALUES (319, 163, 'BOSCH-IH-7500', 8, 36009.87);
INSERT INTO invoice_lines (invoice_line_id, invoice_id, sku, quantity_sold, unit_price_uah) VALUES (320, 163, 'MITS-HE-5000', 8, 27618.01);
INSERT INTO invoices (invoice_id, customer_id, invoice_date, total_amount) VALUES (164, 12, '2024-08-16', 33406.84);
INSERT INTO invoice_lines (invoice_line_id, invoice_id, sku, quantity_sold, unit_price_uah) VALUES (321, 164, 'HW-EC-3500', 2, 16703.42);
INSERT INTO invoices (invoice_id, customer_id, invoice_date, total_amount) VALUES (165, 14, '2024-08-18', 238790.60);
INSERT INTO invoice_lines (invoice_line_id, invoice_id, sku, quantity_sold, unit_price_uah) VALUES (322, 165, 'BOSCH-SM-8000', 5, 47758.12);
INSERT INTO invoices (invoice_id, customer_id, invoice_date, total_amount) VALUES (166, 6, '2024-08-18', 172824.92);
INSERT INTO invoice_lines (invoice_line_id, invoice_id, sku, quantity_sold, unit_price_uah) VALUES (323, 166, 'BOSCH-HD-20K', 2, 86412.46);
INSERT INTO invoices (invoice_id, customer_id, invoice_date, total_amount) VALUES (167, 4, '2024-08-19', 292084.90);
INSERT INTO invoice_lines (invoice_line_id, invoice_id, sku, quantity_sold, unit_price_uah) VALUES (324, 167, 'MITS-HE-5000', 10, 29208.49);
INSERT INTO invoices (invoice_id, customer_id, invoice_date, total_amount) VALUES (168, 1, '2024-08-20', 18526.74);
INSERT INTO invoice_lines (invoice_line_id, invoice_id, sku, quantity_sold, unit_price_uah) VALUES (325, 168, 'PG-TH-3000', 1, 18526.74);
INSERT INTO invoices (invoice_id, customer_id, invoice_date, total_amount) VALUES (169, 8, '2024-08-20', 165129.15);
INSERT INTO invoice_lines (invoice_line_id, invoice_id, sku, quantity_sold, unit_price_uah) VALUES (326, 169, 'MITS-EE-4000', 5, 33025.83);
INSERT INTO invoices (invoice_id, customer_id, invoice_date, total_amount) VALUES (170, 10, '2024-08-21', 304255.42);
INSERT INTO invoice_lines (invoice_line_id, invoice_id, sku, quantity_sold, unit_price_uah) VALUES (327, 170, 'PG-TH-4000', 5, 24009.60);
INSERT INTO invoice_lines (invoice_line_id, invoice_id, sku, quantity_sold, unit_price_uah) VALUES (328, 170, 'PG-ST-2000', 8, 14371.33);
INSERT INTO invoice_lines (invoice_line_id, invoice_id, sku, quantity_sold, unit_price_uah) VALUES (329, 170, 'CARRIER-CH-6000', 2, 34618.39);
INSERT INTO invoices (invoice_id, customer_id, invoice_date, total_amount) VALUES (171, 9, '2024-08-22', 77938.77);
INSERT INTO invoice_lines (invoice_line_id, invoice_id, sku, quantity_sold, unit_price_uah) VALUES (330, 171, 'CARRIER-CH-4500', 3, 25979.59);
INSERT INTO invoices (invoice_id, customer_id, invoice_date, total_amount) VALUES (172, 14, '2024-08-23', 227691.44);
INSERT INTO invoice_lines (invoice_line_id, invoice_id, sku, quantity_sold, unit_price_uah) VALUES (331, 172, 'CARRIER-EE-3500', 8, 28461.43);
INSERT INTO invoices (invoice_id, customer_id, invoice_date, total_amount) VALUES (173, 3, '2024-08-23', 357506.32);
INSERT INTO invoice_lines (invoice_line_id, invoice_id, sku, quantity_sold, unit_price_uah) VALUES (332, 173, 'MITS-HE-8000', 8, 44688.29);
INSERT INTO invoices (invoice_id, customer_id, invoice_date, total_amount) VALUES (174, 8, '2024-08-24', 57397.48);
INSERT INTO invoice_lines (invoice_line_id, invoice_id, sku, quantity_sold, unit_price_uah) VALUES (333, 174, 'MITS-HE-5000', 2, 28698.74);
INSERT INTO invoices (invoice_id, customer_id, invoice_date, total_amount) VALUES (175, 10, '2024-08-25', 135832.32);
INSERT INTO invoice_lines (invoice_line_id, invoice_id, sku, quantity_sold, unit_price_uah) VALUES (334, 175, 'PG-TH-3000', 8, 16979.04);
INSERT INTO invoices (invoice_id, customer_id, invoice_date, total_amount) VALUES (176, 11, '2024-08-27', 551078.56);
INSERT INTO invoice_lines (invoice_line_id, invoice_id, sku, quantity_sold, unit_price_uah) VALUES (335, 176, 'BOSCH-IH-10K', 8, 51116.12);
INSERT INTO invoice_lines (invoice_line_id, invoice_id, sku, quantity_sold, unit_price_uah) VALUES (336, 176, 'MITS-HE-8000', 3, 47383.20);
INSERT INTO invoices (invoice_id, customer_id, invoice_date, total_amount) VALUES (177, 11, '2024-08-27', 32787.78);
INSERT INTO invoice_lines (invoice_line_id, invoice_id, sku, quantity_sold, unit_price_uah) VALUES (337, 177, 'HW-EC-3500', 2, 16393.89);
INSERT INTO invoices (invoice_id, customer_id, invoice_date, total_amount) VALUES (178, 3, '2024-08-28', 220283.80);
INSERT INTO invoice_lines (invoice_line_id, invoice_id, sku, quantity_sold, unit_price_uah) VALUES (338, 178, 'MITS-HE-8000', 5, 44056.76);
INSERT INTO invoices (invoice_id, customer_id, invoice_date, total_amount) VALUES (179, 12, '2024-08-28', 155624.00);
INSERT INTO invoice_lines (invoice_line_id, invoice_id, sku, quantity_sold, unit_price_uah) VALUES (339, 179, 'HW-EC-3500', 10, 15562.40);

INSERT INTO invoices (invoice_id, customer_id, invoice_date, total_amount) VALUES (180, 14, '2024-08-28', 843373.71);
INSERT INTO invoice_lines (invoice_line_id, invoice_id, sku, quantity_sold, unit_price_uah) VALUES (340, 180, 'CARRIER-CH-6000', 1, 38461.43);
INSERT INTO invoice_lines (invoice_line_id, invoice_id, sku, quantity_sold, unit_price_uah) VALUES (341, 180, 'HW-BS-2500', 1, 13581.48);
INSERT INTO invoice_lines (invoice_line_id, invoice_id, sku, quantity_sold, unit_price_uah) VALUES (342, 180, 'BOSCH-HD-20K', 8, 98916.35);
INSERT INTO invoices (invoice_id, customer_id, invoice_date, total_amount) VALUES (181, 13, '2024-08-29', 397633.26);
INSERT INTO invoice_lines (invoice_line_id, invoice_id, sku, quantity_sold, unit_price_uah) VALUES (343, 181, 'CARRIER-HD-18K', 3, 90467.78);
INSERT INTO invoice_lines (invoice_line_id, invoice_id, sku, quantity_sold, unit_price_uah) VALUES (344, 181, 'MITS-HE-2500', 8, 15778.74);
INSERT INTO invoices (invoice_id, customer_id, invoice_date, total_amount) VALUES (182, 8, '2024-08-30', 484900.96);
INSERT INTO invoice_lines (invoice_line_id, invoice_id, sku, quantity_sold, unit_price_uah) VALUES (345, 182, 'BOSCH-IH-7500', 8, 37275.29);
INSERT INTO invoice_lines (invoice_line_id, invoice_id, sku, quantity_sold, unit_price_uah) VALUES (346, 182, 'PG-TH-4000', 8, 23337.33);
INSERT INTO invoices (invoice_id, customer_id, invoice_date, total_amount) VALUES (183, 6, '2024-08-30', 619385.44);
INSERT INTO invoice_lines (invoice_line_id, invoice_id, sku, quantity_sold, unit_price_uah) VALUES (347, 183, 'PG-TH-3000', 1, 20279.20);
INSERT INTO invoice_lines (invoice_line_id, invoice_id, sku, quantity_sold, unit_price_uah) VALUES (348, 183, 'HW-BS-2500', 2, 12283.60);
INSERT INTO invoice_lines (invoice_line_id, invoice_id, sku, quantity_sold, unit_price_uah) VALUES (349, 183, 'BOSCH-IP-15K', 8, 71817.38);
INSERT INTO invoices (invoice_id, customer_id, invoice_date, total_amount) VALUES (184, 8, '2024-08-30', 214707.40);
INSERT INTO invoice_lines (invoice_line_id, invoice_id, sku, quantity_sold, unit_price_uah) VALUES (350, 184, 'HW-BS-1500', 8, 7235.76);
INSERT INTO invoice_lines (invoice_line_id, invoice_id, sku, quantity_sold, unit_price_uah) VALUES (351, 184, 'MITS-HE-8000', 2, 42092.58);
INSERT INTO invoice_lines (invoice_line_id, invoice_id, sku, quantity_sold, unit_price_uah) VALUES (352, 184, 'BOSCH-IH-7500', 2, 36318.08);
INSERT INTO invoices (invoice_id, customer_id, invoice_date, total_amount) VALUES (185, 14, '2024-08-31', 115723.10);
INSERT INTO invoice_lines (invoice_line_id, invoice_id, sku, quantity_sold, unit_price_uah) VALUES (353, 185, 'CARRIER-CH-4500', 5, 23144.62);
INSERT INTO invoices (invoice_id, customer_id, invoice_date, total_amount) VALUES (186, 1, '2024-09-01', 51802.92);
INSERT INTO invoice_lines (invoice_line_id, invoice_id, sku, quantity_sold, unit_price_uah) VALUES (354, 186, 'PG-TH-3000', 3, 17267.64);
INSERT INTO invoices (invoice_id, customer_id, invoice_date, total_amount) VALUES (187, 4, '2024-09-03', 215942.31);
INSERT INTO invoice_lines (invoice_line_id, invoice_id, sku, quantity_sold, unit_price_uah) VALUES (355, 187, 'HW-EC-3500', 8, 14282.87);
INSERT INTO invoice_lines (invoice_line_id, invoice_id, sku, quantity_sold, unit_price_uah) VALUES (356, 187, 'CARRIER-CH-3000', 5, 20335.87);
INSERT INTO invoices (invoice_id, customer_id, invoice_date, total_amount) VALUES (188, 12, '2024-09-04', 63200.18);
INSERT INTO invoice_lines (invoice_line_id, invoice_id, sku, quantity_sold, unit_price_uah) VALUES (357, 188, 'HW-EC-3500', 1, 17651.42);
INSERT INTO invoice_lines (invoice_line_id, invoice_id, sku, quantity_sold, unit_price_uah) VALUES (358, 188, 'PG-TH-4000', 2, 22774.38);
INSERT INTO invoices (invoice_id, customer_id, invoice_date, total_amount) VALUES (189, 11, '2024-09-06', 178024.61);
INSERT INTO invoice_lines (invoice_line_id, invoice_id, sku, quantity_sold, unit_price_uah) VALUES (359, 189, 'CARRIER-EE-3500', 5, 27600.49);
INSERT INTO invoice_lines (invoice_line_id, invoice_id, sku, quantity_sold, unit_price_uah) VALUES (360, 189, 'BOSCH-CM-1800', 3, 13340.72);
INSERT INTO invoices (invoice_id, customer_id, invoice_date, total_amount) VALUES (190, 12, '2024-09-06', 192599.66);
INSERT INTO invoice_lines (invoice_line_id, invoice_id, sku, quantity_sold, unit_price_uah) VALUES (361, 190, 'CARRIER-HP-12K', 3, 61264.76);
INSERT INTO invoice_lines (invoice_line_id, invoice_id, sku, quantity_sold, unit_price_uah) VALUES (362, 190, 'HW-EC-2000', 1, 8805.38);
INSERT INTO invoices (invoice_id, customer_id, invoice_date, total_amount) VALUES (191, 7, '2024-09-10', 126526.07);
INSERT INTO invoice_lines (invoice_line_id, invoice_id, sku, quantity_sold, unit_price_uah) VALUES (363, 191, 'BOSCH-IH-7500', 1, 34328.01);
INSERT INTO invoice_lines (invoice_line_id, invoice_id, sku, quantity_sold, unit_price_uah) VALUES (364, 191, 'BOSCH-HD-20K', 1, 92198.06);
INSERT INTO invoices (invoice_id, customer_id, invoice_date, total_amount) VALUES (192, 2, '2024-09-11', 424366.40);
INSERT INTO invoice_lines (invoice_line_id, invoice_id, sku, quantity_sold, unit_price_uah) VALUES (365, 192, 'CARRIER-HD-18K', 2, 91867.05);
INSERT INTO invoice_lines (invoice_line_id, invoice_id, sku, quantity_sold, unit_price_uah) VALUES (366, 192, 'MITS-HE-8000', 5, 48126.46);
INSERT INTO invoices (invoice_id, customer_id, invoice_date, total_amount) VALUES (193, 13, '2024-09-11', 453294.62);
INSERT INTO invoice_lines (invoice_line_id, invoice_id, sku, quantity_sold, unit_price_uah) VALUES (367, 193, 'CARRIER-EE-3500', 2, 25602.79);
INSERT INTO invoice_lines (invoice_line_id, invoice_id, sku, quantity_sold, unit_price_uah) VALUES (368, 193, 'BOSCH-IP-15K', 5, 72164.48);
INSERT INTO invoice_lines (invoice_line_id, invoice_id, sku, quantity_sold, unit_price_uah) VALUES (369, 193, 'MITS-SM-7000', 1, 41266.64);
INSERT INTO invoices (invoice_id, customer_id, invoice_date, total_amount) VALUES (194, 8, '2024-09-12', 50103.36);
INSERT INTO invoice_lines (invoice_line_id, invoice_id, sku, quantity_sold, unit_price_uah) VALUES (370, 194, 'HW-EC-3500', 3, 16701.12);
INSERT INTO invoices (invoice_id, customer_id, invoice_date, total_amount) VALUES (195, 14, '2024-09-13', 6911.26);
INSERT INTO invoice_lines (invoice_line_id, invoice_id, sku, quantity_sold, unit_price_uah) VALUES (371, 195, 'HW-BS-1500', 1, 6911.26);
INSERT INTO invoices (invoice_id, customer_id, invoice_date, total_amount) VALUES (196, 11, '2024-09-14', 57801.85);
INSERT INTO invoice_lines (invoice_line_id, invoice_id, sku, quantity_sold, unit_price_uah) VALUES (372, 196, 'BOSCH-CM-1800', 5, 11560.37);
INSERT INTO invoices (invoice_id, customer_id, invoice_date, total_amount) VALUES (197, 8, '2024-09-15', 46249.31);
INSERT INTO invoice_lines (invoice_line_id, invoice_id, sku, quantity_sold, unit_price_uah) VALUES (373, 197, 'MITS-HE-8000', 1, 46249.31);
INSERT INTO invoices (invoice_id, customer_id, invoice_date, total_amount) VALUES (198, 13, '2024-09-16', 191695.22);
INSERT INTO invoice_lines (invoice_line_id, invoice_id, sku, quantity_sold, unit_price_uah) VALUES (374, 198, 'BOSCH-CM-1800', 8, 13686.49);
INSERT INTO invoice_lines (invoice_line_id, invoice_id, sku, quantity_sold, unit_price_uah) VALUES (375, 198, 'PG-TH-3000', 5, 16440.66);
INSERT INTO invoices (invoice_id, customer_id, invoice_date, total_amount) VALUES (199, 4, '2024-09-16', 478052.49);
INSERT INTO invoice_lines (invoice_line_id, invoice_id, sku, quantity_sold, unit_price_uah) VALUES (376, 199, 'HW-EC-3500', 3, 15335.13);
INSERT INTO invoice_lines (invoice_line_id, invoice_id, sku, quantity_sold, unit_price_uah) VALUES (377, 199, 'MITS-HE-8000', 10, 43204.71);

INSERT INTO invoices (invoice_id, customer_id, invoice_date, total_amount) VALUES (200, 4, '2024-09-16', 98621.12);
INSERT INTO invoice_lines (invoice_line_id, invoice_id, sku, quantity_sold, unit_price_uah) VALUES (378, 200, 'BOSCH-SM-8000', 2, 49310.56);
INSERT INTO invoices (invoice_id, customer_id, invoice_date, total_amount) VALUES (201, 9, '2024-09-17', 227006.05);
INSERT INTO invoice_lines (invoice_line_id, invoice_id, sku, quantity_sold, unit_price_uah) VALUES (379, 201, 'BOSCH-SM-8000', 5, 45401.21);
INSERT INTO invoices (invoice_id, customer_id, invoice_date, total_amount) VALUES (202, 4, '2024-09-18', 520075.15);
INSERT INTO invoice_lines (invoice_line_id, invoice_id, sku, quantity_sold, unit_price_uah) VALUES (380, 202, 'MITS-HE-5000', 3, 32736.25);
INSERT INTO invoice_lines (invoice_line_id, invoice_id, sku, quantity_sold, unit_price_uah) VALUES (381, 202, 'BOSCH-HD-20K', 5, 84373.28);
INSERT INTO invoices (invoice_id, customer_id, invoice_date, total_amount) VALUES (203, 11, '2024-09-20', 247039.06);
INSERT INTO invoice_lines (invoice_line_id, invoice_id, sku, quantity_sold, unit_price_uah) VALUES (382, 203, 'BOSCH-IH-7500', 5, 42118.24);
INSERT INTO invoice_lines (invoice_line_id, invoice_id, sku, quantity_sold, unit_price_uah) VALUES (383, 203, 'HW-EC-3500', 2, 18223.93);
INSERT INTO invoices (invoice_id, customer_id, invoice_date, total_amount) VALUES (204, 4, '2024-09-21', 240948.76);
INSERT INTO invoice_lines (invoice_line_id, invoice_id, sku, quantity_sold, unit_price_uah) VALUES (384, 204, 'HW-EC-3500', 1, 16373.93);
INSERT INTO invoice_lines (invoice_line_id, invoice_id, sku, quantity_sold, unit_price_uah) VALUES (385, 204, 'CARRIER-EE-3500', 5, 27722.65);
INSERT INTO invoice_lines (invoice_line_id, invoice_id, sku, quantity_sold, unit_price_uah) VALUES (386, 204, 'BOSCH-IH-5000', 3, 28653.86);
INSERT INTO invoices (invoice_id, customer_id, invoice_date, total_amount) VALUES (205, 6, '2024-09-22', 966377.04);
INSERT INTO invoice_lines (invoice_line_id, invoice_id, sku, quantity_sold, unit_price_uah) VALUES (387, 205, 'CARRIER-CH-6000', 8, 36235.24);
INSERT INTO invoice_lines (invoice_line_id, invoice_id, sku, quantity_sold, unit_price_uah) VALUES (388, 205, 'CARRIER-HD-18K', 8, 84561.89);
INSERT INTO invoices (invoice_id, customer_id, invoice_date, total_amount) VALUES (206, 13, '2024-09-24', 208502.96);
INSERT INTO invoice_lines (invoice_line_id, invoice_id, sku, quantity_sold, unit_price_uah) VALUES (389, 206, 'PG-TH-4000', 8, 24739.71);
INSERT INTO invoice_lines (invoice_line_id, invoice_id, sku, quantity_sold, unit_price_uah) VALUES (390, 206, 'HW-BS-2500', 1, 10585.28);
INSERT INTO invoices (invoice_id, customer_id, invoice_date, total_amount) VALUES (207, 4, '2024-09-24', 421068.02);
INSERT INTO invoice_lines (invoice_line_id, invoice_id, sku, quantity_sold, unit_price_uah) VALUES (391, 207, 'MITS-HE-8000', 5, 43261.51);
INSERT INTO invoice_lines (invoice_line_id, invoice_id, sku, quantity_sold, unit_price_uah) VALUES (392, 207, 'CARRIER-HP-12K', 3, 60485.09);
INSERT INTO invoice_lines (invoice_line_id, invoice_id, sku, quantity_sold, unit_price_uah) VALUES (393, 207, 'HW-EC-5000', 1, 23305.20);
INSERT INTO invoices (invoice_id, customer_id, invoice_date, total_amount) VALUES (208, 1, '2024-09-25', 936931.33);
INSERT INTO invoice_lines (invoice_line_id, invoice_id, sku, quantity_sold, unit_price_uah) VALUES (394, 208, 'CARRIER-CH-4500', 3, 25160.11);
INSERT INTO invoice_lines (invoice_line_id, invoice_id, sku, quantity_sold, unit_price_uah) VALUES (395, 208, 'MITS-SM-7000', 10, 39926.64);
INSERT INTO invoice_lines (invoice_line_id, invoice_id, sku, quantity_sold, unit_price_uah) VALUES (396, 208, 'BOSCH-HD-20K', 5, 92436.92);
INSERT INTO invoices (invoice_id, customer_id, invoice_date, total_amount) VALUES (209, 9, '2024-09-25', 77679.95);
INSERT INTO invoice_lines (invoice_line_id, invoice_id, sku, quantity_sold, unit_price_uah) VALUES (397, 209, 'BOSCH-SM-8000', 1, 51211.47);
INSERT INTO invoice_lines (invoice_line_id, invoice_id, sku, quantity_sold, unit_price_uah) VALUES (398, 209, 'BOSCH-IH-5000', 1, 26468.48);
INSERT INTO invoices (invoice_id, customer_id, invoice_date, total_amount) VALUES (210, 9, '2024-09-27', 187581.21);
INSERT INTO invoice_lines (invoice_line_id, invoice_id, sku, quantity_sold, unit_price_uah) VALUES (399, 210, 'HW-EC-3500', 1, 14246.21);
INSERT INTO invoice_lines (invoice_line_id, invoice_id, sku, quantity_sold, unit_price_uah) VALUES (400, 210, 'PG-TH-3000', 10, 17333.50);
INSERT INTO invoices (invoice_id, customer_id, invoice_date, total_amount) VALUES (211, 12, '2024-09-27', 41839.59);
INSERT INTO invoice_lines (invoice_line_id, invoice_id, sku, quantity_sold, unit_price_uah) VALUES (401, 211, 'MITS-HE-8000', 1, 41839.59);
INSERT INTO invoices (invoice_id, customer_id, invoice_date, total_amount) VALUES (212, 1, '2024-09-27', 152759.68);
INSERT INTO invoice_lines (invoice_line_id, invoice_id, sku, quantity_sold, unit_price_uah) VALUES (402, 212, 'MITS-CM-1500', 5, 12457.46);
INSERT INTO invoice_lines (invoice_line_id, invoice_id, sku, quantity_sold, unit_price_uah) VALUES (403, 212, 'MITS-EE-4000', 3, 30157.46);
INSERT INTO invoices (invoice_id, customer_id, invoice_date, total_amount) VALUES (213, 2, '2024-09-27', 90448.60);
INSERT INTO invoice_lines (invoice_line_id, invoice_id, sku, quantity_sold, unit_price_uah) VALUES (404, 213, 'BOSCH-SM-8000', 2, 45224.30);
INSERT INTO invoices (invoice_id, customer_id, invoice_date, total_amount) VALUES (214, 8, '2024-09-30', 114757.36);
INSERT INTO invoice_lines (invoice_line_id, invoice_id, sku, quantity_sold, unit_price_uah) VALUES (405, 214, 'CARRIER-HP-12K', 2, 57378.68);
INSERT INTO invoices (invoice_id, customer_id, invoice_date, total_amount) VALUES (215, 11, '2024-10-04', 31488.36);
INSERT INTO invoice_lines (invoice_line_id, invoice_id, sku, quantity_sold, unit_price_uah) VALUES (406, 215, 'MITS-CM-1500', 3, 10496.12);
INSERT INTO invoices (invoice_id, customer_id, invoice_date, total_amount) VALUES (216, 3, '2024-10-06', 51894.60);
INSERT INTO invoice_lines (invoice_line_id, invoice_id, sku, quantity_sold, unit_price_uah) VALUES (407, 216, 'MITS-HE-2500', 3, 17298.20);
INSERT INTO invoices (invoice_id, customer_id, invoice_date, total_amount) VALUES (217, 5, '2024-10-06', 25654.34);
INSERT INTO invoice_lines (invoice_line_id, invoice_id, sku, quantity_sold, unit_price_uah) VALUES (408, 217, 'CARRIER-CH-4500', 1, 25654.34);
INSERT INTO invoices (invoice_id, customer_id, invoice_date, total_amount) VALUES (218, 12, '2024-10-07', 32531.19);
INSERT INTO invoice_lines (invoice_line_id, invoice_id, sku, quantity_sold, unit_price_uah) VALUES (409, 218, 'MITS-CM-1500', 3, 10843.73);
INSERT INTO invoices (invoice_id, customer_id, invoice_date, total_amount) VALUES (219, 5, '2024-10-09', 347937.76);
INSERT INTO invoice_lines (invoice_line_id, invoice_id, sku, quantity_sold, unit_price_uah) VALUES (410, 219, 'MITS-HE-8000', 1, 42861.69);
INSERT INTO invoice_lines (invoice_line_id, invoice_id, sku, quantity_sold, unit_price_uah) VALUES (411, 219, 'CARRIER-HD-18K', 2, 86249.09);
INSERT INTO invoice_lines (invoice_line_id, invoice_id, sku, quantity_sold, unit_price_uah) VALUES (412, 219, 'BOSCH-SM-8000', 3, 44192.63);

INSERT INTO invoices (invoice_id, customer_id, invoice_date, total_amount) VALUES (220, 1, '2024-10-10', 943372.84);
INSERT INTO invoice_lines (invoice_line_id, invoice_id, sku, quantity_sold, unit_price_uah) VALUES (413, 220, 'CARRIER-HD-18K', 8, 80033.46);
INSERT INTO invoice_lines (invoice_line_id, invoice_id, sku, quantity_sold, unit_price_uah) VALUES (414, 220, 'BOSCH-IH-10K', 5, 49352.30);
INSERT INTO invoice_lines (invoice_line_id, invoice_id, sku, quantity_sold, unit_price_uah) VALUES (415, 220, 'BOSCH-IH-5000', 2, 28171.83);
INSERT INTO invoices (invoice_id, customer_id, invoice_date, total_amount) VALUES (221, 14, '2024-10-12', 85283.07);
INSERT INTO invoice_lines (invoice_line_id, invoice_id, sku, quantity_sold, unit_price_uah) VALUES (416, 221, 'PG-ST-2000', 5, 13011.75);
INSERT INTO invoice_lines (invoice_line_id, invoice_id, sku, quantity_sold, unit_price_uah) VALUES (417, 221, 'CARRIER-CH-3000', 1, 20224.32);
INSERT INTO invoices (invoice_id, customer_id, invoice_date, total_amount) VALUES (222, 12, '2024-10-13', 115250.88);
INSERT INTO invoice_lines (invoice_line_id, invoice_id, sku, quantity_sold, unit_price_uah) VALUES (418, 222, 'PG-ST-2000', 8, 14406.36);
INSERT INTO invoices (invoice_id, customer_id, invoice_date, total_amount) VALUES (223, 14, '2024-10-13', 469267.09);
INSERT INTO invoice_lines (invoice_line_id, invoice_id, sku, quantity_sold, unit_price_uah) VALUES (419, 223, 'CARRIER-SM-9000', 8, 57190.12);
INSERT INTO invoice_lines (invoice_line_id, invoice_id, sku, quantity_sold, unit_price_uah) VALUES (420, 223, 'PG-ST-2000', 1, 11746.13);
INSERT INTO invoices (invoice_id, customer_id, invoice_date, total_amount) VALUES (224, 12, '2024-10-14', 103334.56);
INSERT INTO invoice_lines (invoice_line_id, invoice_id, sku, quantity_sold, unit_price_uah) VALUES (421, 224, 'CARRIER-CH-6000', 2, 35432.97);
INSERT INTO invoice_lines (invoice_line_id, invoice_id, sku, quantity_sold, unit_price_uah) VALUES (422, 224, 'MITS-HE-5000', 1, 32468.62);
INSERT INTO invoices (invoice_id, customer_id, invoice_date, total_amount) VALUES (225, 7, '2024-10-14', 812462.87);
INSERT INTO invoice_lines (invoice_line_id, invoice_id, sku, quantity_sold, unit_price_uah) VALUES (423, 225, 'CARRIER-SM-9000', 10, 51351.58);
INSERT INTO invoice_lines (invoice_line_id, invoice_id, sku, quantity_sold, unit_price_uah) VALUES (424, 225, 'BOSCH-IH-5000', 8, 24393.95);
INSERT INTO invoice_lines (invoice_line_id, invoice_id, sku, quantity_sold, unit_price_uah) VALUES (425, 225, 'CARRIER-CH-6000', 3, 34598.49);
INSERT INTO invoices (invoice_id, customer_id, invoice_date, total_amount) VALUES (226, 6, '2024-10-15', 244370.86);
INSERT INTO invoice_lines (invoice_line_id, invoice_id, sku, quantity_sold, unit_price_uah) VALUES (426, 226, 'CARRIER-CH-3000', 10, 19743.42);
INSERT INTO invoice_lines (invoice_line_id, invoice_id, sku, quantity_sold, unit_price_uah) VALUES (427, 226, 'CARRIER-SM-9000', 1, 46936.66);
INSERT INTO invoices (invoice_id, customer_id, invoice_date, total_amount) VALUES (227, 5, '2024-10-16', 60199.42);
INSERT INTO invoice_lines (invoice_line_id, invoice_id, sku, quantity_sold, unit_price_uah) VALUES (428, 227, 'HW-BS-2500', 2, 12748.87);
INSERT INTO invoice_lines (invoice_line_id, invoice_id, sku, quantity_sold, unit_price_uah) VALUES (429, 227, 'MITS-HE-2500', 2, 17350.84);
INSERT INTO invoices (invoice_id, customer_id, invoice_date, total_amount) VALUES (228, 10, '2024-10-16', 215113.35);
INSERT INTO invoice_lines (invoice_line_id, invoice_id, sku, quantity_sold, unit_price_uah) VALUES (430, 228, 'BOSCH-HD-20K', 2, 87105.02);
INSERT INTO invoice_lines (invoice_line_id, invoice_id, sku, quantity_sold, unit_price_uah) VALUES (431, 228, 'HW-BS-1500', 1, 8075.99);
INSERT INTO invoice_lines (invoice_line_id, invoice_id, sku, quantity_sold, unit_price_uah) VALUES (432, 228, 'MITS-CM-1500', 3, 10942.44);
INSERT INTO invoices (invoice_id, customer_id, invoice_date, total_amount) VALUES (229, 4, '2024-10-17', 401394.86);
INSERT INTO invoice_lines (invoice_line_id, invoice_id, sku, quantity_sold, unit_price_uah) VALUES (433, 229, 'MITS-SM-7000', 8, 40276.10);
INSERT INTO invoice_lines (invoice_line_id, invoice_id, sku, quantity_sold, unit_price_uah) VALUES (434, 229, 'BOSCH-IH-7500', 2, 39593.03);
INSERT INTO invoices (invoice_id, customer_id, invoice_date, total_amount) VALUES (230, 1, '2024-10-18', 242802.03);
INSERT INTO invoice_lines (invoice_line_id, invoice_id, sku, quantity_sold, unit_price_uah) VALUES (435, 230, 'PG-TH-3000', 3, 17230.49);
INSERT INTO invoice_lines (invoice_line_id, invoice_id, sku, quantity_sold, unit_price_uah) VALUES (436, 230, 'BOSCH-HD-20K', 2, 95555.28);
INSERT INTO invoices (invoice_id, customer_id, invoice_date, total_amount) VALUES (231, 3, '2024-10-19', 794915.76);
INSERT INTO invoice_lines (invoice_line_id, invoice_id, sku, quantity_sold, unit_price_uah) VALUES (437, 231, 'BOSCH-CM-1800', 8, 13559.77);
INSERT INTO invoice_lines (invoice_line_id, invoice_id, sku, quantity_sold, unit_price_uah) VALUES (438, 231, 'BOSCH-HD-20K', 8, 85804.70);
INSERT INTO invoices (invoice_id, customer_id, invoice_date, total_amount) VALUES (232, 2, '2024-10-21', 178283.81);
INSERT INTO invoice_lines (invoice_line_id, invoice_id, sku, quantity_sold, unit_price_uah) VALUES (439, 232, 'CARRIER-HD-18K', 2, 77275.84);
INSERT INTO invoice_lines (invoice_line_id, invoice_id, sku, quantity_sold, unit_price_uah) VALUES (440, 232, 'HW-EC-5000', 1, 23732.13);
INSERT INTO invoices (invoice_id, customer_id, invoice_date, total_amount) VALUES (233, 2, '2024-10-23', 146057.22);
INSERT INTO invoice_lines (invoice_line_id, invoice_id, sku, quantity_sold, unit_price_uah) VALUES (441, 233, 'BOSCH-IH-10K', 3, 48685.74);
INSERT INTO invoices (invoice_id, customer_id, invoice_date, total_amount) VALUES (234, 3, '2024-10-23', 249170.24);
INSERT INTO invoice_lines (invoice_line_id, invoice_id, sku, quantity_sold, unit_price_uah) VALUES (442, 234, 'PG-TH-3000', 5, 19724.41);
INSERT INTO invoice_lines (invoice_line_id, invoice_id, sku, quantity_sold, unit_price_uah) VALUES (443, 234, 'MITS-SM-7000', 2, 37205.52);
INSERT INTO invoice_lines (invoice_line_id, invoice_id, sku, quantity_sold, unit_price_uah) VALUES (444, 234, 'PG-TH-4000', 3, 25379.05);
INSERT INTO invoices (invoice_id, customer_id, invoice_date, total_amount) VALUES (235, 11, '2024-10-24', 81581.63);
INSERT INTO invoice_lines (invoice_line_id, invoice_id, sku, quantity_sold, unit_price_uah) VALUES (445, 235, 'CARRIER-CH-4500', 2, 28137.15);
INSERT INTO invoice_lines (invoice_line_id, invoice_id, sku, quantity_sold, unit_price_uah) VALUES (446, 235, 'PG-TH-4000', 1, 25307.33);
INSERT INTO invoices (invoice_id, customer_id, invoice_date, total_amount) VALUES (236, 12, '2024-10-24', 222866.52);
INSERT INTO invoice_lines (invoice_line_id, invoice_id, sku, quantity_sold, unit_price_uah) VALUES (447, 236, 'HW-EC-3500', 1, 17615.62);
INSERT INTO invoice_lines (invoice_line_id, invoice_id, sku, quantity_sold, unit_price_uah) VALUES (448, 236, 'CARRIER-EE-3500', 5, 26597.80);
INSERT INTO invoice_lines (invoice_line_id, invoice_id, sku, quantity_sold, unit_price_uah) VALUES (449, 236, 'CARRIER-CH-6000', 2, 36130.95);
INSERT INTO invoices (invoice_id, customer_id, invoice_date, total_amount) VALUES (237, 13, '2024-10-25', 165990.13);
INSERT INTO invoice_lines (invoice_line_id, invoice_id, sku, quantity_sold, unit_price_uah) VALUES (450, 237, 'HW-EC-3500', 8, 13952.74);
INSERT INTO invoice_lines (invoice_line_id, invoice_id, sku, quantity_sold, unit_price_uah) VALUES (451, 237, 'CARRIER-SM-9000', 1, 54368.21);
INSERT INTO invoices (invoice_id, customer_id, invoice_date, total_amount) VALUES (238, 11, '2024-10-25', 1167360.20);
INSERT INTO invoice_lines (invoice_line_id, invoice_id, sku, quantity_sold, unit_price_uah) VALUES (452, 238, 'CARRIER-CH-4500', 8, 25781.33);
INSERT INTO invoice_lines (invoice_line_id, invoice_id, sku, quantity_sold, unit_price_uah) VALUES (453, 238, 'BOSCH-HD-20K', 10, 92787.64);
INSERT INTO invoice_lines (invoice_line_id, invoice_id, sku, quantity_sold, unit_price_uah) VALUES (454, 238, 'HW-EC-2000', 3, 11077.72);
INSERT INTO invoices (invoice_id, customer_id, invoice_date, total_amount) VALUES (239, 5, '2024-10-26', 202323.60);
INSERT INTO invoice_lines (invoice_line_id, invoice_id, sku, quantity_sold, unit_price_uah) VALUES (455, 239, 'BOSCH-IH-7500', 5, 40464.72);

INSERT INTO invoices (invoice_id, customer_id, invoice_date, total_amount) VALUES (240, 14, '2024-10-27', 185088.15);
INSERT INTO invoice_lines (invoice_line_id, invoice_id, sku, quantity_sold, unit_price_uah) VALUES (456, 240, 'CARRIER-HP-12K', 3, 61696.05);
INSERT INTO invoices (invoice_id, customer_id, invoice_date, total_amount) VALUES (241, 2, '2024-10-27', 535345.39);
INSERT INTO invoice_lines (invoice_line_id, invoice_id, sku, quantity_sold, unit_price_uah) VALUES (457, 241, 'PG-TH-3000', 5, 18240.97);
INSERT INTO invoice_lines (invoice_line_id, invoice_id, sku, quantity_sold, unit_price_uah) VALUES (458, 241, 'MITS-SM-7000', 10, 41223.60);
INSERT INTO invoice_lines (invoice_line_id, invoice_id, sku, quantity_sold, unit_price_uah) VALUES (459, 241, 'MITS-HE-2500', 2, 15952.27);
INSERT INTO invoices (invoice_id, customer_id, invoice_date, total_amount) VALUES (242, 7, '2024-10-28', 616181.45);
INSERT INTO invoice_lines (invoice_line_id, invoice_id, sku, quantity_sold, unit_price_uah) VALUES (460, 242, 'MITS-SM-7000', 10, 45316.79);
INSERT INTO invoice_lines (invoice_line_id, invoice_id, sku, quantity_sold, unit_price_uah) VALUES (461, 242, 'MITS-HE-5000', 5, 32602.71);
INSERT INTO invoices (invoice_id, customer_id, invoice_date, total_amount) VALUES (243, 9, '2024-10-28', 704082.79);
INSERT INTO invoice_lines (invoice_line_id, invoice_id, sku, quantity_sold, unit_price_uah) VALUES (462, 243, 'MITS-SM-7000', 10, 40151.53);
INSERT INTO invoice_lines (invoice_line_id, invoice_id, sku, quantity_sold, unit_price_uah) VALUES (463, 243, 'BOSCH-IP-15K', 3, 72272.61);
INSERT INTO invoice_lines (invoice_line_id, invoice_id, sku, quantity_sold, unit_price_uah) VALUES (464, 243, 'MITS-EE-4000', 3, 28583.22);
INSERT INTO invoices (invoice_id, customer_id, invoice_date, total_amount) VALUES (244, 1, '2024-10-29', 344583.02);
INSERT INTO invoice_lines (invoice_line_id, invoice_id, sku, quantity_sold, unit_price_uah) VALUES (465, 244, 'CARRIER-HD-18K', 2, 79547.74);
INSERT INTO invoice_lines (invoice_line_id, invoice_id, sku, quantity_sold, unit_price_uah) VALUES (466, 244, 'CARRIER-CH-6000', 1, 36368.84);
INSERT INTO invoice_lines (invoice_line_id, invoice_id, sku, quantity_sold, unit_price_uah) VALUES (467, 244, 'HW-EC-3500', 10, 14911.87);
INSERT INTO invoices (invoice_id, customer_id, invoice_date, total_amount) VALUES (245, 6, '2024-11-01', 660339.91);
INSERT INTO invoice_lines (invoice_line_id, invoice_id, sku, quantity_sold, unit_price_uah) VALUES (468, 245, 'BOSCH-HD-20K', 3, 92679.69);
INSERT INTO invoice_lines (invoice_line_id, invoice_id, sku, quantity_sold, unit_price_uah) VALUES (469, 245, 'BOSCH-IP-15K', 5, 68406.86);
INSERT INTO invoice_lines (invoice_line_id, invoice_id, sku, quantity_sold, unit_price_uah) VALUES (470, 245, 'MITS-HE-8000', 1, 40266.54);
INSERT INTO invoices (invoice_id, customer_id, invoice_date, total_amount) VALUES (246, 2, '2024-11-03', 412596.65);
INSERT INTO invoice_lines (invoice_line_id, invoice_id, sku, quantity_sold, unit_price_uah) VALUES (471, 246, 'MITS-HE-8000', 8, 44510.00);
INSERT INTO invoice_lines (invoice_line_id, invoice_id, sku, quantity_sold, unit_price_uah) VALUES (472, 246, 'HW-EC-5000', 1, 23891.68);
INSERT INTO invoice_lines (invoice_line_id, invoice_id, sku, quantity_sold, unit_price_uah) VALUES (473, 246, 'MITS-CM-1500', 3, 10874.99);
INSERT INTO invoices (invoice_id, customer_id, invoice_date, total_amount) VALUES (247, 14, '2024-11-03', 286131.98);
INSERT INTO invoice_lines (invoice_line_id, invoice_id, sku, quantity_sold, unit_price_uah) VALUES (474, 247, 'HW-EC-5000', 1, 20388.98);
INSERT INTO invoice_lines (invoice_line_id, invoice_id, sku, quantity_sold, unit_price_uah) VALUES (475, 247, 'BOSCH-IH-10K', 5, 53148.60);
INSERT INTO invoices (invoice_id, customer_id, invoice_date, total_amount) VALUES (248, 2, '2024-11-03', 114449.42);
INSERT INTO invoice_lines (invoice_line_id, invoice_id, sku, quantity_sold, unit_price_uah) VALUES (476, 248, 'BOSCH-CM-1800', 3, 13162.24);
INSERT INTO invoice_lines (invoice_line_id, invoice_id, sku, quantity_sold, unit_price_uah) VALUES (477, 248, 'BOSCH-IP-15K', 1, 74962.70);
INSERT INTO invoices (invoice_id, customer_id, invoice_date, total_amount) VALUES (249, 15, '2024-11-05', 187401.30);
INSERT INTO invoice_lines (invoice_line_id, invoice_id, sku, quantity_sold, unit_price_uah) VALUES (478, 249, 'CARRIER-CH-3000', 10, 18740.13);
INSERT INTO invoices (invoice_id, customer_id, invoice_date, total_amount) VALUES (250, 10, '2024-11-05', 257245.38);
INSERT INTO invoice_lines (invoice_line_id, invoice_id, sku, quantity_sold, unit_price_uah) VALUES (479, 250, 'BOSCH-IH-7500', 3, 41373.48);
INSERT INTO invoice_lines (invoice_line_id, invoice_id, sku, quantity_sold, unit_price_uah) VALUES (480, 250, 'CARRIER-SM-9000', 2, 49122.15);
INSERT INTO invoice_lines (invoice_line_id, invoice_id, sku, quantity_sold, unit_price_uah) VALUES (481, 250, 'MITS-CM-1500', 3, 11626.88);
INSERT INTO invoices (invoice_id, customer_id, invoice_date, total_amount) VALUES (251, 10, '2024-11-06', 191270.01);
INSERT INTO invoice_lines (invoice_line_id, invoice_id, sku, quantity_sold, unit_price_uah) VALUES (482, 251, 'MITS-EE-4000', 5, 29481.38);
INSERT INTO invoice_lines (invoice_line_id, invoice_id, sku, quantity_sold, unit_price_uah) VALUES (483, 251, 'MITS-HE-8000', 1, 43863.11);
INSERT INTO invoices (invoice_id, customer_id, invoice_date, total_amount) VALUES (252, 6, '2024-11-08', 66212.66);
INSERT INTO invoice_lines (invoice_line_id, invoice_id, sku, quantity_sold, unit_price_uah) VALUES (484, 252, 'PG-TH-3000', 3, 17025.78);
INSERT INTO invoice_lines (invoice_line_id, invoice_id, sku, quantity_sold, unit_price_uah) VALUES (485, 252, 'HW-BS-1500', 2, 7567.66);
INSERT INTO invoices (invoice_id, customer_id, invoice_date, total_amount) VALUES (253, 10, '2024-11-08', 118341.45);
INSERT INTO invoice_lines (invoice_line_id, invoice_id, sku, quantity_sold, unit_price_uah) VALUES (486, 253, 'CARRIER-CH-4500', 5, 23668.29);
INSERT INTO invoices (invoice_id, customer_id, invoice_date, total_amount) VALUES (254, 14, '2024-11-08', 296744.33);
INSERT INTO invoice_lines (invoice_line_id, invoice_id, sku, quantity_sold, unit_price_uah) VALUES (487, 254, 'HW-BS-1500', 3, 8597.31);
INSERT INTO invoice_lines (invoice_line_id, invoice_id, sku, quantity_sold, unit_price_uah) VALUES (488, 254, 'BOSCH-IH-10K', 5, 54190.48);
INSERT INTO invoices (invoice_id, customer_id, invoice_date, total_amount) VALUES (255, 12, '2024-11-09', 784996.05);
INSERT INTO invoice_lines (invoice_line_id, invoice_id, sku, quantity_sold, unit_price_uah) VALUES (489, 255, 'CARRIER-HD-18K', 2, 86409.00);
INSERT INTO invoice_lines (invoice_line_id, invoice_id, sku, quantity_sold, unit_price_uah) VALUES (490, 255, 'BOSCH-IH-10K', 5, 46650.25);
INSERT INTO invoice_lines (invoice_line_id, invoice_id, sku, quantity_sold, unit_price_uah) VALUES (491, 255, 'MITS-SM-7000', 10, 37892.68);
INSERT INTO invoices (invoice_id, customer_id, invoice_date, total_amount) VALUES (256, 15, '2024-11-11', 383821.52);
INSERT INTO invoice_lines (invoice_line_id, invoice_id, sku, quantity_sold, unit_price_uah) VALUES (492, 256, 'BOSCH-CM-1800', 10, 13105.37);
INSERT INTO invoice_lines (invoice_line_id, invoice_id, sku, quantity_sold, unit_price_uah) VALUES (493, 256, 'CARRIER-CH-3000', 2, 18134.03);
INSERT INTO invoice_lines (invoice_line_id, invoice_id, sku, quantity_sold, unit_price_uah) VALUES (494, 256, 'CARRIER-CH-4500', 8, 27062.47);
INSERT INTO invoices (invoice_id, customer_id, invoice_date, total_amount) VALUES (257, 9, '2024-11-11', 617362.54);
INSERT INTO invoice_lines (invoice_line_id, invoice_id, sku, quantity_sold, unit_price_uah) VALUES (495, 257, 'MITS-HE-2500', 1, 18002.10);
INSERT INTO invoice_lines (invoice_line_id, invoice_id, sku, quantity_sold, unit_price_uah) VALUES (496, 257, 'CARRIER-SM-9000', 10, 53509.94);
INSERT INTO invoice_lines (invoice_line_id, invoice_id, sku, quantity_sold, unit_price_uah) VALUES (497, 257, 'MITS-EE-4000', 2, 32130.52);
INSERT INTO invoices (invoice_id, customer_id, invoice_date, total_amount) VALUES (258, 4, '2024-11-12', 891583.12);
INSERT INTO invoice_lines (invoice_line_id, invoice_id, sku, quantity_sold, unit_price_uah) VALUES (498, 258, 'CARRIER-HD-18K', 8, 82935.76);
INSERT INTO invoice_lines (invoice_line_id, invoice_id, sku, quantity_sold, unit_price_uah) VALUES (499, 258, 'BOSCH-IH-5000', 8, 28512.13);
INSERT INTO invoices (invoice_id, customer_id, invoice_date, total_amount) VALUES (259, 6, '2024-11-12', 190306.78);
INSERT INTO invoice_lines (invoice_line_id, invoice_id, sku, quantity_sold, unit_price_uah) VALUES (500, 259, 'HW-BS-1500', 8, 6739.80);
INSERT INTO invoice_lines (invoice_line_id, invoice_id, sku, quantity_sold, unit_price_uah) VALUES (501, 259, 'CARRIER-EE-3500', 3, 28310.11);
INSERT INTO invoice_lines (invoice_line_id, invoice_id, sku, quantity_sold, unit_price_uah) VALUES (502, 259, 'CARRIER-SM-9000', 1, 51458.05);

INSERT INTO invoices (invoice_id, customer_id, invoice_date, total_amount) VALUES (260, 5, '2024-11-15', 149297.55);
INSERT INTO invoice_lines (invoice_line_id, invoice_id, sku, quantity_sold, unit_price_uah) VALUES (503, 260, 'MITS-HE-5000', 5, 29859.51);
INSERT INTO invoices (invoice_id, customer_id, invoice_date, total_amount) VALUES (261, 15, '2024-11-17', 49295.51);
INSERT INTO invoice_lines (invoice_line_id, invoice_id, sku, quantity_sold, unit_price_uah) VALUES (504, 261, 'PG-TH-3000', 2, 17638.13);
INSERT INTO invoice_lines (invoice_line_id, invoice_id, sku, quantity_sold, unit_price_uah) VALUES (505, 261, 'HW-EC-3500', 1, 14019.25);
INSERT INTO invoices (invoice_id, customer_id, invoice_date, total_amount) VALUES (262, 1, '2024-11-18', 36230.95);
INSERT INTO invoice_lines (invoice_line_id, invoice_id, sku, quantity_sold, unit_price_uah) VALUES (506, 262, 'HW-BS-1500', 5, 7246.19);
INSERT INTO invoices (invoice_id, customer_id, invoice_date, total_amount) VALUES (263, 9, '2024-11-19', 208582.83);
INSERT INTO invoice_lines (invoice_line_id, invoice_id, sku, quantity_sold, unit_price_uah) VALUES (507, 263, 'BOSCH-HD-20K', 1, 89902.73);
INSERT INTO invoice_lines (invoice_line_id, invoice_id, sku, quantity_sold, unit_price_uah) VALUES (508, 263, 'HW-EC-2000', 10, 11868.01);
INSERT INTO invoices (invoice_id, customer_id, invoice_date, total_amount) VALUES (264, 7, '2024-11-19', 189270.20);
INSERT INTO invoice_lines (invoice_line_id, invoice_id, sku, quantity_sold, unit_price_uah) VALUES (509, 264, 'BOSCH-IH-7500', 5, 37854.04);
INSERT INTO invoices (invoice_id, customer_id, invoice_date, total_amount) VALUES (265, 3, '2024-11-19', 55784.32);
INSERT INTO invoice_lines (invoice_line_id, invoice_id, sku, quantity_sold, unit_price_uah) VALUES (510, 265, 'HW-BS-1500', 8, 6973.04);
INSERT INTO invoices (invoice_id, customer_id, invoice_date, total_amount) VALUES (266, 3, '2024-11-19', 57893.07);
INSERT INTO invoice_lines (invoice_line_id, invoice_id, sku, quantity_sold, unit_price_uah) VALUES (511, 266, 'HW-EC-5000', 3, 19297.69);
INSERT INTO invoices (invoice_id, customer_id, invoice_date, total_amount) VALUES (267, 3, '2024-11-22', 23604.15);
INSERT INTO invoice_lines (invoice_line_id, invoice_id, sku, quantity_sold, unit_price_uah) VALUES (512, 267, 'HW-EC-5000', 1, 23604.15);
INSERT INTO invoices (invoice_id, customer_id, invoice_date, total_amount) VALUES (268, 13, '2024-11-22', 250411.82);
INSERT INTO invoice_lines (invoice_line_id, invoice_id, sku, quantity_sold, unit_price_uah) VALUES (513, 268, 'MITS-HE-5000', 8, 27485.10);
INSERT INTO invoice_lines (invoice_line_id, invoice_id, sku, quantity_sold, unit_price_uah) VALUES (514, 268, 'BOSCH-CM-1800', 2, 15265.51);
INSERT INTO invoices (invoice_id, customer_id, invoice_date, total_amount) VALUES (269, 4, '2024-11-22', 217160.72);
INSERT INTO invoice_lines (invoice_line_id, invoice_id, sku, quantity_sold, unit_price_uah) VALUES (515, 269, 'BOSCH-IH-7500', 3, 39089.12);
INSERT INTO invoice_lines (invoice_line_id, invoice_id, sku, quantity_sold, unit_price_uah) VALUES (516, 269, 'MITS-CM-1500', 8, 12486.67);
INSERT INTO invoices (invoice_id, customer_id, invoice_date, total_amount) VALUES (270, 11, '2024-11-23', 56973.90);
INSERT INTO invoice_lines (invoice_line_id, invoice_id, sku, quantity_sold, unit_price_uah) VALUES (517, 270, 'CARRIER-SM-9000', 1, 56973.90);
INSERT INTO invoices (invoice_id, customer_id, invoice_date, total_amount) VALUES (271, 7, '2024-11-24', 73485.04);
INSERT INTO invoice_lines (invoice_line_id, invoice_id, sku, quantity_sold, unit_price_uah) VALUES (518, 271, 'HW-BS-2500', 2, 11473.37);
INSERT INTO invoice_lines (invoice_line_id, invoice_id, sku, quantity_sold, unit_price_uah) VALUES (519, 271, 'PG-TH-4000', 2, 25269.15);
INSERT INTO invoices (invoice_id, customer_id, invoice_date, total_amount) VALUES (272, 7, '2024-11-27', 633244.75);
INSERT INTO invoice_lines (invoice_line_id, invoice_id, sku, quantity_sold, unit_price_uah) VALUES (520, 272, 'BOSCH-IH-10K', 5, 53433.59);
INSERT INTO invoice_lines (invoice_line_id, invoice_id, sku, quantity_sold, unit_price_uah) VALUES (521, 272, 'PG-TH-3000', 8, 18451.02);
INSERT INTO invoice_lines (invoice_line_id, invoice_id, sku, quantity_sold, unit_price_uah) VALUES (522, 272, 'MITS-HE-5000', 8, 27308.58);
INSERT INTO invoices (invoice_id, customer_id, invoice_date, total_amount) VALUES (273, 13, '2024-11-28', 205974.25);
INSERT INTO invoice_lines (invoice_line_id, invoice_id, sku, quantity_sold, unit_price_uah) VALUES (523, 273, 'MITS-HE-8000', 5, 41194.85);
INSERT INTO invoices (invoice_id, customer_id, invoice_date, total_amount) VALUES (274, 12, '2024-11-29', 281174.93);
INSERT INTO invoice_lines (invoice_line_id, invoice_id, sku, quantity_sold, unit_price_uah) VALUES (524, 274, 'CARRIER-CH-3000', 10, 19316.53);
INSERT INTO invoice_lines (invoice_line_id, invoice_id, sku, quantity_sold, unit_price_uah) VALUES (525, 274, 'BOSCH-IH-10K', 1, 51785.66);
INSERT INTO invoice_lines (invoice_line_id, invoice_id, sku, quantity_sold, unit_price_uah) VALUES (526, 274, 'BOSCH-IH-7500', 1, 36223.97);
INSERT INTO invoices (invoice_id, customer_id, invoice_date, total_amount) VALUES (275, 4, '2024-12-01', 725477.20);
INSERT INTO invoice_lines (invoice_line_id, invoice_id, sku, quantity_sold, unit_price_uah) VALUES (527, 275, 'BOSCH-IP-15K', 10, 72547.72);
INSERT INTO invoices (invoice_id, customer_id, invoice_date, total_amount) VALUES (276, 8, '2024-12-01', 211483.02);
INSERT INTO invoice_lines (invoice_line_id, invoice_id, sku, quantity_sold, unit_price_uah) VALUES (528, 276, 'BOSCH-CM-1800', 2, 14247.79);
INSERT INTO invoice_lines (invoice_line_id, invoice_id, sku, quantity_sold, unit_price_uah) VALUES (529, 276, 'CARRIER-CH-3000', 8, 22873.43);
INSERT INTO invoices (invoice_id, customer_id, invoice_date, total_amount) VALUES (277, 15, '2024-12-01', 25866.25);
INSERT INTO invoice_lines (invoice_line_id, invoice_id, sku, quantity_sold, unit_price_uah) VALUES (530, 277, 'CARRIER-EE-3500', 1, 25866.25);
INSERT INTO invoices (invoice_id, customer_id, invoice_date, total_amount) VALUES (278, 14, '2024-12-02', 268516.06);
INSERT INTO invoice_lines (invoice_line_id, invoice_id, sku, quantity_sold, unit_price_uah) VALUES (531, 278, 'BOSCH-CM-1800', 2, 14458.92);
INSERT INTO invoice_lines (invoice_line_id, invoice_id, sku, quantity_sold, unit_price_uah) VALUES (532, 278, 'HW-EC-3500', 10, 14645.34);
INSERT INTO invoice_lines (invoice_line_id, invoice_id, sku, quantity_sold, unit_price_uah) VALUES (533, 278, 'MITS-HE-8000', 2, 46572.41);
INSERT INTO invoices (invoice_id, customer_id, invoice_date, total_amount) VALUES (279, 3, '2024-12-03', 609280.64);
INSERT INTO invoice_lines (invoice_line_id, invoice_id, sku, quantity_sold, unit_price_uah) VALUES (534, 279, 'BOSCH-SM-8000', 10, 46051.39);
INSERT INTO invoice_lines (invoice_line_id, invoice_id, sku, quantity_sold, unit_price_uah) VALUES (535, 279, 'BOSCH-IP-15K', 2, 74383.37);

INSERT INTO invoices (invoice_id, customer_id, invoice_date, total_amount) VALUES (280, 5, '2024-12-07', 414867.10);
INSERT INTO invoice_lines (invoice_line_id, invoice_id, sku, quantity_sold, unit_price_uah) VALUES (536, 280, 'CARRIER-SM-9000', 3, 51218.81);
INSERT INTO invoice_lines (invoice_line_id, invoice_id, sku, quantity_sold, unit_price_uah) VALUES (537, 280, 'HW-BS-1500', 1, 6968.07);
INSERT INTO invoice_lines (invoice_line_id, invoice_id, sku, quantity_sold, unit_price_uah) VALUES (538, 280, 'PG-TH-4000', 10, 25424.26);
INSERT INTO invoices (invoice_id, customer_id, invoice_date, total_amount) VALUES (281, 9, '2024-12-09', 404652.11);
INSERT INTO invoice_lines (invoice_line_id, invoice_id, sku, quantity_sold, unit_price_uah) VALUES (539, 281, 'CARRIER-CH-6000', 5, 36022.18);
INSERT INTO invoice_lines (invoice_line_id, invoice_id, sku, quantity_sold, unit_price_uah) VALUES (540, 281, 'MITS-SM-7000', 3, 41462.27);
INSERT INTO invoice_lines (invoice_line_id, invoice_id, sku, quantity_sold, unit_price_uah) VALUES (541, 281, 'MITS-CM-1500', 8, 12519.30);
INSERT INTO invoices (invoice_id, customer_id, invoice_date, total_amount) VALUES (282, 8, '2024-12-09', 276584.14);
INSERT INTO invoice_lines (invoice_line_id, invoice_id, sku, quantity_sold, unit_price_uah) VALUES (542, 282, 'CARRIER-CH-3000', 5, 17921.85);
INSERT INTO invoice_lines (invoice_line_id, invoice_id, sku, quantity_sold, unit_price_uah) VALUES (543, 282, 'HW-EC-5000', 8, 21955.22);
INSERT INTO invoice_lines (invoice_line_id, invoice_id, sku, quantity_sold, unit_price_uah) VALUES (544, 282, 'MITS-CM-1500', 1, 11333.13);
INSERT INTO invoices (invoice_id, customer_id, invoice_date, total_amount) VALUES (283, 7, '2024-12-10', 685610.10);
INSERT INTO invoice_lines (invoice_line_id, invoice_id, sku, quantity_sold, unit_price_uah) VALUES (545, 283, 'BOSCH-IH-7500', 8, 38960.51);
INSERT INTO invoice_lines (invoice_line_id, invoice_id, sku, quantity_sold, unit_price_uah) VALUES (546, 283, 'PG-ST-2000', 8, 12330.69);
INSERT INTO invoice_lines (invoice_line_id, invoice_id, sku, quantity_sold, unit_price_uah) VALUES (547, 283, 'BOSCH-IH-5000', 10, 27528.05);
INSERT INTO invoices (invoice_id, customer_id, invoice_date, total_amount) VALUES (284, 9, '2024-12-12', 95730.87);
INSERT INTO invoice_lines (invoice_line_id, invoice_id, sku, quantity_sold, unit_price_uah) VALUES (548, 284, 'PG-ST-2000', 2, 12335.03);
INSERT INTO invoice_lines (invoice_line_id, invoice_id, sku, quantity_sold, unit_price_uah) VALUES (549, 284, 'BOSCH-IH-10K', 1, 55648.95);
INSERT INTO invoice_lines (invoice_line_id, invoice_id, sku, quantity_sold, unit_price_uah) VALUES (550, 284, 'MITS-HE-2500', 1, 15411.86);
INSERT INTO invoices (invoice_id, customer_id, invoice_date, total_amount) VALUES (285, 9, '2024-12-12', 850754.66);
INSERT INTO invoice_lines (invoice_line_id, invoice_id, sku, quantity_sold, unit_price_uah) VALUES (551, 285, 'CARRIER-HD-18K', 10, 82428.95);
INSERT INTO invoice_lines (invoice_line_id, invoice_id, sku, quantity_sold, unit_price_uah) VALUES (552, 285, 'HW-EC-2000', 3, 8821.72);
INSERT INTO invoices (invoice_id, customer_id, invoice_date, total_amount) VALUES (286, 8, '2024-12-12', 280108.76);
INSERT INTO invoice_lines (invoice_line_id, invoice_id, sku, quantity_sold, unit_price_uah) VALUES (553, 286, 'MITS-EE-4000', 1, 30402.20);
INSERT INTO invoice_lines (invoice_line_id, invoice_id, sku, quantity_sold, unit_price_uah) VALUES (554, 286, 'BOSCH-SM-8000', 3, 47365.25);
INSERT INTO invoice_lines (invoice_line_id, invoice_id, sku, quantity_sold, unit_price_uah) VALUES (555, 286, 'CARRIER-CH-6000', 3, 35870.27);
INSERT INTO invoices (invoice_id, customer_id, invoice_date, total_amount) VALUES (287, 1, '2024-12-13', 55166.40);
INSERT INTO invoice_lines (invoice_line_id, invoice_id, sku, quantity_sold, unit_price_uah) VALUES (556, 287, 'HW-BS-1500', 8, 6895.80);
INSERT INTO invoices (invoice_id, customer_id, invoice_date, total_amount) VALUES (288, 3, '2024-12-15', 323342.14);
INSERT INTO invoice_lines (invoice_line_id, invoice_id, sku, quantity_sold, unit_price_uah) VALUES (557, 288, 'BOSCH-IH-7500', 3, 39688.68);
INSERT INTO invoice_lines (invoice_line_id, invoice_id, sku, quantity_sold, unit_price_uah) VALUES (558, 288, 'HW-EC-5000', 10, 20427.61);
INSERT INTO invoices (invoice_id, customer_id, invoice_date, total_amount) VALUES (289, 14, '2024-12-16', 790037.17);
INSERT INTO invoice_lines (invoice_line_id, invoice_id, sku, quantity_sold, unit_price_uah) VALUES (559, 289, 'BOSCH-SM-8000', 10, 51371.28);
INSERT INTO invoice_lines (invoice_line_id, invoice_id, sku, quantity_sold, unit_price_uah) VALUES (560, 289, 'BOSCH-IP-15K', 3, 73933.97);
INSERT INTO invoice_lines (invoice_line_id, invoice_id, sku, quantity_sold, unit_price_uah) VALUES (561, 289, 'CARRIER-CH-4500', 2, 27261.23);
INSERT INTO invoices (invoice_id, customer_id, invoice_date, total_amount) VALUES (290, 9, '2024-12-17', 152179.96);
INSERT INTO invoice_lines (invoice_line_id, invoice_id, sku, quantity_sold, unit_price_uah) VALUES (562, 290, 'BOSCH-CM-1800', 2, 12461.14);
INSERT INTO invoice_lines (invoice_line_id, invoice_id, sku, quantity_sold, unit_price_uah) VALUES (563, 290, 'MITS-HE-2500', 8, 15907.21);
INSERT INTO invoices (invoice_id, customer_id, invoice_date, total_amount) VALUES (291, 7, '2024-12-18', 156096.34);
INSERT INTO invoice_lines (invoice_line_id, invoice_id, sku, quantity_sold, unit_price_uah) VALUES (564, 291, 'BOSCH-IP-15K', 2, 78048.17);
INSERT INTO invoices (invoice_id, customer_id, invoice_date, total_amount) VALUES (292, 5, '2024-12-18', 119536.72);
INSERT INTO invoice_lines (invoice_line_id, invoice_id, sku, quantity_sold, unit_price_uah) VALUES (565, 292, 'MITS-HE-2500', 8, 14942.09);
INSERT INTO invoices (invoice_id, customer_id, invoice_date, total_amount) VALUES (293, 4, '2024-12-19', 149896.75);
INSERT INTO invoice_lines (invoice_line_id, invoice_id, sku, quantity_sold, unit_price_uah) VALUES (566, 293, 'MITS-EE-4000', 5, 29979.35);
INSERT INTO invoices (invoice_id, customer_id, invoice_date, total_amount) VALUES (294, 2, '2024-12-20', 283165.66);
INSERT INTO invoice_lines (invoice_line_id, invoice_id, sku, quantity_sold, unit_price_uah) VALUES (567, 294, 'CARRIER-CH-4500', 8, 28180.83);
INSERT INTO invoice_lines (invoice_line_id, invoice_id, sku, quantity_sold, unit_price_uah) VALUES (568, 294, 'HW-BS-1500', 2, 8991.35);
INSERT INTO invoice_lines (invoice_line_id, invoice_id, sku, quantity_sold, unit_price_uah) VALUES (569, 294, 'HW-BS-2500', 3, 13245.44);
INSERT INTO invoices (invoice_id, customer_id, invoice_date, total_amount) VALUES (295, 1, '2024-12-22', 217235.70);
INSERT INTO invoice_lines (invoice_line_id, invoice_id, sku, quantity_sold, unit_price_uah) VALUES (570, 295, 'CARRIER-HP-12K', 3, 61240.74);
INSERT INTO invoice_lines (invoice_line_id, invoice_id, sku, quantity_sold, unit_price_uah) VALUES (571, 295, 'MITS-HE-2500', 2, 16756.74);
INSERT INTO invoices (invoice_id, customer_id, invoice_date, total_amount) VALUES (296, 5, '2024-12-22', 103589.76);
INSERT INTO invoice_lines (invoice_line_id, invoice_id, sku, quantity_sold, unit_price_uah) VALUES (572, 296, 'HW-BS-2500', 8, 12948.72);
INSERT INTO invoices (invoice_id, customer_id, invoice_date, total_amount) VALUES (297, 8, '2024-12-25', 141813.11);
INSERT INTO invoice_lines (invoice_line_id, invoice_id, sku, quantity_sold, unit_price_uah) VALUES (573, 297, 'CARRIER-SM-9000', 1, 49151.66);
INSERT INTO invoice_lines (invoice_line_id, invoice_id, sku, quantity_sold, unit_price_uah) VALUES (574, 297, 'MITS-HE-5000', 3, 30887.15);
INSERT INTO invoices (invoice_id, customer_id, invoice_date, total_amount) VALUES (298, 8, '2024-12-25', 84326.60);
INSERT INTO invoice_lines (invoice_line_id, invoice_id, sku, quantity_sold, unit_price_uah) VALUES (575, 298, 'CARRIER-HD-18K', 1, 84326.60);
INSERT INTO invoices (invoice_id, customer_id, invoice_date, total_amount) VALUES (299, 4, '2024-12-26', 289762.21);
INSERT INTO invoice_lines (invoice_line_id, invoice_id, sku, quantity_sold, unit_price_uah) VALUES (576, 299, 'BOSCH-SM-8000', 3, 48820.57);
INSERT INTO invoice_lines (invoice_line_id, invoice_id, sku, quantity_sold, unit_price_uah) VALUES (577, 299, 'BOSCH-IH-5000', 2, 27511.69);
INSERT INTO invoice_lines (invoice_line_id, invoice_id, sku, quantity_sold, unit_price_uah) VALUES (578, 299, 'MITS-CM-1500', 8, 11034.64);

INSERT INTO invoices (invoice_id, customer_id, invoice_date, total_amount) VALUES (300, 6, '2024-12-27', 369881.39);
INSERT INTO invoice_lines (invoice_line_id, invoice_id, sku, quantity_sold, unit_price_uah) VALUES (579, 300, 'CARRIER-CH-4500', 2, 27862.61);
INSERT INTO invoice_lines (invoice_line_id, invoice_id, sku, quantity_sold, unit_price_uah) VALUES (580, 300, 'MITS-EE-4000', 10, 27280.30);
INSERT INTO invoice_lines (invoice_line_id, invoice_id, sku, quantity_sold, unit_price_uah) VALUES (581, 300, 'PG-ST-2000', 3, 13784.39);

-- Update sequences to current values
SELECT setval('vendors_vendor_id_seq', 4);
SELECT setval('customers_customer_id_seq', 15);
SELECT setval('purchase_orders_po_id_seq', 80);
SELECT setval('purchase_lots_lot_id_seq', 202);
SELECT setval('invoices_invoice_id_seq', 300);
SELECT setval('invoice_lines_invoice_line_id_seq', 581);

COMMIT;

-- Analyze tables for query optimization
ANALYZE;
